<stg><name>BF_cfb64_encrypt</name>


<trans_list>

<trans id="90" from="1" to="2">
<condition id="23">
<or_exp><and_exp></and_exp></or_exp>
</condition>
</trans>

<trans id="91" from="2" to="3">
<condition id="24">
<or_exp><and_exp><literal name="tmp_s" val="0"/>
<literal name="tmp_212" val="1"/>
</and_exp></or_exp>
</condition>
</trans>

<trans id="92" from="2" to="11">
<condition id="25">
<or_exp><and_exp><literal name="tmp_s" val="0"/>
<literal name="tmp_212" val="0"/>
</and_exp></or_exp>
</condition>
</trans>

<trans id="94" from="3" to="4">
<condition id="27">
<or_exp><and_exp></and_exp></or_exp>
</condition>
</trans>

<trans id="95" from="4" to="5">
<condition id="28">
<or_exp><and_exp></and_exp></or_exp>
</condition>
</trans>

<trans id="96" from="5" to="6">
<condition id="29">
<or_exp><and_exp></and_exp></or_exp>
</condition>
</trans>

<trans id="97" from="6" to="7">
<condition id="30">
<or_exp><and_exp></and_exp></or_exp>
</condition>
</trans>

<trans id="98" from="7" to="8">
<condition id="31">
<or_exp><and_exp></and_exp></or_exp>
</condition>
</trans>

<trans id="99" from="8" to="9">
<condition id="32">
<or_exp><and_exp></and_exp></or_exp>
</condition>
</trans>

<trans id="100" from="9" to="10">
<condition id="33">
<or_exp><and_exp></and_exp></or_exp>
</condition>
</trans>

<trans id="101" from="10" to="11">
<condition id="34">
<or_exp><and_exp></and_exp></or_exp>
</condition>
</trans>

<trans id="102" from="11" to="12">
<condition id="35">
<or_exp><and_exp></and_exp></or_exp>
</condition>
</trans>

<trans id="104" from="12" to="13">
<condition id="37">
<or_exp><and_exp></and_exp></or_exp>
</condition>
</trans>

<trans id="105" from="13" to="2">
<condition id="39">
<or_exp><and_exp></and_exp></or_exp>
</condition>
</trans>
</trans_list>



<state_list>

<state id="1" st_id="1">

<operation id="14" st_id="1" stage="1" lat="1">
<core>NULL</core>
<MemPortIdVec></MemPortIdVec>
<condition id="0">
<or_exp><and_exp></and_exp></or_exp>
</condition>

<Node id="8" bw="32" op_0_bw="32" op_1_bw="32">
<![CDATA[
.preheader6.preheader:0  %num_read_1 = call i32 @_ssdm_op_Read.ap_auto.i32(i32 %num_read)

]]></Node>
<StgValue><ssdm name="num_read_1"/></StgValue>
</operation>

<operation id="15" st_id="1" stage="1" lat="1">
<core>NULL</core>
<MemPortIdVec></MemPortIdVec>
<condition id="0">
<or_exp><and_exp></and_exp></or_exp>
</condition>

<Node id="9" bw="7" op_0_bw="7" op_1_bw="7">
<![CDATA[
.preheader6.preheader:1  %length_read = call i7 @_ssdm_op_Read.ap_auto.i7(i7 %length_r)

]]></Node>
<StgValue><ssdm name="length_read"/></StgValue>
</operation>

<operation id="16" st_id="1" stage="1" lat="1">
<core>NULL</core>
<MemPortIdVec></MemPortIdVec>
<condition id="0">
<or_exp><and_exp></and_exp></or_exp>
</condition>

<Node id="10" bw="32" op_0_bw="7">
<![CDATA[
.preheader6.preheader:2  %length_cast = sext i7 %length_read to i32

]]></Node>
<StgValue><ssdm name="length_cast"/></StgValue>
</operation>

<operation id="17" st_id="1" stage="1" lat="1">
<core>NULL</core>
<MemPortIdVec></MemPortIdVec>
<condition id="0">
<or_exp><and_exp></and_exp></or_exp>
</condition>

<Node id="11" bw="3" op_0_bw="8" op_1_bw="32" op_2_bw="32">
<![CDATA[
.preheader6.preheader:3  %ivec_addr = getelementptr [8 x i8]* %ivec, i32 0, i32 0

]]></Node>
<StgValue><ssdm name="ivec_addr"/></StgValue>
</operation>

<operation id="18" st_id="1" stage="1" lat="1">
<core>NULL</core>
<MemPortIdVec></MemPortIdVec>
<condition id="0">
<or_exp><and_exp></and_exp></or_exp>
</condition>

<Node id="12" bw="3" op_0_bw="8" op_1_bw="32" op_2_bw="32">
<![CDATA[
.preheader6.preheader:4  %iv = getelementptr [8 x i8]* %ivec, i32 0, i32 1

]]></Node>
<StgValue><ssdm name="iv"/></StgValue>
</operation>

<operation id="19" st_id="1" stage="1" lat="1">
<core>NULL</core>
<MemPortIdVec></MemPortIdVec>
<condition id="0">
<or_exp><and_exp></and_exp></or_exp>
</condition>

<Node id="13" bw="3" op_0_bw="8" op_1_bw="32" op_2_bw="32">
<![CDATA[
.preheader6.preheader:5  %iv_1 = getelementptr [8 x i8]* %ivec, i32 0, i32 2

]]></Node>
<StgValue><ssdm name="iv_1"/></StgValue>
</operation>

<operation id="20" st_id="1" stage="1" lat="1">
<core>NULL</core>
<MemPortIdVec></MemPortIdVec>
<condition id="0">
<or_exp><and_exp></and_exp></or_exp>
</condition>

<Node id="14" bw="3" op_0_bw="8" op_1_bw="32" op_2_bw="32">
<![CDATA[
.preheader6.preheader:6  %iv_2 = getelementptr [8 x i8]* %ivec, i32 0, i32 3

]]></Node>
<StgValue><ssdm name="iv_2"/></StgValue>
</operation>

<operation id="21" st_id="1" stage="1" lat="1">
<core>NULL</core>
<MemPortIdVec></MemPortIdVec>
<condition id="0">
<or_exp><and_exp></and_exp></or_exp>
</condition>

<Node id="15" bw="3" op_0_bw="8" op_1_bw="32" op_2_bw="32">
<![CDATA[
.preheader6.preheader:7  %iv_3 = getelementptr [8 x i8]* %ivec, i32 0, i32 4

]]></Node>
<StgValue><ssdm name="iv_3"/></StgValue>
</operation>

<operation id="22" st_id="1" stage="1" lat="1">
<core>NULL</core>
<MemPortIdVec></MemPortIdVec>
<condition id="0">
<or_exp><and_exp></and_exp></or_exp>
</condition>

<Node id="16" bw="3" op_0_bw="8" op_1_bw="32" op_2_bw="32">
<![CDATA[
.preheader6.preheader:8  %iv_4 = getelementptr [8 x i8]* %ivec, i32 0, i32 5

]]></Node>
<StgValue><ssdm name="iv_4"/></StgValue>
</operation>

<operation id="23" st_id="1" stage="1" lat="1">
<core>NULL</core>
<MemPortIdVec></MemPortIdVec>
<condition id="0">
<or_exp><and_exp></and_exp></or_exp>
</condition>

<Node id="17" bw="3" op_0_bw="8" op_1_bw="32" op_2_bw="32">
<![CDATA[
.preheader6.preheader:9  %iv_5 = getelementptr [8 x i8]* %ivec, i32 0, i32 6

]]></Node>
<StgValue><ssdm name="iv_5"/></StgValue>
</operation>

<operation id="24" st_id="1" stage="1" lat="1">
<core>NULL</core>
<MemPortIdVec></MemPortIdVec>
<condition id="0">
<or_exp><and_exp></and_exp></or_exp>
</condition>

<Node id="18" bw="3" op_0_bw="8" op_1_bw="32" op_2_bw="32">
<![CDATA[
.preheader6.preheader:10  %iv_6 = getelementptr [8 x i8]* %ivec, i32 0, i32 7

]]></Node>
<StgValue><ssdm name="iv_6"/></StgValue>
</operation>

<operation id="25" st_id="1" stage="1" lat="1">
<core>NULL</core>
<MemPortIdVec></MemPortIdVec>
<condition id="0">
<or_exp><and_exp></and_exp></or_exp>
</condition>

<Node id="19" bw="0" op_0_bw="0">
<![CDATA[
.preheader6.preheader:11  br label %.preheader6

]]></Node>
<StgValue><ssdm name=""/></StgValue>
</operation>
</state>

<state id="2" st_id="2">

<operation id="26" st_id="2" stage="1" lat="1">
<core>NULL</core>
<MemPortIdVec></MemPortIdVec>
<condition id="1">
<or_exp><and_exp></and_exp></or_exp>
</condition>

<Node id="21" bw="32" op_0_bw="32" op_1_bw="0">
<![CDATA[
.preheader6:0  %num_write_assign = phi i32 [ %n_cast, %._crit_edge ], [ %num_read_1, %.preheader6.preheader ]

]]></Node>
<StgValue><ssdm name="num_write_assign"/></StgValue>
</operation>

<operation id="27" st_id="2" stage="1" lat="1">
<core>NULL</core>
<MemPortIdVec></MemPortIdVec>
<condition id="1">
<or_exp><and_exp></and_exp></or_exp>
</condition>

<Node id="22" bw="32" op_0_bw="32" op_1_bw="0">
<![CDATA[
.preheader6:1  %l = phi i32 [ %l_9, %._crit_edge ], [ %length_cast, %.preheader6.preheader ]

]]></Node>
<StgValue><ssdm name="l"/></StgValue>
</operation>

<operation id="28" st_id="2" stage="1" lat="1">
<core>NULL</core>
<MemPortIdVec></MemPortIdVec>
<condition id="1">
<or_exp><and_exp></and_exp></or_exp>
</condition>

<Node id="23" bw="32" op_0_bw="32" op_1_bw="0">
<![CDATA[
.preheader6:2  %p_01_rec = phi i32 [ %p_rec4, %._crit_edge ], [ 0, %.preheader6.preheader ]

]]></Node>
<StgValue><ssdm name="p_01_rec"/></StgValue>
</operation>

<operation id="29" st_id="2" stage="1" lat="1">
<core>NULL</core>
<MemPortIdVec></MemPortIdVec>
<condition id="1">
<or_exp><and_exp></and_exp></or_exp>
</condition>

<Node id="24" bw="6" op_0_bw="7" op_1_bw="32" op_2_bw="32">
<![CDATA[
.preheader6:3  %in_addr = getelementptr [40 x i7]* %in_r, i32 0, i32 %p_01_rec

]]></Node>
<StgValue><ssdm name="in_addr"/></StgValue>
</operation>

<operation id="30" st_id="2" stage="1" lat="1">
<core>NULL</core>
<MemPortIdVec></MemPortIdVec>
<condition id="1">
<or_exp><and_exp></and_exp></or_exp>
</condition>

<Node id="25" bw="6" op_0_bw="8" op_1_bw="32" op_2_bw="32">
<![CDATA[
.preheader6:4  %out_addr = getelementptr [40 x i8]* %out_r, i32 0, i32 %p_01_rec

]]></Node>
<StgValue><ssdm name="out_addr"/></StgValue>
</operation>

<operation id="31" st_id="2" stage="1" lat="1">
<core>AddSub</core>
<MemPortIdVec></MemPortIdVec>
<condition id="1">
<or_exp><and_exp></and_exp></or_exp>
</condition>

<Node id="26" bw="32" op_0_bw="32" op_1_bw="32">
<![CDATA[
.preheader6:5  %l_9 = add nsw i32 %l, -1

]]></Node>
<StgValue><ssdm name="l_9"/></StgValue>
</operation>

<operation id="32" st_id="2" stage="1" lat="1">
<core>Cmp</core>
<MemPortIdVec></MemPortIdVec>
<condition id="1">
<or_exp><and_exp></and_exp></or_exp>
</condition>

<Node id="27" bw="1" op_0_bw="32" op_1_bw="32">
<![CDATA[
.preheader6:6  %tmp_s = icmp eq i32 %l, 0

]]></Node>
<StgValue><ssdm name="tmp_s"/></StgValue>
</operation>

<operation id="33" st_id="2" stage="1" lat="1">
<core>AddSub</core>
<MemPortIdVec></MemPortIdVec>
<condition id="1">
<or_exp><and_exp></and_exp></or_exp>
</condition>

<Node id="28" bw="32" op_0_bw="32" op_1_bw="32">
<![CDATA[
.preheader6:7  %p_rec4 = add i32 %p_01_rec, 1

]]></Node>
<StgValue><ssdm name="p_rec4"/></StgValue>
</operation>

<operation id="34" st_id="2" stage="1" lat="1">
<core>NULL</core>
<MemPortIdVec></MemPortIdVec>
<condition id="1">
<or_exp><and_exp></and_exp></or_exp>
</condition>

<Node id="29" bw="0" op_0_bw="1" op_1_bw="0" op_2_bw="0">
<![CDATA[
.preheader6:8  br i1 %tmp_s, label %.loopexit, label %0

]]></Node>
<StgValue><ssdm name=""/></StgValue>
</operation>

<operation id="35" st_id="2" stage="1" lat="1">
<core>Cmp</core>
<MemPortIdVec></MemPortIdVec>
<condition id="3">
<or_exp><and_exp><literal name="tmp_s" val="0"/>
</and_exp></or_exp>
</condition>

<Node id="31" bw="1" op_0_bw="32" op_1_bw="32">
<![CDATA[
:0  %tmp_212 = icmp eq i32 %num_write_assign, 0

]]></Node>
<StgValue><ssdm name="tmp_212"/></StgValue>
</operation>

<operation id="36" st_id="2" stage="1" lat="1">
<core>NULL</core>
<MemPortIdVec></MemPortIdVec>
<condition id="3">
<or_exp><and_exp><literal name="tmp_s" val="0"/>
</and_exp></or_exp>
</condition>

<Node id="32" bw="0" op_0_bw="1" op_1_bw="0" op_2_bw="0">
<![CDATA[
:1  br i1 %tmp_212, label %1, label %._crit_edge

]]></Node>
<StgValue><ssdm name=""/></StgValue>
</operation>

<operation id="37" st_id="2" stage="2" lat="2">
<core>RAM</core>
<MemPortIdVec>0 </MemPortIdVec>
<condition id="5">
<or_exp><and_exp><literal name="tmp_s" val="0"/>
<literal name="tmp_212" val="1"/>
</and_exp></or_exp>
</condition>

<Node id="34" bw="8" op_0_bw="3">
<![CDATA[
:0  %ivec_load = load i8* %ivec_addr, align 1

]]></Node>
<StgValue><ssdm name="ivec_load"/></StgValue>
</operation>

<operation id="38" st_id="2" stage="2" lat="2">
<core>RAM</core>
<MemPortIdVec>1 </MemPortIdVec>
<condition id="5">
<or_exp><and_exp><literal name="tmp_s" val="0"/>
<literal name="tmp_212" val="1"/>
</and_exp></or_exp>
</condition>

<Node id="35" bw="8" op_0_bw="3">
<![CDATA[
:1  %iv_load = load i8* %iv, align 1

]]></Node>
<StgValue><ssdm name="iv_load"/></StgValue>
</operation>

<operation id="39" st_id="2" stage="1" lat="1">
<core>NULL</core>
<MemPortIdVec></MemPortIdVec>
<condition id="7">
<or_exp><and_exp><literal name="tmp_s" val="1"/>
</and_exp></or_exp>
</condition>

<Node id="77" bw="0" op_0_bw="32">
<![CDATA[
.loopexit:0  ret i32 %num_write_assign

]]></Node>
<StgValue><ssdm name=""/></StgValue>
</operation>
</state>

<state id="3" st_id="3">

<operation id="40" st_id="3" stage="1" lat="2">
<core>RAM</core>
<MemPortIdVec>0 </MemPortIdVec>
<condition id="8">
<or_exp><and_exp></and_exp></or_exp>
</condition>

<Node id="34" bw="8" op_0_bw="3">
<![CDATA[
:0  %ivec_load = load i8* %ivec_addr, align 1

]]></Node>
<StgValue><ssdm name="ivec_load"/></StgValue>
</operation>

<operation id="41" st_id="3" stage="1" lat="2">
<core>RAM</core>
<MemPortIdVec>1 </MemPortIdVec>
<condition id="8">
<or_exp><and_exp></and_exp></or_exp>
</condition>

<Node id="35" bw="8" op_0_bw="3">
<![CDATA[
:1  %iv_load = load i8* %iv, align 1

]]></Node>
<StgValue><ssdm name="iv_load"/></StgValue>
</operation>

<operation id="42" st_id="3" stage="2" lat="2">
<core>RAM</core>
<MemPortIdVec>0 </MemPortIdVec>
<condition id="8">
<or_exp><and_exp></and_exp></or_exp>
</condition>

<Node id="36" bw="8" op_0_bw="3">
<![CDATA[
:2  %iv_1_load = load i8* %iv_1, align 1

]]></Node>
<StgValue><ssdm name="iv_1_load"/></StgValue>
</operation>

<operation id="43" st_id="3" stage="2" lat="2">
<core>RAM</core>
<MemPortIdVec>1 </MemPortIdVec>
<condition id="8">
<or_exp><and_exp></and_exp></or_exp>
</condition>

<Node id="37" bw="8" op_0_bw="3">
<![CDATA[
:3  %iv_2_load = load i8* %iv_2, align 1

]]></Node>
<StgValue><ssdm name="iv_2_load"/></StgValue>
</operation>
</state>

<state id="4" st_id="4">

<operation id="44" st_id="4" stage="1" lat="2">
<core>RAM</core>
<MemPortIdVec>0 </MemPortIdVec>
<condition id="9">
<or_exp><and_exp></and_exp></or_exp>
</condition>

<Node id="36" bw="8" op_0_bw="3">
<![CDATA[
:2  %iv_1_load = load i8* %iv_1, align 1

]]></Node>
<StgValue><ssdm name="iv_1_load"/></StgValue>
</operation>

<operation id="45" st_id="4" stage="1" lat="2">
<core>RAM</core>
<MemPortIdVec>1 </MemPortIdVec>
<condition id="9">
<or_exp><and_exp></and_exp></or_exp>
</condition>

<Node id="37" bw="8" op_0_bw="3">
<![CDATA[
:3  %iv_2_load = load i8* %iv_2, align 1

]]></Node>
<StgValue><ssdm name="iv_2_load"/></StgValue>
</operation>

<operation id="46" st_id="4" stage="2" lat="2">
<core>RAM</core>
<MemPortIdVec>0 </MemPortIdVec>
<condition id="9">
<or_exp><and_exp></and_exp></or_exp>
</condition>

<Node id="39" bw="8" op_0_bw="3">
<![CDATA[
:5  %iv_3_load = load i8* %iv_3, align 1

]]></Node>
<StgValue><ssdm name="iv_3_load"/></StgValue>
</operation>

<operation id="47" st_id="4" stage="2" lat="2">
<core>RAM</core>
<MemPortIdVec>1 </MemPortIdVec>
<condition id="9">
<or_exp><and_exp></and_exp></or_exp>
</condition>

<Node id="40" bw="8" op_0_bw="3">
<![CDATA[
:6  %iv_4_load = load i8* %iv_4, align 1

]]></Node>
<StgValue><ssdm name="iv_4_load"/></StgValue>
</operation>
</state>

<state id="5" st_id="5">

<operation id="48" st_id="5" stage="1" lat="2">
<core>RAM</core>
<MemPortIdVec>0 </MemPortIdVec>
<condition id="10">
<or_exp><and_exp></and_exp></or_exp>
</condition>

<Node id="39" bw="8" op_0_bw="3">
<![CDATA[
:5  %iv_3_load = load i8* %iv_3, align 1

]]></Node>
<StgValue><ssdm name="iv_3_load"/></StgValue>
</operation>

<operation id="49" st_id="5" stage="1" lat="2">
<core>RAM</core>
<MemPortIdVec>1 </MemPortIdVec>
<condition id="10">
<or_exp><and_exp></and_exp></or_exp>
</condition>

<Node id="40" bw="8" op_0_bw="3">
<![CDATA[
:6  %iv_4_load = load i8* %iv_4, align 1

]]></Node>
<StgValue><ssdm name="iv_4_load"/></StgValue>
</operation>

<operation id="50" st_id="5" stage="2" lat="2">
<core>RAM</core>
<MemPortIdVec>0 </MemPortIdVec>
<condition id="10">
<or_exp><and_exp></and_exp></or_exp>
</condition>

<Node id="41" bw="8" op_0_bw="3">
<![CDATA[
:7  %iv_5_load = load i8* %iv_5, align 1

]]></Node>
<StgValue><ssdm name="iv_5_load"/></StgValue>
</operation>

<operation id="51" st_id="5" stage="2" lat="2">
<core>RAM</core>
<MemPortIdVec>1 </MemPortIdVec>
<condition id="10">
<or_exp><and_exp></and_exp></or_exp>
</condition>

<Node id="42" bw="8" op_0_bw="3">
<![CDATA[
:8  %iv_6_load = load i8* %iv_6, align 1

]]></Node>
<StgValue><ssdm name="iv_6_load"/></StgValue>
</operation>
</state>

<state id="6" st_id="6">

<operation id="52" st_id="6" stage="1" lat="1">
<core>NULL</core>
<MemPortIdVec></MemPortIdVec>
<condition id="11">
<or_exp><and_exp></and_exp></or_exp>
</condition>

<Node id="38" bw="32" op_0_bw="32" op_1_bw="8" op_2_bw="8" op_3_bw="8" op_4_bw="8">
<![CDATA[
:4  %v0 = call i32 @_ssdm_op_BitConcatenate.i32.i8.i8.i8.i8(i8 %ivec_load, i8 %iv_load, i8 %iv_1_load, i8 %iv_2_load)

]]></Node>
<StgValue><ssdm name="v0"/></StgValue>
</operation>

<operation id="53" st_id="6" stage="1" lat="2">
<core>RAM</core>
<MemPortIdVec>0 </MemPortIdVec>
<condition id="11">
<or_exp><and_exp></and_exp></or_exp>
</condition>

<Node id="41" bw="8" op_0_bw="3">
<![CDATA[
:7  %iv_5_load = load i8* %iv_5, align 1

]]></Node>
<StgValue><ssdm name="iv_5_load"/></StgValue>
</operation>

<operation id="54" st_id="6" stage="1" lat="2">
<core>RAM</core>
<MemPortIdVec>1 </MemPortIdVec>
<condition id="11">
<or_exp><and_exp></and_exp></or_exp>
</condition>

<Node id="42" bw="8" op_0_bw="3">
<![CDATA[
:8  %iv_6_load = load i8* %iv_6, align 1

]]></Node>
<StgValue><ssdm name="iv_6_load"/></StgValue>
</operation>

<operation id="55" st_id="6" stage="1" lat="1">
<core>NULL</core>
<MemPortIdVec></MemPortIdVec>
<condition id="11">
<or_exp><and_exp></and_exp></or_exp>
</condition>

<Node id="43" bw="32" op_0_bw="32" op_1_bw="8" op_2_bw="8" op_3_bw="8" op_4_bw="8">
<![CDATA[
:9  %v1 = call i32 @_ssdm_op_BitConcatenate.i32.i8.i8.i8.i8(i8 %iv_3_load, i8 %iv_4_load, i8 %iv_5_load, i8 %iv_6_load)

]]></Node>
<StgValue><ssdm name="v1"/></StgValue>
</operation>

<operation id="56" st_id="6" stage="2" lat="2">
<core></core>
<MemPortIdVec></MemPortIdVec>
<condition id="11">
<or_exp><and_exp></and_exp></or_exp>
</condition>

<Node id="44" bw="64" op_0_bw="64" op_1_bw="32" op_2_bw="32">
<![CDATA[
:10  %call_ret = call fastcc { i32, i32 } @BF_encrypt(i32 %v0, i32 %v1)

]]></Node>
<StgValue><ssdm name="call_ret"/></StgValue>
</operation>
</state>

<state id="7" st_id="7">

<operation id="57" st_id="7" stage="1" lat="2">
<core></core>
<MemPortIdVec></MemPortIdVec>
<condition id="12">
<or_exp><and_exp></and_exp></or_exp>
</condition>

<Node id="44" bw="64" op_0_bw="64" op_1_bw="32" op_2_bw="32">
<![CDATA[
:10  %call_ret = call fastcc { i32, i32 } @BF_encrypt(i32 %v0, i32 %v1)

]]></Node>
<StgValue><ssdm name="call_ret"/></StgValue>
</operation>

<operation id="58" st_id="7" stage="1" lat="1">
<core>NULL</core>
<MemPortIdVec></MemPortIdVec>
<condition id="12">
<or_exp><and_exp></and_exp></or_exp>
</condition>

<Node id="45" bw="32" op_0_bw="64">
<![CDATA[
:11  %ti_0 = extractvalue { i32, i32 } %call_ret, 0

]]></Node>
<StgValue><ssdm name="ti_0"/></StgValue>
</operation>

<operation id="59" st_id="7" stage="1" lat="1">
<core>NULL</core>
<MemPortIdVec></MemPortIdVec>
<condition id="12">
<or_exp><and_exp></and_exp></or_exp>
</condition>

<Node id="46" bw="32" op_0_bw="64">
<![CDATA[
:12  %ti_1 = extractvalue { i32, i32 } %call_ret, 1

]]></Node>
<StgValue><ssdm name="ti_1"/></StgValue>
</operation>

<operation id="60" st_id="7" stage="1" lat="1">
<core>NULL</core>
<MemPortIdVec></MemPortIdVec>
<condition id="12">
<or_exp><and_exp></and_exp></or_exp>
</condition>

<Node id="47" bw="8" op_0_bw="8" op_1_bw="32" op_2_bw="32" op_3_bw="32">
<![CDATA[
:13  %tmp_218 = call i8 @_ssdm_op_PartSelect.i8.i32.i32.i32(i32 %ti_0, i32 24, i32 31)

]]></Node>
<StgValue><ssdm name="tmp_218"/></StgValue>
</operation>

<operation id="61" st_id="7" stage="1" lat="1">
<core>NULL</core>
<MemPortIdVec></MemPortIdVec>
<condition id="12">
<or_exp><and_exp></and_exp></or_exp>
</condition>

<Node id="49" bw="8" op_0_bw="8" op_1_bw="32" op_2_bw="32" op_3_bw="32">
<![CDATA[
:15  %tmp_220 = call i8 @_ssdm_op_PartSelect.i8.i32.i32.i32(i32 %ti_0, i32 16, i32 23)

]]></Node>
<StgValue><ssdm name="tmp_220"/></StgValue>
</operation>

<operation id="62" st_id="7" stage="1" lat="1">
<core>NULL</core>
<MemPortIdVec></MemPortIdVec>
<condition id="12">
<or_exp><and_exp></and_exp></or_exp>
</condition>

<Node id="51" bw="8" op_0_bw="8" op_1_bw="32" op_2_bw="32" op_3_bw="32">
<![CDATA[
:17  %tmp_222 = call i8 @_ssdm_op_PartSelect.i8.i32.i32.i32(i32 %ti_0, i32 8, i32 15)

]]></Node>
<StgValue><ssdm name="tmp_222"/></StgValue>
</operation>

<operation id="63" st_id="7" stage="1" lat="1">
<core>NULL</core>
<MemPortIdVec></MemPortIdVec>
<condition id="12">
<or_exp><and_exp></and_exp></or_exp>
</condition>

<Node id="53" bw="8" op_0_bw="32">
<![CDATA[
:19  %tmp = trunc i32 %ti_0 to i8

]]></Node>
<StgValue><ssdm name="tmp"/></StgValue>
</operation>

<operation id="64" st_id="7" stage="1" lat="1">
<core>NULL</core>
<MemPortIdVec></MemPortIdVec>
<condition id="12">
<or_exp><and_exp></and_exp></or_exp>
</condition>

<Node id="55" bw="8" op_0_bw="8" op_1_bw="32" op_2_bw="32" op_3_bw="32">
<![CDATA[
:21  %tmp_225 = call i8 @_ssdm_op_PartSelect.i8.i32.i32.i32(i32 %ti_1, i32 24, i32 31)

]]></Node>
<StgValue><ssdm name="tmp_225"/></StgValue>
</operation>

<operation id="65" st_id="7" stage="1" lat="1">
<core>NULL</core>
<MemPortIdVec></MemPortIdVec>
<condition id="12">
<or_exp><and_exp></and_exp></or_exp>
</condition>

<Node id="57" bw="8" op_0_bw="8" op_1_bw="32" op_2_bw="32" op_3_bw="32">
<![CDATA[
:23  %tmp_227 = call i8 @_ssdm_op_PartSelect.i8.i32.i32.i32(i32 %ti_1, i32 16, i32 23)

]]></Node>
<StgValue><ssdm name="tmp_227"/></StgValue>
</operation>

<operation id="66" st_id="7" stage="1" lat="1">
<core>NULL</core>
<MemPortIdVec></MemPortIdVec>
<condition id="12">
<or_exp><and_exp></and_exp></or_exp>
</condition>

<Node id="59" bw="8" op_0_bw="8" op_1_bw="32" op_2_bw="32" op_3_bw="32">
<![CDATA[
:25  %tmp_229 = call i8 @_ssdm_op_PartSelect.i8.i32.i32.i32(i32 %ti_1, i32 8, i32 15)

]]></Node>
<StgValue><ssdm name="tmp_229"/></StgValue>
</operation>

<operation id="67" st_id="7" stage="1" lat="1">
<core>NULL</core>
<MemPortIdVec></MemPortIdVec>
<condition id="12">
<or_exp><and_exp></and_exp></or_exp>
</condition>

<Node id="61" bw="8" op_0_bw="32">
<![CDATA[
:27  %tmp_547 = trunc i32 %ti_1 to i8

]]></Node>
<StgValue><ssdm name="tmp_547"/></StgValue>
</operation>
</state>

<state id="8" st_id="8">

<operation id="68" st_id="8" stage="1" lat="1">
<core>RAM</core>
<MemPortIdVec>0 </MemPortIdVec>
<condition id="13">
<or_exp><and_exp></and_exp></or_exp>
</condition>

<Node id="48" bw="0" op_0_bw="8" op_1_bw="3">
<![CDATA[
:14  store i8 %tmp_218, i8* %ivec_addr, align 1

]]></Node>
<StgValue><ssdm name=""/></StgValue>
</operation>

<operation id="69" st_id="8" stage="1" lat="1">
<core>RAM</core>
<MemPortIdVec>1 </MemPortIdVec>
<condition id="13">
<or_exp><and_exp></and_exp></or_exp>
</condition>

<Node id="50" bw="0" op_0_bw="8" op_1_bw="3">
<![CDATA[
:16  store i8 %tmp_220, i8* %iv, align 1

]]></Node>
<StgValue><ssdm name=""/></StgValue>
</operation>
</state>

<state id="9" st_id="9">

<operation id="70" st_id="9" stage="1" lat="1">
<core>RAM</core>
<MemPortIdVec>0 </MemPortIdVec>
<condition id="14">
<or_exp><and_exp></and_exp></or_exp>
</condition>

<Node id="52" bw="0" op_0_bw="8" op_1_bw="3">
<![CDATA[
:18  store i8 %tmp_222, i8* %iv_1, align 1

]]></Node>
<StgValue><ssdm name=""/></StgValue>
</operation>

<operation id="71" st_id="9" stage="1" lat="1">
<core>RAM</core>
<MemPortIdVec>1 </MemPortIdVec>
<condition id="14">
<or_exp><and_exp></and_exp></or_exp>
</condition>

<Node id="54" bw="0" op_0_bw="8" op_1_bw="3">
<![CDATA[
:20  store i8 %tmp, i8* %iv_2, align 1

]]></Node>
<StgValue><ssdm name=""/></StgValue>
</operation>
</state>

<state id="10" st_id="10">

<operation id="72" st_id="10" stage="1" lat="1">
<core>RAM</core>
<MemPortIdVec>0 </MemPortIdVec>
<condition id="15">
<or_exp><and_exp></and_exp></or_exp>
</condition>

<Node id="56" bw="0" op_0_bw="8" op_1_bw="3">
<![CDATA[
:22  store i8 %tmp_225, i8* %iv_3, align 1

]]></Node>
<StgValue><ssdm name=""/></StgValue>
</operation>

<operation id="73" st_id="10" stage="1" lat="1">
<core>RAM</core>
<MemPortIdVec>1 </MemPortIdVec>
<condition id="15">
<or_exp><and_exp></and_exp></or_exp>
</condition>

<Node id="58" bw="0" op_0_bw="8" op_1_bw="3">
<![CDATA[
:24  store i8 %tmp_227, i8* %iv_4, align 1

]]></Node>
<StgValue><ssdm name=""/></StgValue>
</operation>
</state>

<state id="11" st_id="11">

<operation id="74" st_id="11" stage="1" lat="1">
<core>RAM</core>
<MemPortIdVec>0 </MemPortIdVec>
<condition id="16">
<or_exp><and_exp><literal name="tmp_212" val="1"/>
</and_exp></or_exp>
</condition>

<Node id="60" bw="0" op_0_bw="8" op_1_bw="3">
<![CDATA[
:26  store i8 %tmp_229, i8* %iv_5, align 1

]]></Node>
<StgValue><ssdm name=""/></StgValue>
</operation>

<operation id="75" st_id="11" stage="1" lat="1">
<core>RAM</core>
<MemPortIdVec>1 </MemPortIdVec>
<condition id="16">
<or_exp><and_exp><literal name="tmp_212" val="1"/>
</and_exp></or_exp>
</condition>

<Node id="62" bw="0" op_0_bw="8" op_1_bw="3">
<![CDATA[
:28  store i8 %tmp_547, i8* %iv_6, align 1

]]></Node>
<StgValue><ssdm name=""/></StgValue>
</operation>

<operation id="76" st_id="11" stage="1" lat="1">
<core>NULL</core>
<MemPortIdVec></MemPortIdVec>
<condition id="16">
<or_exp><and_exp><literal name="tmp_212" val="1"/>
</and_exp></or_exp>
</condition>

<Node id="63" bw="0" op_0_bw="0">
<![CDATA[
:29  br label %._crit_edge

]]></Node>
<StgValue><ssdm name=""/></StgValue>
</operation>

<operation id="77" st_id="11" stage="1" lat="1">
<core>NULL</core>
<MemPortIdVec></MemPortIdVec>
<condition id="19">
<or_exp><and_exp></and_exp></or_exp>
</condition>

<Node id="67" bw="3" op_0_bw="8" op_1_bw="32" op_2_bw="32">
<![CDATA[
._crit_edge:2  %ivec_addr_8 = getelementptr [8 x i8]* %ivec, i32 0, i32 %num_write_assign

]]></Node>
<StgValue><ssdm name="ivec_addr_8"/></StgValue>
</operation>

<operation id="78" st_id="11" stage="1" lat="1">
<core>NULL</core>
<MemPortIdVec></MemPortIdVec>
<condition id="19">
<or_exp><and_exp></and_exp></or_exp>
</condition>

<Node id="72" bw="3" op_0_bw="32">
<![CDATA[
._crit_edge:7  %tmp_548 = trunc i32 %num_write_assign to i3

]]></Node>
<StgValue><ssdm name="tmp_548"/></StgValue>
</operation>

<operation id="79" st_id="11" stage="1" lat="1">
<core>AddSub</core>
<MemPortIdVec></MemPortIdVec>
<condition id="19">
<or_exp><and_exp></and_exp></or_exp>
</condition>

<Node id="73" bw="3" op_0_bw="3" op_1_bw="3">
<![CDATA[
._crit_edge:8  %n = add i3 1, %tmp_548

]]></Node>
<StgValue><ssdm name="n"/></StgValue>
</operation>

<operation id="80" st_id="11" stage="1" lat="1">
<core>NULL</core>
<MemPortIdVec></MemPortIdVec>
<condition id="19">
<or_exp><and_exp></and_exp></or_exp>
</condition>

<Node id="74" bw="32" op_0_bw="3">
<![CDATA[
._crit_edge:9  %n_cast = zext i3 %n to i32

]]></Node>
<StgValue><ssdm name="n_cast"/></StgValue>
</operation>
</state>

<state id="12" st_id="12">

<operation id="81" st_id="12" stage="2" lat="2">
<core>RAM</core>
<MemPortIdVec>0 </MemPortIdVec>
<condition id="20">
<or_exp><and_exp></and_exp></or_exp>
</condition>

<Node id="65" bw="7" op_0_bw="6">
<![CDATA[
._crit_edge:0  %in_load = load i7* %in_addr, align 1

]]></Node>
<StgValue><ssdm name="in_load"/></StgValue>
</operation>

<operation id="82" st_id="12" stage="2" lat="2">
<core>RAM</core>
<MemPortIdVec>0 </MemPortIdVec>
<condition id="20">
<or_exp><and_exp></and_exp></or_exp>
</condition>

<Node id="68" bw="8" op_0_bw="3">
<![CDATA[
._crit_edge:3  %ivec_load_1 = load i8* %ivec_addr_8, align 1

]]></Node>
<StgValue><ssdm name="ivec_load_1"/></StgValue>
</operation>
</state>

<state id="13" st_id="13">

<operation id="83" st_id="13" stage="1" lat="2">
<core>RAM</core>
<MemPortIdVec>0 </MemPortIdVec>
<condition id="21">
<or_exp><and_exp></and_exp></or_exp>
</condition>

<Node id="65" bw="7" op_0_bw="6">
<![CDATA[
._crit_edge:0  %in_load = load i7* %in_addr, align 1

]]></Node>
<StgValue><ssdm name="in_load"/></StgValue>
</operation>

<operation id="84" st_id="13" stage="1" lat="1">
<core>NULL</core>
<MemPortIdVec></MemPortIdVec>
<condition id="21">
<or_exp><and_exp></and_exp></or_exp>
</condition>

<Node id="66" bw="8" op_0_bw="7">
<![CDATA[
._crit_edge:1  %extLd = zext i7 %in_load to i8

]]></Node>
<StgValue><ssdm name="extLd"/></StgValue>
</operation>

<operation id="85" st_id="13" stage="1" lat="2">
<core>RAM</core>
<MemPortIdVec>0 </MemPortIdVec>
<condition id="21">
<or_exp><and_exp></and_exp></or_exp>
</condition>

<Node id="68" bw="8" op_0_bw="3">
<![CDATA[
._crit_edge:3  %ivec_load_1 = load i8* %ivec_addr_8, align 1

]]></Node>
<StgValue><ssdm name="ivec_load_1"/></StgValue>
</operation>

<operation id="86" st_id="13" stage="1" lat="1">
<core>LogicGate</core>
<MemPortIdVec></MemPortIdVec>
<condition id="21">
<or_exp><and_exp></and_exp></or_exp>
</condition>

<Node id="69" bw="8" op_0_bw="8" op_1_bw="8">
<![CDATA[
._crit_edge:4  %c = xor i8 %ivec_load_1, %extLd

]]></Node>
<StgValue><ssdm name="c"/></StgValue>
</operation>

<operation id="87" st_id="13" stage="1" lat="1">
<core>RAM</core>
<MemPortIdVec>0 </MemPortIdVec>
<condition id="21">
<or_exp><and_exp></and_exp></or_exp>
</condition>

<Node id="70" bw="0" op_0_bw="8" op_1_bw="6">
<![CDATA[
._crit_edge:5  store i8 %c, i8* %out_addr, align 1

]]></Node>
<StgValue><ssdm name=""/></StgValue>
</operation>

<operation id="88" st_id="13" stage="1" lat="1">
<core>RAM</core>
<MemPortIdVec>1 </MemPortIdVec>
<condition id="21">
<or_exp><and_exp></and_exp></or_exp>
</condition>

<Node id="71" bw="0" op_0_bw="8" op_1_bw="3">
<![CDATA[
._crit_edge:6  store i8 %c, i8* %ivec_addr_8, align 1

]]></Node>
<StgValue><ssdm name=""/></StgValue>
</operation>

<operation id="89" st_id="13" stage="1" lat="1">
<core>NULL</core>
<MemPortIdVec></MemPortIdVec>
<condition id="21">
<or_exp><and_exp></and_exp></or_exp>
</condition>

<Node id="75" bw="0" op_0_bw="0">
<![CDATA[
._crit_edge:10  br label %.preheader6

]]></Node>
<StgValue><ssdm name=""/></StgValue>
</operation>
</state>
</state_list>


<ports>
<port id="106" name="in_r" dir="0" iftype="1">
<core>RAM</core><StgValue><ssdm name="in_r"/><MemPortTyVec>1 3 </MemPortTyVec>
</StgValue>
</port>
<port id="107" name="out_r" dir="1" iftype="1">
<core>RAM</core><StgValue><ssdm name="out_r"/><MemPortTyVec>0 3 </MemPortTyVec>
</StgValue>
</port>
<port id="108" name="length_r" dir="0" iftype="0">
<core>NULL</core><StgValue><ssdm name="length_r"/></StgValue>
</port>
<port id="109" name="ivec" dir="2" iftype="1">
<core>RAM</core><StgValue><ssdm name="ivec"/><MemPortTyVec>2 2 </MemPortTyVec>
</StgValue>
</port>
<port id="110" name="num_read" dir="0" iftype="0">
<core>NULL</core><StgValue><ssdm name="num_read"/></StgValue>
</port>
<port id="111" name="key_S" dir="0" iftype="1">
<core>RAM</core><StgValue><ssdm name="key_S"/><MemPortTyVec>1 1 </MemPortTyVec>
</StgValue>
</port>
<port id="112" name="key_P" dir="0" iftype="1">
<core>RAM</core><StgValue><ssdm name="key_P"/><MemPortTyVec>1 1 </MemPortTyVec>
</StgValue>
</port>
</ports>


<dataflows>
<dataflow id="114" from="_ssdm_op_Read.ap_auto.i32" to="num_read_1" fromId="113" toId="14">
</dataflow>
<dataflow id="115" from="num_read" to="num_read_1" fromId="110" toId="14">
</dataflow>
<dataflow id="117" from="_ssdm_op_Read.ap_auto.i7" to="length_read" fromId="116" toId="15">
</dataflow>
<dataflow id="118" from="length_r" to="length_read" fromId="108" toId="15">
</dataflow>
<dataflow id="119" from="length_read" to="length_cast" fromId="15" toId="16">
</dataflow>
<dataflow id="120" from="ivec" to="ivec_addr" fromId="109" toId="17">
</dataflow>
<dataflow id="122" from="StgValue_121" to="ivec_addr" fromId="121" toId="17">
</dataflow>
<dataflow id="123" from="StgValue_121" to="ivec_addr" fromId="121" toId="17">
</dataflow>
<dataflow id="124" from="ivec" to="iv" fromId="109" toId="18">
</dataflow>
<dataflow id="125" from="StgValue_121" to="iv" fromId="121" toId="18">
</dataflow>
<dataflow id="127" from="StgValue_126" to="iv" fromId="126" toId="18">
</dataflow>
<dataflow id="128" from="ivec" to="iv_1" fromId="109" toId="19">
</dataflow>
<dataflow id="129" from="StgValue_121" to="iv_1" fromId="121" toId="19">
</dataflow>
<dataflow id="131" from="StgValue_130" to="iv_1" fromId="130" toId="19">
</dataflow>
<dataflow id="132" from="ivec" to="iv_2" fromId="109" toId="20">
</dataflow>
<dataflow id="133" from="StgValue_121" to="iv_2" fromId="121" toId="20">
</dataflow>
<dataflow id="135" from="StgValue_134" to="iv_2" fromId="134" toId="20">
</dataflow>
<dataflow id="136" from="ivec" to="iv_3" fromId="109" toId="21">
</dataflow>
<dataflow id="137" from="StgValue_121" to="iv_3" fromId="121" toId="21">
</dataflow>
<dataflow id="139" from="StgValue_138" to="iv_3" fromId="138" toId="21">
</dataflow>
<dataflow id="140" from="ivec" to="iv_4" fromId="109" toId="22">
</dataflow>
<dataflow id="141" from="StgValue_121" to="iv_4" fromId="121" toId="22">
</dataflow>
<dataflow id="143" from="StgValue_142" to="iv_4" fromId="142" toId="22">
</dataflow>
<dataflow id="144" from="ivec" to="iv_5" fromId="109" toId="23">
</dataflow>
<dataflow id="145" from="StgValue_121" to="iv_5" fromId="121" toId="23">
</dataflow>
<dataflow id="147" from="StgValue_146" to="iv_5" fromId="146" toId="23">
</dataflow>
<dataflow id="148" from="ivec" to="iv_6" fromId="109" toId="24">
</dataflow>
<dataflow id="149" from="StgValue_121" to="iv_6" fromId="121" toId="24">
</dataflow>
<dataflow id="151" from="StgValue_150" to="iv_6" fromId="150" toId="24">
</dataflow>
<dataflow id="152" from="n_cast" to="num_write_assign" fromId="80" toId="26">
<BackEdge/>
<condition id="53">
<or_exp><and_exp></and_exp></or_exp>
</condition>
</dataflow>
<dataflow id="153" from="StgValue_89" to="num_write_assign" fromId="89" toId="26">
<BackEdge/>
</dataflow>
<dataflow id="154" from="num_read_1" to="num_write_assign" fromId="14" toId="26">
<condition id="54">
<or_exp><and_exp></and_exp></or_exp>
</condition>
</dataflow>
<dataflow id="155" from="StgValue_25" to="num_write_assign" fromId="25" toId="26">
</dataflow>
<dataflow id="156" from="l_9" to="l" fromId="31" toId="27">
<BackEdge/>
<condition id="55">
<or_exp><and_exp></and_exp></or_exp>
</condition>
</dataflow>
<dataflow id="157" from="StgValue_89" to="l" fromId="89" toId="27">
<BackEdge/>
</dataflow>
<dataflow id="158" from="length_cast" to="l" fromId="16" toId="27">
<condition id="56">
<or_exp><and_exp></and_exp></or_exp>
</condition>
</dataflow>
<dataflow id="159" from="StgValue_25" to="l" fromId="25" toId="27">
</dataflow>
<dataflow id="160" from="p_rec4" to="p_01_rec" fromId="33" toId="28">
<BackEdge/>
<condition id="57">
<or_exp><and_exp></and_exp></or_exp>
</condition>
</dataflow>
<dataflow id="161" from="StgValue_89" to="p_01_rec" fromId="89" toId="28">
<BackEdge/>
</dataflow>
<dataflow id="162" from="StgValue_121" to="p_01_rec" fromId="121" toId="28">
<condition id="58">
<or_exp><and_exp></and_exp></or_exp>
</condition>
</dataflow>
<dataflow id="163" from="StgValue_25" to="p_01_rec" fromId="25" toId="28">
</dataflow>
<dataflow id="164" from="in_r" to="in_addr" fromId="106" toId="29">
</dataflow>
<dataflow id="165" from="StgValue_121" to="in_addr" fromId="121" toId="29">
</dataflow>
<dataflow id="166" from="p_01_rec" to="in_addr" fromId="28" toId="29">
</dataflow>
<dataflow id="167" from="out_r" to="out_addr" fromId="107" toId="30">
</dataflow>
<dataflow id="168" from="StgValue_121" to="out_addr" fromId="121" toId="30">
</dataflow>
<dataflow id="169" from="p_01_rec" to="out_addr" fromId="28" toId="30">
</dataflow>
<dataflow id="170" from="l" to="l_9" fromId="27" toId="31">
</dataflow>
<dataflow id="172" from="StgValue_171" to="l_9" fromId="171" toId="31">
</dataflow>
<dataflow id="173" from="l" to="tmp_s" fromId="27" toId="32">
</dataflow>
<dataflow id="174" from="StgValue_121" to="tmp_s" fromId="121" toId="32">
</dataflow>
<dataflow id="175" from="p_01_rec" to="p_rec4" fromId="28" toId="33">
</dataflow>
<dataflow id="176" from="StgValue_126" to="p_rec4" fromId="126" toId="33">
</dataflow>
<dataflow id="177" from="tmp_s" to="StgValue_34" fromId="32" toId="34">
</dataflow>
<dataflow id="178" from="num_write_assign" to="tmp_212" fromId="26" toId="35">
</dataflow>
<dataflow id="179" from="StgValue_121" to="tmp_212" fromId="121" toId="35">
</dataflow>
<dataflow id="180" from="tmp_212" to="StgValue_36" fromId="35" toId="36">
</dataflow>
<dataflow id="181" from="ivec_addr" to="ivec_load" fromId="17" toId="37">
</dataflow>
<dataflow id="182" from="iv" to="iv_load" fromId="18" toId="38">
</dataflow>
<dataflow id="183" from="num_write_assign" to="StgValue_39" fromId="26" toId="39">
</dataflow>
<dataflow id="184" from="ivec_addr" to="ivec_load" fromId="17" toId="40">
</dataflow>
<dataflow id="185" from="iv" to="iv_load" fromId="18" toId="41">
</dataflow>
<dataflow id="186" from="iv_1" to="iv_1_load" fromId="19" toId="42">
</dataflow>
<dataflow id="187" from="iv_2" to="iv_2_load" fromId="20" toId="43">
</dataflow>
<dataflow id="188" from="iv_1" to="iv_1_load" fromId="19" toId="44">
</dataflow>
<dataflow id="189" from="iv_2" to="iv_2_load" fromId="20" toId="45">
</dataflow>
<dataflow id="190" from="iv_3" to="iv_3_load" fromId="21" toId="46">
</dataflow>
<dataflow id="191" from="iv_4" to="iv_4_load" fromId="22" toId="47">
</dataflow>
<dataflow id="192" from="iv_3" to="iv_3_load" fromId="21" toId="48">
</dataflow>
<dataflow id="193" from="iv_4" to="iv_4_load" fromId="22" toId="49">
</dataflow>
<dataflow id="194" from="iv_5" to="iv_5_load" fromId="23" toId="50">
</dataflow>
<dataflow id="195" from="iv_6" to="iv_6_load" fromId="24" toId="51">
</dataflow>
<dataflow id="197" from="_ssdm_op_BitConcatenate.i32.i8.i8.i8.i8" to="v0" fromId="196" toId="52">
</dataflow>
<dataflow id="198" from="ivec_load" to="v0" fromId="40" toId="52">
</dataflow>
<dataflow id="199" from="iv_load" to="v0" fromId="41" toId="52">
</dataflow>
<dataflow id="200" from="iv_1_load" to="v0" fromId="44" toId="52">
</dataflow>
<dataflow id="201" from="iv_2_load" to="v0" fromId="45" toId="52">
</dataflow>
<dataflow id="202" from="iv_5" to="iv_5_load" fromId="23" toId="53">
</dataflow>
<dataflow id="203" from="iv_6" to="iv_6_load" fromId="24" toId="54">
</dataflow>
<dataflow id="204" from="_ssdm_op_BitConcatenate.i32.i8.i8.i8.i8" to="v1" fromId="196" toId="55">
</dataflow>
<dataflow id="205" from="iv_3_load" to="v1" fromId="48" toId="55">
</dataflow>
<dataflow id="206" from="iv_4_load" to="v1" fromId="49" toId="55">
</dataflow>
<dataflow id="207" from="iv_5_load" to="v1" fromId="53" toId="55">
</dataflow>
<dataflow id="208" from="iv_6_load" to="v1" fromId="54" toId="55">
</dataflow>
<dataflow id="210" from="BF_encrypt" to="call_ret" fromId="209" toId="56">
</dataflow>
<dataflow id="211" from="v0" to="call_ret" fromId="52" toId="56">
</dataflow>
<dataflow id="212" from="v1" to="call_ret" fromId="55" toId="56">
</dataflow>
<dataflow id="213" from="key_S" to="call_ret" fromId="111" toId="56">
</dataflow>
<dataflow id="214" from="key_P" to="call_ret" fromId="112" toId="56">
</dataflow>
<dataflow id="215" from="BF_encrypt" to="call_ret" fromId="209" toId="57">
</dataflow>
<dataflow id="216" from="v0" to="call_ret" fromId="52" toId="57">
</dataflow>
<dataflow id="217" from="v1" to="call_ret" fromId="55" toId="57">
</dataflow>
<dataflow id="218" from="key_S" to="call_ret" fromId="111" toId="57">
</dataflow>
<dataflow id="219" from="key_P" to="call_ret" fromId="112" toId="57">
</dataflow>
<dataflow id="220" from="call_ret" to="ti_0" fromId="57" toId="58">
</dataflow>
<dataflow id="221" from="call_ret" to="ti_1" fromId="57" toId="59">
</dataflow>
<dataflow id="223" from="_ssdm_op_PartSelect.i8.i32.i32.i32" to="tmp_218" fromId="222" toId="60">
</dataflow>
<dataflow id="224" from="ti_0" to="tmp_218" fromId="58" toId="60">
</dataflow>
<dataflow id="226" from="StgValue_225" to="tmp_218" fromId="225" toId="60">
</dataflow>
<dataflow id="228" from="StgValue_227" to="tmp_218" fromId="227" toId="60">
</dataflow>
<dataflow id="229" from="_ssdm_op_PartSelect.i8.i32.i32.i32" to="tmp_220" fromId="222" toId="61">
</dataflow>
<dataflow id="230" from="ti_0" to="tmp_220" fromId="58" toId="61">
</dataflow>
<dataflow id="232" from="StgValue_231" to="tmp_220" fromId="231" toId="61">
</dataflow>
<dataflow id="234" from="StgValue_233" to="tmp_220" fromId="233" toId="61">
</dataflow>
<dataflow id="235" from="_ssdm_op_PartSelect.i8.i32.i32.i32" to="tmp_222" fromId="222" toId="62">
</dataflow>
<dataflow id="236" from="ti_0" to="tmp_222" fromId="58" toId="62">
</dataflow>
<dataflow id="238" from="StgValue_237" to="tmp_222" fromId="237" toId="62">
</dataflow>
<dataflow id="240" from="StgValue_239" to="tmp_222" fromId="239" toId="62">
</dataflow>
<dataflow id="241" from="ti_0" to="tmp" fromId="58" toId="63">
</dataflow>
<dataflow id="242" from="_ssdm_op_PartSelect.i8.i32.i32.i32" to="tmp_225" fromId="222" toId="64">
</dataflow>
<dataflow id="243" from="ti_1" to="tmp_225" fromId="59" toId="64">
</dataflow>
<dataflow id="244" from="StgValue_225" to="tmp_225" fromId="225" toId="64">
</dataflow>
<dataflow id="245" from="StgValue_227" to="tmp_225" fromId="227" toId="64">
</dataflow>
<dataflow id="246" from="_ssdm_op_PartSelect.i8.i32.i32.i32" to="tmp_227" fromId="222" toId="65">
</dataflow>
<dataflow id="247" from="ti_1" to="tmp_227" fromId="59" toId="65">
</dataflow>
<dataflow id="248" from="StgValue_231" to="tmp_227" fromId="231" toId="65">
</dataflow>
<dataflow id="249" from="StgValue_233" to="tmp_227" fromId="233" toId="65">
</dataflow>
<dataflow id="250" from="_ssdm_op_PartSelect.i8.i32.i32.i32" to="tmp_229" fromId="222" toId="66">
</dataflow>
<dataflow id="251" from="ti_1" to="tmp_229" fromId="59" toId="66">
</dataflow>
<dataflow id="252" from="StgValue_237" to="tmp_229" fromId="237" toId="66">
</dataflow>
<dataflow id="253" from="StgValue_239" to="tmp_229" fromId="239" toId="66">
</dataflow>
<dataflow id="254" from="ti_1" to="tmp_547" fromId="59" toId="67">
</dataflow>
<dataflow id="255" from="tmp_218" to="StgValue_68" fromId="60" toId="68">
</dataflow>
<dataflow id="256" from="ivec_addr" to="StgValue_68" fromId="17" toId="68">
</dataflow>
<dataflow id="257" from="tmp_220" to="StgValue_69" fromId="61" toId="69">
</dataflow>
<dataflow id="258" from="iv" to="StgValue_69" fromId="18" toId="69">
</dataflow>
<dataflow id="259" from="tmp_222" to="StgValue_70" fromId="62" toId="70">
</dataflow>
<dataflow id="260" from="iv_1" to="StgValue_70" fromId="19" toId="70">
</dataflow>
<dataflow id="261" from="tmp" to="StgValue_71" fromId="63" toId="71">
</dataflow>
<dataflow id="262" from="iv_2" to="StgValue_71" fromId="20" toId="71">
</dataflow>
<dataflow id="263" from="tmp_225" to="StgValue_72" fromId="64" toId="72">
</dataflow>
<dataflow id="264" from="iv_3" to="StgValue_72" fromId="21" toId="72">
</dataflow>
<dataflow id="265" from="tmp_227" to="StgValue_73" fromId="65" toId="73">
</dataflow>
<dataflow id="266" from="iv_4" to="StgValue_73" fromId="22" toId="73">
</dataflow>
<dataflow id="267" from="tmp_229" to="StgValue_74" fromId="66" toId="74">
</dataflow>
<dataflow id="268" from="iv_5" to="StgValue_74" fromId="23" toId="74">
</dataflow>
<dataflow id="269" from="tmp_547" to="StgValue_75" fromId="67" toId="75">
</dataflow>
<dataflow id="270" from="iv_6" to="StgValue_75" fromId="24" toId="75">
</dataflow>
<dataflow id="271" from="ivec" to="ivec_addr_8" fromId="109" toId="77">
</dataflow>
<dataflow id="272" from="StgValue_121" to="ivec_addr_8" fromId="121" toId="77">
</dataflow>
<dataflow id="273" from="num_write_assign" to="ivec_addr_8" fromId="26" toId="77">
</dataflow>
<dataflow id="274" from="num_write_assign" to="tmp_548" fromId="26" toId="78">
</dataflow>
<dataflow id="276" from="StgValue_275" to="n" fromId="275" toId="79">
</dataflow>
<dataflow id="277" from="tmp_548" to="n" fromId="78" toId="79">
</dataflow>
<dataflow id="278" from="n" to="n_cast" fromId="79" toId="80">
</dataflow>
<dataflow id="279" from="in_addr" to="in_load" fromId="29" toId="81">
</dataflow>
<dataflow id="280" from="ivec_addr_8" to="ivec_load_1" fromId="77" toId="82">
</dataflow>
<dataflow id="281" from="in_addr" to="in_load" fromId="29" toId="83">
</dataflow>
<dataflow id="282" from="in_load" to="extLd" fromId="83" toId="84">
</dataflow>
<dataflow id="283" from="ivec_addr_8" to="ivec_load_1" fromId="77" toId="85">
</dataflow>
<dataflow id="284" from="ivec_load_1" to="c" fromId="85" toId="86">
</dataflow>
<dataflow id="285" from="extLd" to="c" fromId="84" toId="86">
</dataflow>
<dataflow id="286" from="c" to="StgValue_87" fromId="86" toId="87">
</dataflow>
<dataflow id="287" from="out_addr" to="StgValue_87" fromId="30" toId="87">
</dataflow>
<dataflow id="288" from="c" to="StgValue_88" fromId="86" toId="88">
</dataflow>
<dataflow id="289" from="ivec_addr_8" to="StgValue_88" fromId="77" toId="88">
</dataflow>
<dataflow id="290" from="tmp_s" to="StgValue_2" fromId="32" toId="2">
</dataflow>
<dataflow id="291" from="tmp_212" to="StgValue_2" fromId="35" toId="2">
</dataflow>
<dataflow id="292" from="tmp_212" to="StgValue_11" fromId="35" toId="11">
</dataflow>
</dataflows>


</stg>
