<stg><name>BF_cfb64_encrypt</name>


<trans_list>

<trans id="90" from="1" to="2">
<condition id="23">
<or_exp><and_exp></and_exp></or_exp>
</condition>
</trans>

<trans id="91" from="2" to="3">
<condition id="24">
<or_exp><and_exp><literal name="tmp_s" val="0"/>
<literal name="tmp_212" val="1"/>
</and_exp></or_exp>
</condition>
</trans>

<trans id="92" from="2" to="11">
<condition id="25">
<or_exp><and_exp><literal name="tmp_s" val="0"/>
<literal name="tmp_212" val="0"/>
</and_exp></or_exp>
</condition>
</trans>

<trans id="94" from="3" to="4">
<condition id="27">
<or_exp><and_exp></and_exp></or_exp>
</condition>
</trans>

<trans id="95" from="4" to="5">
<condition id="28">
<or_exp><and_exp></and_exp></or_exp>
</condition>
</trans>

<trans id="96" from="5" to="6">
<condition id="29">
<or_exp><and_exp></and_exp></or_exp>
</condition>
</trans>

<trans id="97" from="6" to="7">
<condition id="30">
<or_exp><and_exp></and_exp></or_exp>
</condition>
</trans>

<trans id="98" from="7" to="8">
<condition id="31">
<or_exp><and_exp></and_exp></or_exp>
</condition>
</trans>

<trans id="99" from="8" to="9">
<condition id="32">
<or_exp><and_exp></and_exp></or_exp>
</condition>
</trans>

<trans id="100" from="9" to="10">
<condition id="33">
<or_exp><and_exp></and_exp></or_exp>
</condition>
</trans>

<trans id="101" from="10" to="11">
<condition id="34">
<or_exp><and_exp></and_exp></or_exp>
</condition>
</trans>

<trans id="102" from="11" to="12">
<condition id="35">
<or_exp><and_exp></and_exp></or_exp>
</condition>
</trans>

<trans id="104" from="12" to="13">
<condition id="37">
<or_exp><and_exp></and_exp></or_exp>
</condition>
</trans>

<trans id="105" from="13" to="2">
<condition id="39">
<or_exp><and_exp></and_exp></or_exp>
</condition>
</trans>
</trans_list>



<state_list>

<state id="1" st_id="1">

<operation id="14" st_id="1" stage="1" lat="1">
<core>NULL</core>
<MemPortIdVec></MemPortIdVec>
<condition id="0">
<or_exp><and_exp></and_exp></or_exp>
</condition>

<Node id="8" bw="32" op_0_bw="32" op_1_bw="32">
<![CDATA[
.preheader6.preheader:0  %num_read_1 = call i32 @_ssdm_op_Read.ap_auto.i32(i32 %num_read)

]]></Node>
<StgValue><ssdm name="num_read_1"/></StgValue>
</operation>

<operation id="15" st_id="1" stage="1" lat="1">
<core>NULL</core>
<MemPortIdVec></MemPortIdVec>
<condition id="0">
<or_exp><and_exp></and_exp></or_exp>
</condition>

<Node id="9" bw="7" op_0_bw="7" op_1_bw="7">
<![CDATA[
.preheader6.preheader:1  %length_read = call i7 @_ssdm_op_Read.ap_auto.i7(i7 %length_r)

]]></Node>
<StgValue><ssdm name="length_read"/></StgValue>
</operation>

<operation id="16" st_id="1" stage="1" lat="1">
<core>NULL</core>
<MemPortIdVec></MemPortIdVec>
<condition id="0">
<or_exp><and_exp></and_exp></or_exp>
</condition>

<Node id="10" bw="32" op_0_bw="7">
<![CDATA[
.preheader6.preheader:2  %length_cast = sext i7 %length_read to i32

]]></Node>
<StgValue><ssdm name="length_cast"/></StgValue>
</operation>

<operation id="17" st_id="1" stage="1" lat="1">
<core>NULL</core>
<MemPortIdVec></MemPortIdVec>
<condition id="0">
<or_exp><and_exp></and_exp></or_exp>
</condition>

<Node id="11" bw="3" op_0_bw="8" op_1_bw="32" op_2_bw="32">
<![CDATA[
.preheader6.preheader:3  %ivec_addr = getelementptr [8 x i8]* %ivec, i32 0, i32 0

]]></Node>
<StgValue><ssdm name="ivec_addr"/></StgValue>
</operation>

<operation id="18" st_id="1" stage="1" lat="1">
<core>NULL</core>
<MemPortIdVec></MemPortIdVec>
<condition id="0">
<or_exp><and_exp></and_exp></or_exp>
</condition>

<Node id="12" bw="3" op_0_bw="8" op_1_bw="32" op_2_bw="32">
<![CDATA[
.preheader6.preheader:4  %iv = getelementptr [8 x i8]* %ivec, i32 0, i32 1

]]></Node>
<StgValue><ssdm name="iv"/></StgValue>
</operation>

<operation id="19" st_id="1" stage="1" lat="1">
<core>NULL</core>
<MemPortIdVec></MemPortIdVec>
<condition id="0">
<or_exp><and_exp></and_exp></or_exp>
</condition>

<Node id="13" bw="3" op_0_bw="8" op_1_bw="32" op_2_bw="32">
<![CDATA[
.preheader6.preheader:5  %iv_1 = getelementptr [8 x i8]* %ivec, i32 0, i32 2

]]></Node>
<StgValue><ssdm name="iv_1"/></StgValue>
</operation>

<operation id="20" st_id="1" stage="1" lat="1">
<core>NULL</core>
<MemPortIdVec></MemPortIdVec>
<condition id="0">
<or_exp><and_exp></and_exp></or_exp>
</condition>

<Node id="14" bw="3" op_0_bw="8" op_1_bw="32" op_2_bw="32">
<![CDATA[
.preheader6.preheader:6  %iv_2 = getelementptr [8 x i8]* %ivec, i32 0, i32 3

]]></Node>
<StgValue><ssdm name="iv_2"/></StgValue>
</operation>

<operation id="21" st_id="1" stage="1" lat="1">
<core>NULL</core>
<MemPortIdVec></MemPortIdVec>
<condition id="0">
<or_exp><and_exp></and_exp></or_exp>
</condition>

<Node id="15" bw="3" op_0_bw="8" op_1_bw="32" op_2_bw="32">
<![CDATA[
.preheader6.preheader:7  %iv_3 = getelementptr [8 x i8]* %ivec, i32 0, i32 4

]]></Node>
<StgValue><ssdm name="iv_3"/></StgValue>
</operation>

<operation id="22" st_id="1" stage="1" lat="1">
<core>NULL</core>
<MemPortIdVec></MemPortIdVec>
<condition id="0">
<or_exp><and_exp></and_exp></or_exp>
</condition>

<Node id="16" bw="3" op_0_bw="8" op_1_bw="32" op_2_bw="32">
<![CDATA[
.preheader6.preheader:8  %iv_4 = getelementptr [8 x i8]* %ivec, i32 0, i32 5

]]></Node>
<StgValue><ssdm name="iv_4"/></StgValue>
</operation>

<operation id="23" st_id="1" stage="1" lat="1">
<core>NULL</core>
<MemPortIdVec></MemPortIdVec>
<condition id="0">
<or_exp><and_exp></and_exp></or_exp>
</condition>

<Node id="17" bw="3" op_0_bw="8" op_1_bw="32" op_2_bw="32">
<![CDATA[
.preheader6.preheader:9  %iv_5 = getelementptr [8 x i8]* %ivec, i32 0, i32 6

]]></Node>
<StgValue><ssdm name="iv_5"/></StgValue>
</operation>

<operation id="24" st_id="1" stage="1" lat="1">
<core>NULL</core>
<MemPortIdVec></MemPortIdVec>
<condition id="0">
<or_exp><and_exp></and_exp></or_exp>
</condition>

<Node id="18" bw="3" op_0_bw="8" op_1_bw="32" op_2_bw="32">
<![CDATA[
.preheader6.preheader:10  %iv_6 = getelementptr [8 x i8]* %ivec, i32 0, i32 7

]]></Node>
<StgValue><ssdm name="iv_6"/></StgValue>
</operation>

<operation id="25" st_id="1" stage="1" lat="1">
<core>NULL</core>
<MemPortIdVec></MemPortIdVec>
<condition id="0">
<or_exp><and_exp></and_exp></or_exp>
</condition>

<Node id="19" bw="0" op_0_bw="0">
<![CDATA[
.preheader6.preheader:11  br label %.preheader6

]]></Node>
<StgValue><ssdm name=""/></StgValue>
</operation>
</state>

<state id="2" st_id="2">

<operation id="26" st_id="2" stage="1" lat="1">
<core>NULL</core>
<MemPortIdVec></MemPortIdVec>
<condition id="1">
<or_exp><and_exp></and_exp></or_exp>
</condition>

<Node id="21" bw="32" op_0_bw="32" op_1_bw="0">
<![CDATA[
.preheader6:0  %num_write_assign = phi i32 [ %n_cast, %._crit_edge ], [ %num_read_1, %.preheader6.preheader ]

]]></Node>
<StgValue><ssdm name="num_write_assign"/></StgValue>
</operation>

<operation id="27" st_id="2" stage="1" lat="1">
<core>NULL</core>
<MemPortIdVec></MemPortIdVec>
<condition id="1">
<or_exp><and_exp></and_exp></or_exp>
</condition>

<Node id="22" bw="32" op_0_bw="32" op_1_bw="0">
<![CDATA[
.preheader6:1  %l = phi i32 [ %l_9, %._crit_edge ], [ %length_cast, %.preheader6.preheader ]

]]></Node>
<StgValue><ssdm name="l"/></StgValue>
</operation>

<operation id="28" st_id="2" stage="1" lat="1">
<core>NULL</core>
<MemPortIdVec></MemPortIdVec>
<condition id="1">
<or_exp><and_exp></and_exp></or_exp>
</condition>

<Node id="23" bw="32" op_0_bw="32" op_1_bw="0">
<![CDATA[
.preheader6:2  %p_01_rec = phi i32 [ %p_rec4, %._crit_edge ], [ 0, %.preheader6.preheader ]

]]></Node>
<StgValue><ssdm name="p_01_rec"/></StgValue>
</operation>

<operation id="29" st_id="2" stage="1" lat="1">
<core>NULL</core>
<MemPortIdVec></MemPortIdVec>
<condition id="1">
<or_exp><and_exp></and_exp></or_exp>
</condition>

<Node id="24" bw="6" op_0_bw="7" op_1_bw="32" op_2_bw="32">
<![CDATA[
.preheader6:3  %in_addr = getelementptr [40 x i7]* %in_r, i32 0, i32 %p_01_rec

]]></Node>
<StgValue><ssdm name="in_addr"/></StgValue>
</operation>

<operation id="30" st_id="2" stage="1" lat="1">
<core>NULL</core>
<MemPortIdVec></MemPortIdVec>
<condition id="1">
<or_exp><and_exp></and_exp></or_exp>
</condition>

<Node id="25" bw="6" op_0_bw="8" op_1_bw="32" op_2_bw="32">
<![CDATA[
.preheader6:4  %out_addr = getelementptr [40 x i8]* %out_r, i32 0, i32 %p_01_rec

]]></Node>
<StgValue><ssdm name="out_addr"/></StgValue>
</operation>

<operation id="31" st_id="2" stage="1" lat="1">
<core>AddSub</core>
<MemPortIdVec></MemPortIdVec>
<condition id="1">
<or_exp><and_exp></and_exp></or_exp>
</condition>

<Node id="26" bw="32" op_0_bw="32" op_1_bw="32">
<![CDATA[
.preheader6:5  %l_9 = add nsw i32 %l, -1

]]></Node>
<StgValue><ssdm name="l_9"/></StgValue>
</operation>

<operation id="32" st_id="2" stage="1" lat="1">
<core>Cmp</core>
<MemPortIdVec></MemPortIdVec>
<condition id="1">
<or_exp><and_exp></and_exp></or_exp>
</condition>

<Node id="27" bw="1" op_0_bw="32" op_1_bw="32">
<![CDATA[
.preheader6:6  %tmp_s = icmp eq i32 %l, 0

]]></Node>
<StgValue><ssdm name="tmp_s"/></StgValue>
</operation>

<operation id="33" st_id="2" stage="1" lat="1">
<core>AddSub</core>
<MemPortIdVec></MemPortIdVec>
<condition id="1">
<or_exp><and_exp></and_exp></or_exp>
</condition>

<Node id="28" bw="32" op_0_bw="32" op_1_bw="32">
<![CDATA[
.preheader6:7  %p_rec4 = add i32 %p_01_rec, 1

]]></Node>
<StgValue><ssdm name="p_rec4"/></StgValue>
</operation>

<operation id="34" st_id="2" stage="1" lat="1">
<core>NULL</core>
<MemPortIdVec></MemPortIdVec>
<condition id="1">
<or_exp><and_exp></and_exp></or_exp>
</condition>

<Node id="29" bw="0" op_0_bw="1" op_1_bw="0" op_2_bw="0">
<![CDATA[
.preheader6:8  br i1 %tmp_s, label %.loopexit, label %0

]]></Node>
<StgValue><ssdm name=""/></StgValue>
</operation>

<operation id="35" st_id="2" stage="1" lat="1">
<core>Cmp</core>
<MemPortIdVec></MemPortIdVec>
<condition id="3">
<or_exp><and_exp><literal name="tmp_s" val="0"/>
</and_exp></or_exp>
</condition>

<Node id="31" bw="1" op_0_bw="32" op_1_bw="32">
<![CDATA[
:0  %tmp_212 = icmp eq i32 %num_write_assign, 0

]]></Node>
<StgValue><ssdm name="tmp_212"/></StgValue>
</operation>

<operation id="36" st_id="2" stage="1" lat="1">
<core>NULL</core>
<MemPortIdVec></MemPortIdVec>
<condition id="3">
<or_exp><and_exp><literal name="tmp_s" val="0"/>
</and_exp></or_exp>
</condition>

<Node id="32" bw="0" op_0_bw="1" op_1_bw="0" op_2_bw="0">
<![CDATA[
:1  br i1 %tmp_212, label %1, label %._crit_edge

]]></Node>
<StgValue><ssdm name=""/></StgValue>
</operation>

<operation id="37" st_id="2" stage="2" lat="2">
<core>RAM</core>
<MemPortIdVec></MemPortIdVec>
<condition id="5">
<or_exp><and_exp><literal name="tmp_s" val="0"/>
<literal name="tmp_212" val="1"/>
</and_exp></or_exp>
</condition>

<Node id="34" bw="8" op_0_bw="3">
<![CDATA[
:0  %ivec_load = load i8* %ivec_addr, align 1

]]></Node>
<StgValue><ssdm name="ivec_load"/></StgValue>
</operation>

<operation id="38" st_id="2" stage="2" lat="2">
<core>RAM</core>
<MemPortIdVec></MemPortIdVec>
<condition id="5">
<or_exp><and_exp><literal name="tmp_s" val="0"/>
<literal name="tmp_212" val="1"/>
</and_exp></or_exp>
</condition>

<Node id="35" bw="8" op_0_bw="3">
<![CDATA[
:1  %iv_load = load i8* %iv, align 1

]]></Node>
<StgValue><ssdm name="iv_load"/></StgValue>
</operation>

<operation id="39" st_id="2" stage="1" lat="1">
<core>NULL</core>
<MemPortIdVec></MemPortIdVec>
<condition id="7">
<or_exp><and_exp><literal name="tmp_s" val="1"/>
</and_exp></or_exp>
</condition>

<Node id="77" bw="0" op_0_bw="32">
<![CDATA[
.loopexit:0  ret i32 %num_write_assign

]]></Node>
<StgValue><ssdm name=""/></StgValue>
</operation>
</state>

<state id="3" st_id="3">

<operation id="40" st_id="3" stage="1" lat="2">
<core>RAM</core>
<MemPortIdVec></MemPortIdVec>
<condition id="8">
<or_exp><and_exp></and_exp></or_exp>
</condition>

<Node id="34" bw="8" op_0_bw="3">
<![CDATA[
:0  %ivec_load = load i8* %ivec_addr, align 1

]]></Node>
<StgValue><ssdm name="ivec_load"/></StgValue>
</operation>

<operation id="41" st_id="3" stage="1" lat="2">
<core>RAM</core>
<MemPortIdVec></MemPortIdVec>
<condition id="8">
<or_exp><and_exp></and_exp></or_exp>
</condition>

<Node id="35" bw="8" op_0_bw="3">
<![CDATA[
:1  %iv_load = load i8* %iv, align 1

]]></Node>
<StgValue><ssdm name="iv_load"/></StgValue>
</operation>

<operation id="42" st_id="3" stage="2" lat="2">
<core>RAM</core>
<MemPortIdVec></MemPortIdVec>
<condition id="8">
<or_exp><and_exp></and_exp></or_exp>
</condition>

<Node id="36" bw="8" op_0_bw="3">
<![CDATA[
:2  %iv_1_load = load i8* %iv_1, align 1

]]></Node>
<StgValue><ssdm name="iv_1_load"/></StgValue>
</operation>

<operation id="43" st_id="3" stage="2" lat="2">
<core>RAM</core>
<MemPortIdVec></MemPortIdVec>
<condition id="8">
<or_exp><and_exp></and_exp></or_exp>
</condition>

<Node id="37" bw="8" op_0_bw="3">
<![CDATA[
:3  %iv_2_load = load i8* %iv_2, align 1

]]></Node>
<StgValue><ssdm name="iv_2_load"/></StgValue>
</operation>
</state>

<state id="4" st_id="4">

<operation id="44" st_id="4" stage="1" lat="2">
<core>RAM</core>
<MemPortIdVec></MemPortIdVec>
<condition id="9">
<or_exp><and_exp></and_exp></or_exp>
</condition>

<Node id="36" bw="8" op_0_bw="3">
<![CDATA[
:2  %iv_1_load = load i8* %iv_1, align 1

]]></Node>
<StgValue><ssdm name="iv_1_load"/></StgValue>
</operation>

<operation id="45" st_id="4" stage="1" lat="2">
<core>RAM</core>
<MemPortIdVec></MemPortIdVec>
<condition id="9">
<or_exp><and_exp></and_exp></or_exp>
</condition>

<Node id="37" bw="8" op_0_bw="3">
<![CDATA[
:3  %iv_2_load = load i8* %iv_2, align 1

]]></Node>
<StgValue><ssdm name="iv_2_load"/></StgValue>
</operation>

<operation id="46" st_id="4" stage="2" lat="2">
<core>RAM</core>
<MemPortIdVec></MemPortIdVec>
<condition id="9">
<or_exp><and_exp></and_exp></or_exp>
</condition>

<Node id="39" bw="8" op_0_bw="3">
<![CDATA[
:5  %iv_3_load = load i8* %iv_3, align 1

]]></Node>
<StgValue><ssdm name="iv_3_load"/></StgValue>
</operation>

<operation id="47" st_id="4" stage="2" lat="2">
<core>RAM</core>
<MemPortIdVec></MemPortIdVec>
<condition id="9">
<or_exp><and_exp></and_exp></or_exp>
</condition>

<Node id="40" bw="8" op_0_bw="3">
<![CDATA[
:6  %iv_4_load = load i8* %iv_4, align 1

]]></Node>
<StgValue><ssdm name="iv_4_load"/></StgValue>
</operation>
</state>

<state id="5" st_id="5">

<operation id="48" st_id="5" stage="1" lat="2">
<core>RAM</core>
<MemPortIdVec></MemPortIdVec>
<condition id="10">
<or_exp><and_exp></and_exp></or_exp>
</condition>

<Node id="39" bw="8" op_0_bw="3">
<![CDATA[
:5  %iv_3_load = load i8* %iv_3, align 1

]]></Node>
<StgValue><ssdm name="iv_3_load"/></StgValue>
</operation>

<operation id="49" st_id="5" stage="1" lat="2">
<core>RAM</core>
<MemPortIdVec></MemPortIdVec>
<condition id="10">
<or_exp><and_exp></and_exp></or_exp>
</condition>

<Node id="40" bw="8" op_0_bw="3">
<![CDATA[
:6  %iv_4_load = load i8* %iv_4, align 1

]]></Node>
<StgValue><ssdm name="iv_4_load"/></StgValue>
</operation>

<operation id="50" st_id="5" stage="2" lat="2">
<core>RAM</core>
<MemPortIdVec></MemPortIdVec>
<condition id="10">
<or_exp><and_exp></and_exp></or_exp>
</condition>

<Node id="41" bw="8" op_0_bw="3">
<![CDATA[
:7  %iv_5_load = load i8* %iv_5, align 1

]]></Node>
<StgValue><ssdm name="iv_5_load"/></StgValue>
</operation>

<operation id="51" st_id="5" stage="2" lat="2">
<core>RAM</core>
<MemPortIdVec></MemPortIdVec>
<condition id="10">
<or_exp><and_exp></and_exp></or_exp>
</condition>

<Node id="42" bw="8" op_0_bw="3">
<![CDATA[
:8  %iv_6_load = load i8* %iv_6, align 1

]]></Node>
<StgValue><ssdm name="iv_6_load"/></StgValue>
</operation>
</state>

<state id="6" st_id="6">

<operation id="52" st_id="6" stage="1" lat="1">
<core>NULL</core>
<MemPortIdVec></MemPortIdVec>
<condition id="11">
<or_exp><and_exp></and_exp></or_exp>
</condition>

<Node id="38" bw="32" op_0_bw="32" op_1_bw="8" op_2_bw="8" op_3_bw="8" op_4_bw="8">
<![CDATA[
:4  %v0 = call i32 @_ssdm_op_BitConcatenate.i32.i8.i8.i8.i8(i8 %ivec_load, i8 %iv_load, i8 %iv_1_load, i8 %iv_2_load)

]]></Node>
<StgValue><ssdm name="v0"/></StgValue>
</operation>

<operation id="53" st_id="6" stage="1" lat="2">
<core>RAM</core>
<MemPortIdVec></MemPortIdVec>
<condition id="11">
<or_exp><and_exp></and_exp></or_exp>
</condition>

<Node id="41" bw="8" op_0_bw="3">
<![CDATA[
:7  %iv_5_load = load i8* %iv_5, align 1

]]></Node>
<StgValue><ssdm name="iv_5_load"/></StgValue>
</operation>

<operation id="54" st_id="6" stage="1" lat="2">
<core>RAM</core>
<MemPortIdVec></MemPortIdVec>
<condition id="11">
<or_exp><and_exp></and_exp></or_exp>
</condition>

<Node id="42" bw="8" op_0_bw="3">
<![CDATA[
:8  %iv_6_load = load i8* %iv_6, align 1

]]></Node>
<StgValue><ssdm name="iv_6_load"/></StgValue>
</operation>

<operation id="55" st_id="6" stage="1" lat="1">
<core>NULL</core>
<MemPortIdVec></MemPortIdVec>
<condition id="11">
<or_exp><and_exp></and_exp></or_exp>
</condition>

<Node id="43" bw="32" op_0_bw="32" op_1_bw="8" op_2_bw="8" op_3_bw="8" op_4_bw="8">
<![CDATA[
:9  %v1 = call i32 @_ssdm_op_BitConcatenate.i32.i8.i8.i8.i8(i8 %iv_3_load, i8 %iv_4_load, i8 %iv_5_load, i8 %iv_6_load)

]]></Node>
<StgValue><ssdm name="v1"/></StgValue>
</operation>

<operation id="56" st_id="6" stage="2" lat="2">
<core></core>
<MemPortIdVec></MemPortIdVec>
<condition id="11">
<or_exp><and_exp></and_exp></or_exp>
</condition>

<Node id="44" bw="64" op_0_bw="64" op_1_bw="32" op_2_bw="32">
<![CDATA[
:10  %call_ret = call fastcc { i32, i32 } @BF_encrypt(i32 %v0, i32 %v1)

]]></Node>
<StgValue><ssdm name="call_ret"/></StgValue>
</operation>
</state>

<state id="7" st_id="7">

<operation id="57" st_id="7" stage="1" lat="2">
<core></core>
<MemPortIdVec></MemPortIdVec>
<condition id="12">
<or_exp><and_exp></and_exp></or_exp>
</condition>

<Node id="44" bw="64" op_0_bw="64" op_1_bw="32" op_2_bw="32">
<![CDATA[
:10  %call_ret = call fastcc { i32, i32 } @BF_encrypt(i32 %v0, i32 %v1)

]]></Node>
<StgValue><ssdm name="call_ret"/></StgValue>
</operation>

<operation id="58" st_id="7" stage="1" lat="1">
<core>NULL</core>
<MemPortIdVec></MemPortIdVec>
<condition id="12">
<or_exp><and_exp></and_exp></or_exp>
</condition>

<Node id="45" bw="32" op_0_bw="64">
<![CDATA[
:11  %ti_0 = extractvalue { i32, i32 } %call_ret, 0

]]></Node>
<StgValue><ssdm name="ti_0"/></StgValue>
</operation>

<operation id="59" st_id="7" stage="1" lat="1">
<core>NULL</core>
<MemPortIdVec></MemPortIdVec>
<condition id="12">
<or_exp><and_exp></and_exp></or_exp>
</condition>

<Node id="46" bw="32" op_0_bw="64">
<![CDATA[
:12  %ti_1 = extractvalue { i32, i32 } %call_ret, 1

]]></Node>
<StgValue><ssdm name="ti_1"/></StgValue>
</operation>

<operation id="60" st_id="7" stage="1" lat="1">
<core>NULL</core>
<MemPortIdVec></MemPortIdVec>
<condition id="12">
<or_exp><and_exp></and_exp></or_exp>
</condition>

<Node id="47" bw="8" op_0_bw="8" op_1_bw="32" op_2_bw="32" op_3_bw="32">
<![CDATA[
:13  %tmp_218 = call i8 @_ssdm_op_PartSelect.i8.i32.i32.i32(i32 %ti_0, i32 24, i32 31)

]]></Node>
<StgValue><ssdm name="tmp_218"/></StgValue>
</operation>

<operation id="61" st_id="7" stage="1" lat="1">
<core>NULL</core>
<MemPortIdVec></MemPortIdVec>
<condition id="12">
<or_exp><and_exp></and_exp></or_exp>
</condition>

<Node id="49" bw="8" op_0_bw="8" op_1_bw="32" op_2_bw="32" op_3_bw="32">
<![CDATA[
:15  %tmp_220 = call i8 @_ssdm_op_PartSelect.i8.i32.i32.i32(i32 %ti_0, i32 16, i32 23)

]]></Node>
<StgValue><ssdm name="tmp_220"/></StgValue>
</operation>

<operation id="62" st_id="7" stage="1" lat="1">
<core>NULL</core>
<MemPortIdVec></MemPortIdVec>
<condition id="12">
<or_exp><and_exp></and_exp></or_exp>
</condition>

<Node id="51" bw="8" op_0_bw="8" op_1_bw="32" op_2_bw="32" op_3_bw="32">
<![CDATA[
:17  %tmp_222 = call i8 @_ssdm_op_PartSelect.i8.i32.i32.i32(i32 %ti_0, i32 8, i32 15)

]]></Node>
<StgValue><ssdm name="tmp_222"/></StgValue>
</operation>

<operation id="63" st_id="7" stage="1" lat="1">
<core>NULL</core>
<MemPortIdVec></MemPortIdVec>
<condition id="12">
<or_exp><and_exp></and_exp></or_exp>
</condition>

<Node id="53" bw="8" op_0_bw="32">
<![CDATA[
:19  %tmp = trunc i32 %ti_0 to i8

]]></Node>
<StgValue><ssdm name="tmp"/></StgValue>
</operation>

<operation id="64" st_id="7" stage="1" lat="1">
<core>NULL</core>
<MemPortIdVec></MemPortIdVec>
<condition id="12">
<or_exp><and_exp></and_exp></or_exp>
</condition>

<Node id="55" bw="8" op_0_bw="8" op_1_bw="32" op_2_bw="32" op_3_bw="32">
<![CDATA[
:21  %tmp_225 = call i8 @_ssdm_op_PartSelect.i8.i32.i32.i32(i32 %ti_1, i32 24, i32 31)

]]></Node>
<StgValue><ssdm name="tmp_225"/></StgValue>
</operation>

<operation id="65" st_id="7" stage="1" lat="1">
<core>NULL</core>
<MemPortIdVec></MemPortIdVec>
<condition id="12">
<or_exp><and_exp></and_exp></or_exp>
</condition>

<Node id="57" bw="8" op_0_bw="8" op_1_bw="32" op_2_bw="32" op_3_bw="32">
<![CDATA[
:23  %tmp_227 = call i8 @_ssdm_op_PartSelect.i8.i32.i32.i32(i32 %ti_1, i32 16, i32 23)

]]></Node>
<StgValue><ssdm name="tmp_227"/></StgValue>
</operation>

<operation id="66" st_id="7" stage="1" lat="1">
<core>NULL</core>
<MemPortIdVec></MemPortIdVec>
<condition id="12">
<or_exp><and_exp></and_exp></or_exp>
</condition>

<Node id="59" bw="8" op_0_bw="8" op_1_bw="32" op_2_bw="32" op_3_bw="32">
<![CDATA[
:25  %tmp_229 = call i8 @_ssdm_op_PartSelect.i8.i32.i32.i32(i32 %ti_1, i32 8, i32 15)

]]></Node>
<StgValue><ssdm name="tmp_229"/></StgValue>
</operation>

<operation id="67" st_id="7" stage="1" lat="1">
<core>NULL</core>
<MemPortIdVec></MemPortIdVec>
<condition id="12">
<or_exp><and_exp></and_exp></or_exp>
</condition>

<Node id="61" bw="8" op_0_bw="32">
<![CDATA[
:27  %tmp_547 = trunc i32 %ti_1 to i8

]]></Node>
<StgValue><ssdm name="tmp_547"/></StgValue>
</operation>
</state>

<state id="8" st_id="8">

<operation id="68" st_id="8" stage="1" lat="1">
<core>RAM</core>
<MemPortIdVec></MemPortIdVec>
<condition id="13">
<or_exp><and_exp></and_exp></or_exp>
</condition>

<Node id="48" bw="0" op_0_bw="8" op_1_bw="3">
<![CDATA[
:14  store i8 %tmp_218, i8* %ivec_addr, align 1

]]></Node>
<StgValue><ssdm name=""/></StgValue>
</operation>

<operation id="69" st_id="8" stage="1" lat="1">
<core>RAM</core>
<MemPortIdVec></MemPortIdVec>
<condition id="13">
<or_exp><and_exp></and_exp></or_exp>
</condition>

<Node id="50" bw="0" op_0_bw="8" op_1_bw="3">
<![CDATA[
:16  store i8 %tmp_220, i8* %iv, align 1

]]></Node>
<StgValue><ssdm name=""/></StgValue>
</operation>
</state>

<state id="9" st_id="9">

<operation id="70" st_id="9" stage="1" lat="1">
<core>RAM</core>
<MemPortIdVec></MemPortIdVec>
<condition id="14">
<or_exp><and_exp></and_exp></or_exp>
</condition>

<Node id="52" bw="0" op_0_bw="8" op_1_bw="3">
<![CDATA[
:18  store i8 %tmp_222, i8* %iv_1, align 1

]]></Node>
<StgValue><ssdm name=""/></StgValue>
</operation>

<operation id="71" st_id="9" stage="1" lat="1">
<core>RAM</core>
<MemPortIdVec></MemPortIdVec>
<condition id="14">
<or_exp><and_exp></and_exp></or_exp>
</condition>

<Node id="54" bw="0" op_0_bw="8" op_1_bw="3">
<![CDATA[
:20  store i8 %tmp, i8* %iv_2, align 1

]]></Node>
<StgValue><ssdm name=""/></StgValue>
</operation>
</state>

<state id="10" st_id="10">

<operation id="72" st_id="10" stage="1" lat="1">
<core>RAM</core>
<MemPortIdVec></MemPortIdVec>
<condition id="15">
<or_exp><and_exp></and_exp></or_exp>
</condition>

<Node id="56" bw="0" op_0_bw="8" op_1_bw="3">
<![CDATA[
:22  store i8 %tmp_225, i8* %iv_3, align 1

]]></Node>
<StgValue><ssdm name=""/></StgValue>
</operation>

<operation id="73" st_id="10" stage="1" lat="1">
<core>RAM</core>
<MemPortIdVec></MemPortIdVec>
<condition id="15">
<or_exp><and_exp></and_exp></or_exp>
</condition>

<Node id="58" bw="0" op_0_bw="8" op_1_bw="3">
<![CDATA[
:24  store i8 %tmp_227, i8* %iv_4, align 1

]]></Node>
<StgValue><ssdm name=""/></StgValue>
</operation>
</state>

<state id="11" st_id="11">

<operation id="74" st_id="11" stage="1" lat="1">
<core>RAM</core>
<MemPortIdVec></MemPortIdVec>
<condition id="16">
<or_exp><and_exp><literal name="tmp_212" val="1"/>
</and_exp></or_exp>
</condition>

<Node id="60" bw="0" op_0_bw="8" op_1_bw="3">
<![CDATA[
:26  store i8 %tmp_229, i8* %iv_5, align 1

]]></Node>
<StgValue><ssdm name=""/></StgValue>
</operation>

<operation id="75" st_id="11" stage="1" lat="1">
<core>RAM</core>
<MemPortIdVec></MemPortIdVec>
<condition id="16">
<or_exp><and_exp><literal name="tmp_212" val="1"/>
</and_exp></or_exp>
</condition>

<Node id="62" bw="0" op_0_bw="8" op_1_bw="3">
<![CDATA[
:28  store i8 %tmp_547, i8* %iv_6, align 1

]]></Node>
<StgValue><ssdm name=""/></StgValue>
</operation>

<operation id="76" st_id="11" stage="1" lat="1">
<core>NULL</core>
<MemPortIdVec></MemPortIdVec>
<condition id="16">
<or_exp><and_exp><literal name="tmp_212" val="1"/>
</and_exp></or_exp>
</condition>

<Node id="63" bw="0" op_0_bw="0">
<![CDATA[
:29  br label %._crit_edge

]]></Node>
<StgValue><ssdm name=""/></StgValue>
</operation>

<operation id="77" st_id="11" stage="1" lat="1">
<core>NULL</core>
<MemPortIdVec></MemPortIdVec>
<condition id="19">
<or_exp><and_exp></and_exp></or_exp>
</condition>

<Node id="67" bw="3" op_0_bw="8" op_1_bw="32" op_2_bw="32">
<![CDATA[
._crit_edge:2  %ivec_addr_8 = getelementptr [8 x i8]* %ivec, i32 0, i32 %num_write_assign

]]></Node>
<StgValue><ssdm name="ivec_addr_8"/></StgValue>
</operation>

<operation id="78" st_id="11" stage="1" lat="1">
<core>NULL</core>
<MemPortIdVec></MemPortIdVec>
<condition id="19">
<or_exp><and_exp></and_exp></or_exp>
</condition>

<Node id="72" bw="3" op_0_bw="32">
<![CDATA[
._crit_edge:7  %tmp_548 = trunc i32 %num_write_assign to i3

]]></Node>
<StgValue><ssdm name="tmp_548"/></StgValue>
</operation>

<operation id="79" st_id="11" stage="1" lat="1">
<core>AddSub</core>
<MemPortIdVec></MemPortIdVec>
<condition id="19">
<or_exp><and_exp></and_exp></or_exp>
</condition>

<Node id="73" bw="3" op_0_bw="3" op_1_bw="3">
<![CDATA[
._crit_edge:8  %n = add i3 1, %tmp_548

]]></Node>
<StgValue><ssdm name="n"/></StgValue>
</operation>

<operation id="80" st_id="11" stage="1" lat="1">
<core>NULL</core>
<MemPortIdVec></MemPortIdVec>
<condition id="19">
<or_exp><and_exp></and_exp></or_exp>
</condition>

<Node id="74" bw="32" op_0_bw="3">
<![CDATA[
._crit_edge:9  %n_cast = zext i3 %n to i32

]]></Node>
<StgValue><ssdm name="n_cast"/></StgValue>
</operation>
</state>

<state id="12" st_id="12">

<operation id="81" st_id="12" stage="2" lat="2">
<core>RAM</core>
<MemPortIdVec></MemPortIdVec>
<condition id="20">
<or_exp><and_exp></and_exp></or_exp>
</condition>

<Node id="65" bw="7" op_0_bw="6">
<![CDATA[
._crit_edge:0  %in_load = load i7* %in_addr, align 1

]]></Node>
<StgValue><ssdm name="in_load"/></StgValue>
</operation>

<operation id="82" st_id="12" stage="2" lat="2">
<core>RAM</core>
<MemPortIdVec></MemPortIdVec>
<condition id="20">
<or_exp><and_exp></and_exp></or_exp>
</condition>

<Node id="68" bw="8" op_0_bw="3">
<![CDATA[
._crit_edge:3  %ivec_load_1 = load i8* %ivec_addr_8, align 1

]]></Node>
<StgValue><ssdm name="ivec_load_1"/></StgValue>
</operation>
</state>

<state id="13" st_id="13">

<operation id="83" st_id="13" stage="1" lat="2">
<core>RAM</core>
<MemPortIdVec></MemPortIdVec>
<condition id="21">
<or_exp><and_exp></and_exp></or_exp>
</condition>

<Node id="65" bw="7" op_0_bw="6">
<![CDATA[
._crit_edge:0  %in_load = load i7* %in_addr, align 1

]]></Node>
<StgValue><ssdm name="in_load"/></StgValue>
</operation>

<operation id="84" st_id="13" stage="1" lat="1">
<core>NULL</core>
<MemPortIdVec></MemPortIdVec>
<condition id="21">
<or_exp><and_exp></and_exp></or_exp>
</condition>

<Node id="66" bw="8" op_0_bw="7">
<![CDATA[
._crit_edge:1  %extLd = zext i7 %in_load to i8

]]></Node>
<StgValue><ssdm name="extLd"/></StgValue>
</operation>

<operation id="85" st_id="13" stage="1" lat="2">
<core>RAM</core>
<MemPortIdVec></MemPortIdVec>
<condition id="21">
<or_exp><and_exp></and_exp></or_exp>
</condition>

<Node id="68" bw="8" op_0_bw="3">
<![CDATA[
._crit_edge:3  %ivec_load_1 = load i8* %ivec_addr_8, align 1

]]></Node>
<StgValue><ssdm name="ivec_load_1"/></StgValue>
</operation>

<operation id="86" st_id="13" stage="1" lat="1">
<core>LogicGate</core>
<MemPortIdVec></MemPortIdVec>
<condition id="21">
<or_exp><and_exp></and_exp></or_exp>
</condition>

<Node id="69" bw="8" op_0_bw="8" op_1_bw="8">
<![CDATA[
._crit_edge:4  %c = xor i8 %ivec_load_1, %extLd

]]></Node>
<StgValue><ssdm name="c"/></StgValue>
</operation>

<operation id="87" st_id="13" stage="1" lat="1">
<core>RAM</core>
<MemPortIdVec></MemPortIdVec>
<condition id="21">
<or_exp><and_exp></and_exp></or_exp>
</condition>

<Node id="70" bw="0" op_0_bw="8" op_1_bw="6">
<![CDATA[
._crit_edge:5  store i8 %c, i8* %out_addr, align 1

]]></Node>
<StgValue><ssdm name=""/></StgValue>
</operation>

<operation id="88" st_id="13" stage="1" lat="1">
<core>RAM</core>
<MemPortIdVec></MemPortIdVec>
<condition id="21">
<or_exp><and_exp></and_exp></or_exp>
</condition>

<Node id="71" bw="0" op_0_bw="8" op_1_bw="3">
<![CDATA[
._crit_edge:6  store i8 %c, i8* %ivec_addr_8, align 1

]]></Node>
<StgValue><ssdm name=""/></StgValue>
</operation>

<operation id="89" st_id="13" stage="1" lat="1">
<core>NULL</core>
<MemPortIdVec></MemPortIdVec>
<condition id="21">
<or_exp><and_exp></and_exp></or_exp>
</condition>

<Node id="75" bw="0" op_0_bw="0">
<![CDATA[
._crit_edge:10  br label %.preheader6

]]></Node>
<StgValue><ssdm name=""/></StgValue>
</operation>
</state>
</state_list>


<ports>
</ports>


<dataflows>
</dataflows>


</stg>
