<profile>

<section name = "Vivado HLS Report for 'BF_encrypt'" level="0">
<item name = "Date">Wed Mar 31 12:25:46 2021
</item>
<item name = "Version">2017.2 (Build 1909853 on Thu Jun 15 18:55:24 MDT 2017)</item>
<item name = "Project">pro</item>
<item name = "Solution">solution2</item>
<item name = "Product family">zynq</item>
<item name = "Target device">xc7z020clg484-1</item>
</section>

<section name = "Performance Estimates" level="0">
<item name = "Timing (ns)">
<section name = "" level="1">
<item name = "Summary"><table name="" hasTotal="0">
<keys size="4">Clock, Target, Estimated, Uncertainty</keys>
<column name="ap_clk">10.00, 8.22, 1.25</column>
</table>
</item>
</section>
</item>
<item name = "Latency (clock cycles)">
<section name = "" level="1">
<item name = "Summary"><table name="" hasTotal="0">
<keys size="6">, min, max, min, max, Type</keys>
<column name="">48, 48, 48, 48, none</column>
</table>
</item>
<item name = "Detail">
<section name = "" level="1">
<item name = "Instance"><table name="" hasTotal="0">
<keys size="7">Instance, Module, min, max, min, max, Type</keys>
</table>
</item>
<item name = "Loop"><table name="" hasTotal="0">
<keys size="8">Loop Name, min, max, Latency, achieved, target, Count, Pipelined</keys>
</table>
</item>
</section>
</item>
</section>
</item>
</section>

<section name = "Utilization Estimates" level="0">
<item name = "Summary"><table name="" hasTotal="1">
<keys size="5">Name, BRAM_18K, DSP48E, FF, LUT</keys>
<column name="DSP">-, -, -, -</column>
<column name="Expression">-, -, 6487, 6327</column>
<column name="FIFO">-, -, -, -</column>
<column name="Instance">-, -, -, -</column>
<column name="Memory">-, -, -, -</column>
<column name="Multiplexer">-, -, -, 622</column>
<column name="Register">-, -, 2497, -</column>
<specialColumn name="Available">280, 220, 106400, 53200</specialColumn>
<specialColumn name="Utilization (%)">0, 0, 8, 13</specialColumn>
</table>
</item>
<item name = "Detail">
<section name = "" level="1">
<item name = "Instance"><table name="" hasTotal="1">
<keys size="6">Instance, Module, BRAM_18K, DSP48E, FF, LUT</keys>
</table>
</item>
<item name = "DSP48"><table name="" hasTotal="0">
<keys size="3">Instance, Module, Expression</keys>
</table>
</item>
<item name = "Memory"><table name="" hasTotal="1">
<keys size="9">Memory, Module, BRAM_18K, FF, LUT, Words, Bits, Banks, W*Bits*Banks</keys>
</table>
</item>
<item name = "FIFO"><table name="" hasTotal="1">
<keys size="7">Name, BRAM_18K, FF, LUT, Depth, Bits, Size:D*B</keys>
</table>
</item>
<item name = "Expression"><table name="" hasTotal="1">
<keys size="7">Variable Name, Operation, DSP48E, FF, LUT, Bitwidth P0, Bitwidth P1</keys>
<column name="grp_fu_634_p2">+, 0, 101, 37, 32, 32</column>
<column name="tmp_103_fu_2287_p2">+, 0, 101, 37, 32, 32</column>
<column name="tmp_109_fu_1027_p2">+, 0, 29, 13, 8, 8</column>
<column name="tmp_113_fu_1033_p2">+, 0, 53, 21, 16, 16</column>
<column name="tmp_115_fu_2524_p2">+, 0, 101, 37, 32, 32</column>
<column name="tmp_118_fu_1039_p2">+, 0, 77, 29, 24, 24</column>
<column name="tmp_127_fu_2761_p2">+, 0, 101, 37, 32, 32</column>
<column name="tmp_134_fu_1108_p2">+, 0, 29, 13, 8, 8</column>
<column name="tmp_137_fu_1114_p2">+, 0, 53, 21, 16, 16</column>
<column name="tmp_139_fu_2998_p2">+, 0, 101, 37, 32, 32</column>
<column name="tmp_141_fu_1120_p2">+, 0, 77, 29, 24, 24</column>
<column name="tmp_151_fu_3235_p2">+, 0, 101, 37, 32, 32</column>
<column name="tmp_163_fu_3472_p2">+, 0, 101, 37, 32, 32</column>
<column name="tmp_173_fu_1264_p2">+, 0, 29, 13, 8, 8</column>
<column name="tmp_175_fu_3709_p2">+, 0, 101, 37, 32, 32</column>
<column name="tmp_178_fu_1270_p2">+, 0, 53, 21, 16, 16</column>
<column name="tmp_182_fu_1276_p2">+, 0, 77, 29, 24, 24</column>
<column name="tmp_187_fu_3946_p2">+, 0, 101, 37, 32, 32</column>
<column name="tmp_199_fu_4183_p2">+, 0, 101, 37, 32, 32</column>
<column name="tmp_201_fu_1345_p2">+, 0, 29, 13, 8, 8</column>
<column name="tmp_202_fu_1351_p2">+, 0, 53, 21, 16, 16</column>
<column name="tmp_205_fu_1357_p2">+, 0, 77, 29, 24, 24</column>
<column name="tmp_211_fu_4339_p2">+, 0, 101, 37, 32, 32</column>
<column name="tmp_223_fu_1501_p2">+, 0, 29, 13, 8, 8</column>
<column name="tmp_225_fu_1507_p2">+, 0, 53, 21, 16, 16</column>
<column name="tmp_227_fu_1513_p2">+, 0, 77, 29, 24, 24</column>
<column name="tmp_234_fu_1582_p2">+, 0, 29, 13, 8, 8</column>
<column name="tmp_235_fu_1588_p2">+, 0, 53, 21, 16, 16</column>
<column name="tmp_236_fu_1594_p2">+, 0, 77, 29, 24, 24</column>
<column name="tmp_250_fu_1738_p2">+, 0, 29, 13, 8, 8</column>
<column name="tmp_252_fu_1744_p2">+, 0, 53, 21, 16, 16</column>
<column name="tmp_254_fu_1750_p2">+, 0, 77, 29, 24, 24</column>
<column name="tmp_261_fu_1819_p2">+, 0, 29, 13, 8, 8</column>
<column name="tmp_262_fu_1825_p2">+, 0, 53, 21, 16, 16</column>
<column name="tmp_263_fu_1831_p2">+, 0, 77, 29, 24, 24</column>
<column name="tmp_277_fu_1975_p2">+, 0, 29, 13, 8, 8</column>
<column name="tmp_279_fu_1981_p2">+, 0, 53, 21, 16, 16</column>
<column name="tmp_281_fu_1987_p2">+, 0, 77, 29, 24, 24</column>
<column name="tmp_288_fu_2056_p2">+, 0, 29, 13, 8, 8</column>
<column name="tmp_289_fu_2062_p2">+, 0, 53, 21, 16, 16</column>
<column name="tmp_290_fu_2068_p2">+, 0, 77, 29, 24, 24</column>
<column name="tmp_304_fu_2212_p2">+, 0, 29, 13, 8, 8</column>
<column name="tmp_306_fu_2218_p2">+, 0, 53, 21, 16, 16</column>
<column name="tmp_308_fu_2224_p2">+, 0, 77, 29, 24, 24</column>
<column name="tmp_315_fu_2293_p2">+, 0, 29, 13, 8, 8</column>
<column name="tmp_316_fu_2299_p2">+, 0, 53, 21, 16, 16</column>
<column name="tmp_317_fu_2305_p2">+, 0, 77, 29, 24, 24</column>
<column name="tmp_31_fu_851_p2">+, 0, 101, 37, 32, 32</column>
<column name="tmp_331_fu_2449_p2">+, 0, 29, 13, 8, 8</column>
<column name="tmp_333_fu_2455_p2">+, 0, 53, 21, 16, 16</column>
<column name="tmp_335_fu_2461_p2">+, 0, 77, 29, 24, 24</column>
<column name="tmp_342_fu_2530_p2">+, 0, 29, 13, 8, 8</column>
<column name="tmp_343_fu_2536_p2">+, 0, 53, 21, 16, 16</column>
<column name="tmp_344_fu_2542_p2">+, 0, 77, 29, 24, 24</column>
<column name="tmp_358_fu_2686_p2">+, 0, 29, 13, 8, 8</column>
<column name="tmp_360_fu_2692_p2">+, 0, 53, 21, 16, 16</column>
<column name="tmp_362_fu_2698_p2">+, 0, 77, 29, 24, 24</column>
<column name="tmp_369_fu_2767_p2">+, 0, 29, 13, 8, 8</column>
<column name="tmp_370_fu_2773_p2">+, 0, 53, 21, 16, 16</column>
<column name="tmp_371_fu_2779_p2">+, 0, 77, 29, 24, 24</column>
<column name="tmp_37_fu_776_p2">+, 0, 29, 13, 8, 8</column>
<column name="tmp_385_fu_2923_p2">+, 0, 29, 13, 8, 8</column>
<column name="tmp_387_fu_2929_p2">+, 0, 53, 21, 16, 16</column>
<column name="tmp_389_fu_2935_p2">+, 0, 77, 29, 24, 24</column>
<column name="tmp_396_fu_3004_p2">+, 0, 29, 13, 8, 8</column>
<column name="tmp_397_fu_3010_p2">+, 0, 53, 21, 16, 16</column>
<column name="tmp_398_fu_3016_p2">+, 0, 77, 29, 24, 24</column>
<column name="tmp_412_fu_3160_p2">+, 0, 29, 13, 8, 8</column>
<column name="tmp_414_fu_3166_p2">+, 0, 53, 21, 16, 16</column>
<column name="tmp_416_fu_3172_p2">+, 0, 77, 29, 24, 24</column>
<column name="tmp_41_fu_782_p2">+, 0, 53, 21, 16, 16</column>
<column name="tmp_423_fu_3241_p2">+, 0, 29, 13, 8, 8</column>
<column name="tmp_424_fu_3247_p2">+, 0, 53, 21, 16, 16</column>
<column name="tmp_425_fu_3253_p2">+, 0, 77, 29, 24, 24</column>
<column name="tmp_439_fu_3397_p2">+, 0, 29, 13, 8, 8</column>
<column name="tmp_43_fu_1102_p2">+, 0, 101, 37, 32, 32</column>
<column name="tmp_441_fu_3403_p2">+, 0, 53, 21, 16, 16</column>
<column name="tmp_443_fu_3409_p2">+, 0, 77, 29, 24, 24</column>
<column name="tmp_450_fu_3478_p2">+, 0, 29, 13, 8, 8</column>
<column name="tmp_451_fu_3484_p2">+, 0, 53, 21, 16, 16</column>
<column name="tmp_452_fu_3490_p2">+, 0, 77, 29, 24, 24</column>
<column name="tmp_466_fu_3634_p2">+, 0, 29, 13, 8, 8</column>
<column name="tmp_468_fu_3640_p2">+, 0, 53, 21, 16, 16</column>
<column name="tmp_46_fu_788_p2">+, 0, 77, 29, 24, 24</column>
<column name="tmp_470_fu_3646_p2">+, 0, 77, 29, 24, 24</column>
<column name="tmp_477_fu_3715_p2">+, 0, 29, 13, 8, 8</column>
<column name="tmp_478_fu_3721_p2">+, 0, 53, 21, 16, 16</column>
<column name="tmp_479_fu_3727_p2">+, 0, 77, 29, 24, 24</column>
<column name="tmp_493_fu_3871_p2">+, 0, 29, 13, 8, 8</column>
<column name="tmp_495_fu_3877_p2">+, 0, 53, 21, 16, 16</column>
<column name="tmp_497_fu_3883_p2">+, 0, 77, 29, 24, 24</column>
<column name="tmp_504_fu_3952_p2">+, 0, 29, 13, 8, 8</column>
<column name="tmp_505_fu_3958_p2">+, 0, 53, 21, 16, 16</column>
<column name="tmp_506_fu_3964_p2">+, 0, 77, 29, 24, 24</column>
<column name="tmp_521_fu_4108_p2">+, 0, 29, 13, 8, 8</column>
<column name="tmp_523_fu_4114_p2">+, 0, 53, 21, 16, 16</column>
<column name="tmp_525_fu_4120_p2">+, 0, 77, 29, 24, 24</column>
<column name="tmp_532_fu_4189_p2">+, 0, 29, 13, 8, 8</column>
<column name="tmp_533_fu_4195_p2">+, 0, 53, 21, 16, 16</column>
<column name="tmp_534_fu_4201_p2">+, 0, 77, 29, 24, 24</column>
<column name="tmp_55_fu_1339_p2">+, 0, 101, 37, 32, 32</column>
<column name="tmp_62_fu_857_p2">+, 0, 29, 13, 8, 8</column>
<column name="tmp_67_fu_1576_p2">+, 0, 101, 37, 32, 32</column>
<column name="tmp_69_fu_863_p2">+, 0, 53, 21, 16, 16</column>
<column name="tmp_73_fu_869_p2">+, 0, 77, 29, 24, 24</column>
<column name="tmp_79_fu_1813_p2">+, 0, 101, 37, 32, 32</column>
<column name="tmp_91_fu_2050_p2">+, 0, 101, 37, 32, 32</column>
<column name="l_10_cast26_cast_fu_3066_p2">xor, 0, 0, 16, 16, 16</column>
<column name="l_10_cast_cast_fu_3072_p2">xor, 0, 0, 24, 24, 24</column>
<column name="l_10_cast_fu_3060_p2">xor, 0, 0, 8, 8, 8</column>
<column name="l_11_cast22_cast_fu_3540_p2">xor, 0, 0, 16, 16, 16</column>
<column name="l_11_cast_cast_fu_3546_p2">xor, 0, 0, 24, 24, 24</column>
<column name="l_11_cast_fu_3534_p2">xor, 0, 0, 8, 8, 8</column>
<column name="l_13_cast18_cast_fu_4014_p2">xor, 0, 0, 16, 16, 16</column>
<column name="l_13_cast_cast_fu_4020_p2">xor, 0, 0, 24, 24, 24</column>
<column name="l_13_cast_fu_4008_p2">xor, 0, 0, 8, 8, 8</column>
<column name="l_1_fu_1158_p2">xor, 0, 0, 32, 32, 32</column>
<column name="l_2_cast42_cast_fu_1170_p2">xor, 0, 0, 16, 16, 16</column>
<column name="l_2_cast_cast_fu_1176_p2">xor, 0, 0, 24, 24, 24</column>
<column name="l_2_cast_fu_1164_p2">xor, 0, 0, 8, 8, 8</column>
<column name="l_2_fu_1632_p2">xor, 0, 0, 32, 32, 32</column>
<column name="l_3_fu_2106_p2">xor, 0, 0, 32, 32, 32</column>
<column name="l_4_cast38_cast_fu_1644_p2">xor, 0, 0, 16, 16, 16</column>
<column name="l_4_cast_cast_fu_1650_p2">xor, 0, 0, 24, 24, 24</column>
<column name="l_4_cast_fu_1638_p2">xor, 0, 0, 8, 8, 8</column>
<column name="l_4_fu_2580_p2">xor, 0, 0, 32, 32, 32</column>
<column name="l_5_fu_3054_p2">xor, 0, 0, 32, 32, 32</column>
<column name="l_6_cast34_cast_fu_2118_p2">xor, 0, 0, 16, 16, 16</column>
<column name="l_6_cast_cast_fu_2124_p2">xor, 0, 0, 24, 24, 24</column>
<column name="l_6_cast_fu_2112_p2">xor, 0, 0, 8, 8, 8</column>
<column name="l_6_fu_3528_p2">xor, 0, 0, 32, 32, 32</column>
<column name="l_7_fu_4002_p2">xor, 0, 0, 32, 32, 32</column>
<column name="l_8_cast30_cast_fu_2592_p2">xor, 0, 0, 16, 16, 16</column>
<column name="l_8_cast_cast_fu_2598_p2">xor, 0, 0, 24, 24, 24</column>
<column name="l_8_cast_fu_2586_p2">xor, 0, 0, 8, 8, 8</column>
<column name="l_8_fu_4350_p2">xor, 0, 0, 32, 32, 32</column>
<column name="l_cast46_cast_fu_680_p2">xor, 0, 0, 16, 16, 16</column>
<column name="l_cast_cast_fu_686_p2">xor, 0, 0, 24, 24, 24</column>
<column name="l_cast_fu_674_p2">xor, 0, 0, 8, 8, 8</column>
<column name="l_fu_668_p2">xor, 0, 0, 32, 32, 32</column>
<column name="r_10_cast24_cast_fu_3303_p2">xor, 0, 0, 16, 16, 16</column>
<column name="r_10_cast_cast_fu_3309_p2">xor, 0, 0, 24, 24, 24</column>
<column name="r_10_cast_fu_3297_p2">xor, 0, 0, 8, 8, 8</column>
<column name="r_12_cast20_cast_fu_3777_p2">xor, 0, 0, 16, 16, 16</column>
<column name="r_12_cast_cast_fu_3783_p2">xor, 0, 0, 24, 24, 24</column>
<column name="r_12_cast_fu_3771_p2">xor, 0, 0, 8, 8, 8</column>
<column name="r_14_cast16_cast_fu_4251_p2">xor, 0, 0, 16, 16, 16</column>
<column name="r_14_cast_cast_fu_4257_p2">xor, 0, 0, 24, 24, 24</column>
<column name="r_14_cast_fu_4245_p2">xor, 0, 0, 8, 8, 8</column>
<column name="r_1_cast44_cast_fu_931_p2">xor, 0, 0, 16, 16, 16</column>
<column name="r_1_cast_cast_fu_937_p2">xor, 0, 0, 24, 24, 24</column>
<column name="r_1_cast_fu_925_p2">xor, 0, 0, 8, 8, 8</column>
<column name="r_1_fu_1395_p2">xor, 0, 0, 32, 32, 32</column>
<column name="r_2_fu_1869_p2">xor, 0, 0, 32, 32, 32</column>
<column name="r_3_cast40_cast_fu_1407_p2">xor, 0, 0, 16, 16, 16</column>
<column name="r_3_cast_cast_fu_1413_p2">xor, 0, 0, 24, 24, 24</column>
<column name="r_3_cast_fu_1401_p2">xor, 0, 0, 8, 8, 8</column>
<column name="r_3_fu_2343_p2">xor, 0, 0, 32, 32, 32</column>
<column name="r_4_fu_2817_p2">xor, 0, 0, 32, 32, 32</column>
<column name="r_5_cast36_cast_fu_1881_p2">xor, 0, 0, 16, 16, 16</column>
<column name="r_5_cast_cast_fu_1887_p2">xor, 0, 0, 24, 24, 24</column>
<column name="r_5_cast_fu_1875_p2">xor, 0, 0, 8, 8, 8</column>
<column name="r_5_fu_3291_p2">xor, 0, 0, 32, 32, 32</column>
<column name="r_6_fu_3765_p2">xor, 0, 0, 32, 32, 32</column>
<column name="r_7_cast32_cast_fu_2355_p2">xor, 0, 0, 16, 16, 16</column>
<column name="r_7_cast_cast_fu_2361_p2">xor, 0, 0, 24, 24, 24</column>
<column name="r_7_cast_fu_2349_p2">xor, 0, 0, 8, 8, 8</column>
<column name="r_7_fu_4239_p2">xor, 0, 0, 32, 32, 32</column>
<column name="r_8_fu_4356_p2">xor, 0, 0, 32, 32, 32</column>
<column name="r_9_cast28_cast_fu_2829_p2">xor, 0, 0, 16, 16, 16</column>
<column name="r_9_cast_cast_fu_2835_p2">xor, 0, 0, 24, 24, 24</column>
<column name="r_9_cast_fu_2823_p2">xor, 0, 0, 8, 8, 8</column>
<column name="r_fu_919_p2">xor, 0, 0, 32, 32, 32</column>
<column name="tmp10_fu_3259_p2">xor, 0, 0, 32, 32, 32</column>
<column name="tmp11_fu_3496_p2">xor, 0, 0, 32, 32, 32</column>
<column name="tmp12_fu_3733_p2">xor, 0, 0, 32, 32, 32</column>
<column name="tmp13_fu_3970_p2">xor, 0, 0, 32, 32, 32</column>
<column name="tmp14_fu_4207_p2">xor, 0, 0, 32, 32, 32</column>
<column name="tmp15_fu_4345_p2">xor, 0, 0, 32, 32, 32</column>
<column name="tmp1_fu_1126_p2">xor, 0, 0, 32, 32, 32</column>
<column name="tmp2_fu_1363_p2">xor, 0, 0, 32, 32, 32</column>
<column name="tmp3_fu_1600_p2">xor, 0, 0, 32, 32, 32</column>
<column name="tmp4_fu_1837_p2">xor, 0, 0, 32, 32, 32</column>
<column name="tmp5_fu_2074_p2">xor, 0, 0, 32, 32, 32</column>
<column name="tmp6_fu_2311_p2">xor, 0, 0, 32, 32, 32</column>
<column name="tmp7_fu_2548_p2">xor, 0, 0, 32, 32, 32</column>
<column name="tmp8_fu_2785_p2">xor, 0, 0, 32, 32, 32</column>
<column name="tmp9_fu_3022_p2">xor, 0, 0, 32, 32, 32</column>
<column name="tmp_100_fu_2254_p2">xor, 0, 0, 32, 32, 32</column>
<column name="tmp_112_fu_2491_p2">xor, 0, 0, 32, 32, 32</column>
<column name="tmp_122_fu_1079_p2">xor, 0, 0, 24, 24, 24</column>
<column name="tmp_124_fu_2728_p2">xor, 0, 0, 32, 32, 32</column>
<column name="tmp_129_fu_1088_p2">xor, 0, 0, 16, 16, 16</column>
<column name="tmp_133_fu_1097_p2">xor, 0, 0, 8, 8, 8</column>
<column name="tmp_136_fu_2965_p2">xor, 0, 0, 32, 32, 32</column>
<column name="tmp_142_fu_1131_p2">xor, 0, 0, 24, 24, 24</column>
<column name="tmp_146_fu_1140_p2">xor, 0, 0, 16, 16, 16</column>
<column name="tmp_148_fu_3202_p2">xor, 0, 0, 32, 32, 32</column>
<column name="tmp_153_fu_1149_p2">xor, 0, 0, 8, 8, 8</column>
<column name="tmp_160_fu_3439_p2">xor, 0, 0, 32, 32, 32</column>
<column name="tmp_172_fu_3676_p2">xor, 0, 0, 32, 32, 32</column>
<column name="tmp_184_fu_3913_p2">xor, 0, 0, 32, 32, 32</column>
<column name="tmp_189_fu_1316_p2">xor, 0, 0, 24, 24, 24</column>
<column name="tmp_193_fu_1325_p2">xor, 0, 0, 16, 16, 16</column>
<column name="tmp_196_fu_4150_p2">xor, 0, 0, 32, 32, 32</column>
<column name="tmp_197_fu_1334_p2">xor, 0, 0, 8, 8, 8</column>
<column name="tmp_206_fu_1368_p2">xor, 0, 0, 24, 24, 24</column>
<column name="tmp_208_fu_4333_p2">xor, 0, 0, 32, 32, 32</column>
<column name="tmp_212_fu_1377_p2">xor, 0, 0, 16, 16, 16</column>
<column name="tmp_214_fu_1386_p2">xor, 0, 0, 8, 8, 8</column>
<column name="tmp_229_fu_1553_p2">xor, 0, 0, 24, 24, 24</column>
<column name="tmp_231_fu_1562_p2">xor, 0, 0, 16, 16, 16</column>
<column name="tmp_233_fu_1571_p2">xor, 0, 0, 8, 8, 8</column>
<column name="tmp_237_fu_1605_p2">xor, 0, 0, 24, 24, 24</column>
<column name="tmp_239_fu_1614_p2">xor, 0, 0, 16, 16, 16</column>
<column name="tmp_241_fu_1623_p2">xor, 0, 0, 8, 8, 8</column>
<column name="tmp_256_fu_1790_p2">xor, 0, 0, 24, 24, 24</column>
<column name="tmp_258_fu_1799_p2">xor, 0, 0, 16, 16, 16</column>
<column name="tmp_260_fu_1808_p2">xor, 0, 0, 8, 8, 8</column>
<column name="tmp_264_fu_1842_p2">xor, 0, 0, 24, 24, 24</column>
<column name="tmp_266_fu_1851_p2">xor, 0, 0, 16, 16, 16</column>
<column name="tmp_268_fu_1860_p2">xor, 0, 0, 8, 8, 8</column>
<column name="tmp_283_fu_2027_p2">xor, 0, 0, 24, 24, 24</column>
<column name="tmp_285_fu_2036_p2">xor, 0, 0, 16, 16, 16</column>
<column name="tmp_287_fu_2045_p2">xor, 0, 0, 8, 8, 8</column>
<column name="tmp_28_fu_818_p2">xor, 0, 0, 32, 32, 32</column>
<column name="tmp_291_fu_2079_p2">xor, 0, 0, 24, 24, 24</column>
<column name="tmp_293_fu_2088_p2">xor, 0, 0, 16, 16, 16</column>
<column name="tmp_295_fu_2097_p2">xor, 0, 0, 8, 8, 8</column>
<column name="tmp_310_fu_2264_p2">xor, 0, 0, 24, 24, 24</column>
<column name="tmp_312_fu_2273_p2">xor, 0, 0, 16, 16, 16</column>
<column name="tmp_314_fu_2282_p2">xor, 0, 0, 8, 8, 8</column>
<column name="tmp_318_fu_2316_p2">xor, 0, 0, 24, 24, 24</column>
<column name="tmp_320_fu_2325_p2">xor, 0, 0, 16, 16, 16</column>
<column name="tmp_322_fu_2334_p2">xor, 0, 0, 8, 8, 8</column>
<column name="tmp_337_fu_2501_p2">xor, 0, 0, 24, 24, 24</column>
<column name="tmp_339_fu_2510_p2">xor, 0, 0, 16, 16, 16</column>
<column name="tmp_341_fu_2519_p2">xor, 0, 0, 8, 8, 8</column>
<column name="tmp_345_fu_2553_p2">xor, 0, 0, 24, 24, 24</column>
<column name="tmp_347_fu_2562_p2">xor, 0, 0, 16, 16, 16</column>
<column name="tmp_349_fu_2571_p2">xor, 0, 0, 8, 8, 8</column>
<column name="tmp_364_fu_2738_p2">xor, 0, 0, 24, 24, 24</column>
<column name="tmp_366_fu_2747_p2">xor, 0, 0, 16, 16, 16</column>
<column name="tmp_368_fu_2756_p2">xor, 0, 0, 8, 8, 8</column>
<column name="tmp_372_fu_2790_p2">xor, 0, 0, 24, 24, 24</column>
<column name="tmp_374_fu_2799_p2">xor, 0, 0, 16, 16, 16</column>
<column name="tmp_376_fu_2808_p2">xor, 0, 0, 8, 8, 8</column>
<column name="tmp_391_fu_2975_p2">xor, 0, 0, 24, 24, 24</column>
<column name="tmp_393_fu_2984_p2">xor, 0, 0, 16, 16, 16</column>
<column name="tmp_395_fu_2993_p2">xor, 0, 0, 8, 8, 8</column>
<column name="tmp_399_fu_3027_p2">xor, 0, 0, 24, 24, 24</column>
<column name="tmp_401_fu_3036_p2">xor, 0, 0, 16, 16, 16</column>
<column name="tmp_403_fu_3045_p2">xor, 0, 0, 8, 8, 8</column>
<column name="tmp_40_fu_1069_p2">xor, 0, 0, 32, 32, 32</column>
<column name="tmp_418_fu_3212_p2">xor, 0, 0, 24, 24, 24</column>
<column name="tmp_420_fu_3221_p2">xor, 0, 0, 16, 16, 16</column>
<column name="tmp_422_fu_3230_p2">xor, 0, 0, 8, 8, 8</column>
<column name="tmp_426_fu_3264_p2">xor, 0, 0, 24, 24, 24</column>
<column name="tmp_428_fu_3273_p2">xor, 0, 0, 16, 16, 16</column>
<column name="tmp_430_fu_3282_p2">xor, 0, 0, 8, 8, 8</column>
<column name="tmp_445_fu_3449_p2">xor, 0, 0, 24, 24, 24</column>
<column name="tmp_447_fu_3458_p2">xor, 0, 0, 16, 16, 16</column>
<column name="tmp_449_fu_3467_p2">xor, 0, 0, 8, 8, 8</column>
<column name="tmp_453_fu_3501_p2">xor, 0, 0, 24, 24, 24</column>
<column name="tmp_455_fu_3510_p2">xor, 0, 0, 16, 16, 16</column>
<column name="tmp_457_fu_3519_p2">xor, 0, 0, 8, 8, 8</column>
<column name="tmp_472_fu_3686_p2">xor, 0, 0, 24, 24, 24</column>
<column name="tmp_474_fu_3695_p2">xor, 0, 0, 16, 16, 16</column>
<column name="tmp_476_fu_3704_p2">xor, 0, 0, 8, 8, 8</column>
<column name="tmp_480_fu_3738_p2">xor, 0, 0, 24, 24, 24</column>
<column name="tmp_482_fu_3747_p2">xor, 0, 0, 16, 16, 16</column>
<column name="tmp_484_fu_3756_p2">xor, 0, 0, 8, 8, 8</column>
<column name="tmp_499_fu_3923_p2">xor, 0, 0, 24, 24, 24</column>
<column name="tmp_501_fu_3932_p2">xor, 0, 0, 16, 16, 16</column>
<column name="tmp_503_fu_3941_p2">xor, 0, 0, 8, 8, 8</column>
<column name="tmp_507_fu_3975_p2">xor, 0, 0, 24, 24, 24</column>
<column name="tmp_509_fu_3984_p2">xor, 0, 0, 16, 16, 16</column>
<column name="tmp_50_fu_828_p2">xor, 0, 0, 24, 24, 24</column>
<column name="tmp_511_fu_3993_p2">xor, 0, 0, 8, 8, 8</column>
<column name="tmp_527_fu_4160_p2">xor, 0, 0, 24, 24, 24</column>
<column name="tmp_529_fu_4169_p2">xor, 0, 0, 16, 16, 16</column>
<column name="tmp_52_fu_1306_p2">xor, 0, 0, 32, 32, 32</column>
<column name="tmp_531_fu_4178_p2">xor, 0, 0, 8, 8, 8</column>
<column name="tmp_535_fu_4212_p2">xor, 0, 0, 24, 24, 24</column>
<column name="tmp_537_fu_4221_p2">xor, 0, 0, 16, 16, 16</column>
<column name="tmp_539_fu_4230_p2">xor, 0, 0, 8, 8, 8</column>
<column name="tmp_57_fu_837_p2">xor, 0, 0, 16, 16, 16</column>
<column name="tmp_61_fu_846_p2">xor, 0, 0, 8, 8, 8</column>
<column name="tmp_64_fu_1543_p2">xor, 0, 0, 32, 32, 32</column>
<column name="tmp_76_fu_1780_p2">xor, 0, 0, 32, 32, 32</column>
<column name="tmp_77_fu_892_p2">xor, 0, 0, 24, 24, 24</column>
<column name="tmp_82_fu_901_p2">xor, 0, 0, 16, 16, 16</column>
<column name="tmp_86_fu_910_p2">xor, 0, 0, 8, 8, 8</column>
<column name="tmp_88_fu_2017_p2">xor, 0, 0, 32, 32, 32</column>
<column name="tmp_fu_887_p2">xor, 0, 0, 32, 32, 32</column>
</table>
</item>
<item name = "Multiplexer"><table name="" hasTotal="1">
<keys size="5">Name, LUT, Input Size, Bits, Total Bits</keys>
<column name="ap_NS_fsm">217, 50, 1, 50</column>
<column name="ap_return_0">9, 2, 32, 64</column>
<column name="ap_return_1">9, 2, 32, 64</column>
<column name="key_P_address0">89, 18, 5, 90</column>
<column name="key_S_address0">149, 33, 10, 330</column>
<column name="key_S_address1">149, 33, 10, 330</column>
</table>
</item>
<item name = "Register"><table name="" hasTotal="1">
<keys size="5">Name, FF, LUT, Bits, Const Bits</keys>
<column name="ap_CS_fsm">49, 0, 49, 0</column>
<column name="ap_return_0_preg">32, 0, 32, 0</column>
<column name="ap_return_1_preg">32, 0, 32, 0</column>
<column name="l_10_cast26_cast_reg_5094">16, 0, 16, 0</column>
<column name="l_10_cast_cast_reg_5099">24, 0, 24, 0</column>
<column name="l_10_cast_reg_5088">8, 0, 8, 0</column>
<column name="l_11_cast22_cast_reg_5236">16, 0, 16, 0</column>
<column name="l_11_cast_cast_reg_5241">24, 0, 24, 0</column>
<column name="l_11_cast_reg_5230">8, 0, 8, 0</column>
<column name="l_13_cast_reg_5372">8, 0, 8, 0</column>
<column name="l_1_reg_4515">32, 0, 32, 0</column>
<column name="l_2_cast42_cast_reg_4526">16, 0, 16, 0</column>
<column name="l_2_cast_cast_reg_4531">24, 0, 24, 0</column>
<column name="l_2_cast_reg_4520">8, 0, 8, 0</column>
<column name="l_2_reg_4657">32, 0, 32, 0</column>
<column name="l_3_reg_4799">32, 0, 32, 0</column>
<column name="l_4_cast38_cast_reg_4668">16, 0, 16, 0</column>
<column name="l_4_cast_cast_reg_4673">24, 0, 24, 0</column>
<column name="l_4_cast_reg_4662">8, 0, 8, 0</column>
<column name="l_4_reg_4941">32, 0, 32, 0</column>
<column name="l_5_reg_5083">32, 0, 32, 0</column>
<column name="l_6_cast34_cast_reg_4810">16, 0, 16, 0</column>
<column name="l_6_cast_cast_reg_4815">24, 0, 24, 0</column>
<column name="l_6_cast_reg_4804">8, 0, 8, 0</column>
<column name="l_6_reg_5225">32, 0, 32, 0</column>
<column name="l_7_reg_5367">32, 0, 32, 0</column>
<column name="l_8_cast30_cast_reg_4952">16, 0, 16, 0</column>
<column name="l_8_cast_cast_reg_4957">24, 0, 24, 0</column>
<column name="l_8_cast_reg_4946">8, 0, 8, 0</column>
<column name="l_cast46_cast_reg_4384">16, 0, 16, 0</column>
<column name="l_cast_cast_reg_4389">24, 0, 24, 0</column>
<column name="l_cast_reg_4378">8, 0, 8, 0</column>
<column name="l_reg_4373">32, 0, 32, 0</column>
<column name="r_10_cast24_cast_reg_5165">16, 0, 16, 0</column>
<column name="r_10_cast_cast_reg_5170">24, 0, 24, 0</column>
<column name="r_10_cast_reg_5159">8, 0, 8, 0</column>
<column name="r_12_cast20_cast_reg_5307">16, 0, 16, 0</column>
<column name="r_12_cast_cast_reg_5312">24, 0, 24, 0</column>
<column name="r_12_cast_reg_5301">8, 0, 8, 0</column>
<column name="r_14_cast_reg_5432">8, 0, 8, 0</column>
<column name="r_1_cast44_cast_reg_4465">16, 0, 16, 0</column>
<column name="r_1_cast_cast_reg_4470">24, 0, 24, 0</column>
<column name="r_1_cast_reg_4459">8, 0, 8, 0</column>
<column name="r_1_reg_4586">32, 0, 32, 0</column>
<column name="r_2_reg_4728">32, 0, 32, 0</column>
<column name="r_3_cast40_cast_reg_4597">16, 0, 16, 0</column>
<column name="r_3_cast_cast_reg_4602">24, 0, 24, 0</column>
<column name="r_3_cast_reg_4591">8, 0, 8, 0</column>
<column name="r_3_reg_4870">32, 0, 32, 0</column>
<column name="r_4_reg_5012">32, 0, 32, 0</column>
<column name="r_5_cast36_cast_reg_4739">16, 0, 16, 0</column>
<column name="r_5_cast_cast_reg_4744">24, 0, 24, 0</column>
<column name="r_5_cast_reg_4733">8, 0, 8, 0</column>
<column name="r_5_reg_5154">32, 0, 32, 0</column>
<column name="r_6_reg_5296">32, 0, 32, 0</column>
<column name="r_7_cast32_cast_reg_4881">16, 0, 16, 0</column>
<column name="r_7_cast_cast_reg_4886">24, 0, 24, 0</column>
<column name="r_7_cast_reg_4875">8, 0, 8, 0</column>
<column name="r_7_reg_5427">32, 0, 32, 0</column>
<column name="r_9_cast28_cast_reg_5023">16, 0, 16, 0</column>
<column name="r_9_cast_cast_reg_5028">24, 0, 24, 0</column>
<column name="r_9_cast_reg_5017">8, 0, 8, 0</column>
<column name="r_reg_4454">32, 0, 32, 0</column>
<column name="reg_640">32, 0, 32, 0</column>
<column name="tmp_104_reg_4891">8, 0, 8, 0</column>
<column name="tmp_105_cast_reg_4896">8, 0, 8, 0</column>
<column name="tmp_109_cast_reg_4901">8, 0, 8, 0</column>
<column name="tmp_109_reg_4495">8, 0, 8, 0</column>
<column name="tmp_113_reg_4500">16, 0, 16, 0</column>
<column name="tmp_116_reg_4962">8, 0, 8, 0</column>
<column name="tmp_117_cast_reg_4967">8, 0, 8, 0</column>
<column name="tmp_118_reg_4505">24, 0, 24, 0</column>
<column name="tmp_121_cast_reg_4972">8, 0, 8, 0</column>
<column name="tmp_128_reg_5033">8, 0, 8, 0</column>
<column name="tmp_129_cast_reg_5038">8, 0, 8, 0</column>
<column name="tmp_133_cast_reg_5043">8, 0, 8, 0</column>
<column name="tmp_140_reg_5104">8, 0, 8, 0</column>
<column name="tmp_141_cast_reg_5109">8, 0, 8, 0</column>
<column name="tmp_145_cast_reg_5114">8, 0, 8, 0</column>
<column name="tmp_152_reg_5175">8, 0, 8, 0</column>
<column name="tmp_153_cast_reg_5180">8, 0, 8, 0</column>
<column name="tmp_157_cast_reg_5185">8, 0, 8, 0</column>
<column name="tmp_164_reg_5246">8, 0, 8, 0</column>
<column name="tmp_165_cast_reg_5251">8, 0, 8, 0</column>
<column name="tmp_169_cast_reg_5256">8, 0, 8, 0</column>
<column name="tmp_173_reg_4566">8, 0, 8, 0</column>
<column name="tmp_176_reg_5317">8, 0, 8, 0</column>
<column name="tmp_177_cast_reg_5322">8, 0, 8, 0</column>
<column name="tmp_178_reg_4571">16, 0, 16, 0</column>
<column name="tmp_181_cast_reg_5327">8, 0, 8, 0</column>
<column name="tmp_182_reg_4576">24, 0, 24, 0</column>
<column name="tmp_188_reg_5377">8, 0, 8, 0</column>
<column name="tmp_189_cast_reg_5382">8, 0, 8, 0</column>
<column name="tmp_193_cast_reg_5387">8, 0, 8, 0</column>
<column name="tmp_200_reg_5437">8, 0, 8, 0</column>
<column name="tmp_201_cast_reg_5442">8, 0, 8, 0</column>
<column name="tmp_205_cast_reg_5447">8, 0, 8, 0</column>
<column name="tmp_223_reg_4637">8, 0, 8, 0</column>
<column name="tmp_225_reg_4642">16, 0, 16, 0</column>
<column name="tmp_227_reg_4647">24, 0, 24, 0</column>
<column name="tmp_250_reg_4708">8, 0, 8, 0</column>
<column name="tmp_252_reg_4713">16, 0, 16, 0</column>
<column name="tmp_254_reg_4718">24, 0, 24, 0</column>
<column name="tmp_25_cast_reg_4404">8, 0, 8, 0</column>
<column name="tmp_277_reg_4779">8, 0, 8, 0</column>
<column name="tmp_279_reg_4784">16, 0, 16, 0</column>
<column name="tmp_281_reg_4789">24, 0, 24, 0</column>
<column name="tmp_304_reg_4850">8, 0, 8, 0</column>
<column name="tmp_306_reg_4855">16, 0, 16, 0</column>
<column name="tmp_308_reg_4860">24, 0, 24, 0</column>
<column name="tmp_31_reg_4434">32, 0, 32, 0</column>
<column name="tmp_331_reg_4921">8, 0, 8, 0</column>
<column name="tmp_333_reg_4926">16, 0, 16, 0</column>
<column name="tmp_335_reg_4931">24, 0, 24, 0</column>
<column name="tmp_358_reg_4992">8, 0, 8, 0</column>
<column name="tmp_360_reg_4997">16, 0, 16, 0</column>
<column name="tmp_362_reg_5002">24, 0, 24, 0</column>
<column name="tmp_37_cast_reg_4485">8, 0, 8, 0</column>
<column name="tmp_37_reg_4414">8, 0, 8, 0</column>
<column name="tmp_385_reg_5063">8, 0, 8, 0</column>
<column name="tmp_387_reg_5068">16, 0, 16, 0</column>
<column name="tmp_389_reg_5073">24, 0, 24, 0</column>
<column name="tmp_412_reg_5134">8, 0, 8, 0</column>
<column name="tmp_414_reg_5139">16, 0, 16, 0</column>
<column name="tmp_416_reg_5144">24, 0, 24, 0</column>
<column name="tmp_41_reg_4419">16, 0, 16, 0</column>
<column name="tmp_439_reg_5205">8, 0, 8, 0</column>
<column name="tmp_441_reg_5210">16, 0, 16, 0</column>
<column name="tmp_443_reg_5215">24, 0, 24, 0</column>
<column name="tmp_44_reg_4536">8, 0, 8, 0</column>
<column name="tmp_45_cast_reg_4541">8, 0, 8, 0</column>
<column name="tmp_466_reg_5276">8, 0, 8, 0</column>
<column name="tmp_468_reg_5281">16, 0, 16, 0</column>
<column name="tmp_46_reg_4424">24, 0, 24, 0</column>
<column name="tmp_470_reg_5286">24, 0, 24, 0</column>
<column name="tmp_493_reg_5347">8, 0, 8, 0</column>
<column name="tmp_495_reg_5352">16, 0, 16, 0</column>
<column name="tmp_497_reg_5357">24, 0, 24, 0</column>
<column name="tmp_49_cast_reg_4546">8, 0, 8, 0</column>
<column name="tmp_521_reg_5407">8, 0, 8, 0</column>
<column name="tmp_523_reg_5412">16, 0, 16, 0</column>
<column name="tmp_525_reg_5417">24, 0, 24, 0</column>
<column name="tmp_56_reg_4607">8, 0, 8, 0</column>
<column name="tmp_57_cast_reg_4612">8, 0, 8, 0</column>
<column name="tmp_61_cast_reg_4617">8, 0, 8, 0</column>
<column name="tmp_62_reg_4439">8, 0, 8, 0</column>
<column name="tmp_68_reg_4678">8, 0, 8, 0</column>
<column name="tmp_69_cast_reg_4683">8, 0, 8, 0</column>
<column name="tmp_69_reg_4444">16, 0, 16, 0</column>
<column name="tmp_73_cast_reg_4688">8, 0, 8, 0</column>
<column name="tmp_73_reg_4449">24, 0, 24, 0</column>
<column name="tmp_80_reg_4749">8, 0, 8, 0</column>
<column name="tmp_81_cast_reg_4754">8, 0, 8, 0</column>
<column name="tmp_85_cast_reg_4759">8, 0, 8, 0</column>
<column name="tmp_92_reg_4820">8, 0, 8, 0</column>
<column name="tmp_93_cast_reg_4825">8, 0, 8, 0</column>
<column name="tmp_97_cast_reg_4830">8, 0, 8, 0</column>
</table>
</item>
</section>
</item>
</section>

<section name = "Interface" level="0">
<item name = "Summary"><table name="" hasTotal="0">
<keys size="6">RTL Ports, Dir, Bits, Protocol, Source Object, C Type</keys>
<column name="ap_clk">in, 1, ap_ctrl_hs, BF_encrypt, return value</column>
<column name="ap_rst">in, 1, ap_ctrl_hs, BF_encrypt, return value</column>
<column name="ap_start">in, 1, ap_ctrl_hs, BF_encrypt, return value</column>
<column name="ap_done">out, 1, ap_ctrl_hs, BF_encrypt, return value</column>
<column name="ap_idle">out, 1, ap_ctrl_hs, BF_encrypt, return value</column>
<column name="ap_ready">out, 1, ap_ctrl_hs, BF_encrypt, return value</column>
<column name="ap_return_0">out, 32, ap_ctrl_hs, BF_encrypt, return value</column>
<column name="ap_return_1">out, 32, ap_ctrl_hs, BF_encrypt, return value</column>
<column name="data_0_read">in, 32, ap_none, data_0_read, scalar</column>
<column name="data_1_read">in, 32, ap_none, data_1_read, scalar</column>
<column name="key_S_address0">out, 10, ap_memory, key_S, array</column>
<column name="key_S_ce0">out, 1, ap_memory, key_S, array</column>
<column name="key_S_q0">in, 32, ap_memory, key_S, array</column>
<column name="key_S_address1">out, 10, ap_memory, key_S, array</column>
<column name="key_S_ce1">out, 1, ap_memory, key_S, array</column>
<column name="key_S_q1">in, 32, ap_memory, key_S, array</column>
<column name="key_P_address0">out, 5, ap_memory, key_P, array</column>
<column name="key_P_ce0">out, 1, ap_memory, key_P, array</column>
<column name="key_P_q0">in, 32, ap_memory, key_P, array</column>
<column name="key_P_address1">out, 5, ap_memory, key_P, array</column>
<column name="key_P_ce1">out, 1, ap_memory, key_P, array</column>
<column name="key_P_q1">in, 32, ap_memory, key_P, array</column>
</table>
</item>
</section>
</profile>
