<stg><name>BF_set_key</name>


<trans_list>

<trans id="158" from="1" to="2">
<condition id="36">
<or_exp><and_exp></and_exp></or_exp>
</condition>
</trans>

<trans id="159" from="2" to="3">
<condition id="37">
<or_exp><and_exp><literal name="exitcond1" val="0"/>
</and_exp></or_exp>
</condition>
</trans>

<trans id="162" from="2" to="4">
<condition id="42">
<or_exp><and_exp><literal name="exitcond1" val="1"/>
</and_exp></or_exp>
</condition>
</trans>

<trans id="161" from="3" to="2">
<condition id="40">
<or_exp><and_exp></and_exp></or_exp>
</condition>
</trans>

<trans id="163" from="4" to="5">
<condition id="43">
<or_exp><and_exp><literal name="exitcond2" val="0"/>
</and_exp></or_exp>
</condition>
</trans>

<trans id="166" from="4" to="6">
<condition id="48">
<or_exp><and_exp><literal name="exitcond2" val="1"/>
</and_exp></or_exp>
</condition>
</trans>

<trans id="165" from="5" to="4">
<condition id="46">
<or_exp><and_exp></and_exp></or_exp>
</condition>
</trans>

<trans id="167" from="6" to="7">
<condition id="49">
<or_exp><and_exp><literal name="exitcond" val="0"/>
</and_exp></or_exp>
</condition>
</trans>

<trans id="172" from="6" to="10">
<condition id="56">
<or_exp><and_exp><literal name="exitcond" val="1"/>
</and_exp></or_exp>
</condition>
</trans>

<trans id="169" from="7" to="8">
<condition id="51">
<or_exp><and_exp></and_exp></or_exp>
</condition>
</trans>

<trans id="170" from="8" to="9">
<condition id="52">
<or_exp><and_exp></and_exp></or_exp>
</condition>
</trans>

<trans id="171" from="9" to="6">
<condition id="54">
<or_exp><and_exp></and_exp></or_exp>
</condition>
</trans>

<trans id="173" from="10" to="11">
<condition id="57">
<or_exp><and_exp><literal name="tmp_11" val="1"/>
</and_exp></or_exp>
</condition>
</trans>

<trans id="177" from="10" to="13">
<condition id="63">
<or_exp><and_exp><literal name="tmp_11" val="0"/>
</and_exp></or_exp>
</condition>
</trans>

<trans id="175" from="11" to="12">
<condition id="59">
<or_exp><and_exp></and_exp></or_exp>
</condition>
</trans>

<trans id="176" from="12" to="10">
<condition id="61">
<or_exp><and_exp></and_exp></or_exp>
</condition>
</trans>

<trans id="178" from="13" to="14">
<condition id="64">
<or_exp><and_exp><literal name="tmp" val="0"/>
</and_exp></or_exp>
</condition>
</trans>

<trans id="180" from="14" to="15">
<condition id="66">
<or_exp><and_exp></and_exp></or_exp>
</condition>
</trans>

<trans id="181" from="15" to="13">
<condition id="68">
<or_exp><and_exp></and_exp></or_exp>
</condition>
</trans>
</trans_list>



<state_list>

<state id="1" st_id="1">

<operation id="16" st_id="1" stage="1" lat="1">
<core>NULL</core>
<MemPortIdVec></MemPortIdVec>
<condition id="0">
<or_exp><and_exp></and_exp></or_exp>
</condition>

<Node id="6" bw="0" op_0_bw="0">
<![CDATA[
:0  br label %1

]]></Node>
<StgValue><ssdm name=""/></StgValue>
</operation>
</state>

<state id="2" st_id="2">

<operation id="17" st_id="2" stage="1" lat="1">
<core>NULL</core>
<MemPortIdVec></MemPortIdVec>
<condition id="1">
<or_exp><and_exp></and_exp></or_exp>
</condition>

<Node id="8" bw="5" op_0_bw="5" op_1_bw="0">
<![CDATA[
:0  %p1_0_rec_i = phi i5 [ 0, %0 ], [ %p_rec_i, %2 ]

]]></Node>
<StgValue><ssdm name="p1_0_rec_i"/></StgValue>
</operation>

<operation id="18" st_id="2" stage="1" lat="1">
<core>NULL</core>
<MemPortIdVec></MemPortIdVec>
<condition id="1">
<or_exp><and_exp></and_exp></or_exp>
</condition>

<Node id="9" bw="32" op_0_bw="5">
<![CDATA[
:1  %p1_0_rec_i_cast = zext i5 %p1_0_rec_i to i32

]]></Node>
<StgValue><ssdm name="p1_0_rec_i_cast"/></StgValue>
</operation>

<operation id="19" st_id="2" stage="1" lat="1">
<core>NULL</core>
<MemPortIdVec></MemPortIdVec>
<condition id="1">
<or_exp><and_exp></and_exp></or_exp>
</condition>

<Node id="10" bw="5" op_0_bw="32" op_1_bw="32" op_2_bw="32">
<![CDATA[
:2  %bf_init_P_addr = getelementptr [18 x i32]* @bf_init_P, i32 0, i32 %p1_0_rec_i_cast

]]></Node>
<StgValue><ssdm name="bf_init_P_addr"/></StgValue>
</operation>

<operation id="20" st_id="2" stage="1" lat="1">
<core>NULL</core>
<MemPortIdVec></MemPortIdVec>
<condition id="1">
<or_exp><and_exp></and_exp></or_exp>
</condition>

<Node id="11" bw="5" op_0_bw="32" op_1_bw="32" op_2_bw="32">
<![CDATA[
:3  %key_P_addr_3 = getelementptr [18 x i32]* @key_P, i32 0, i32 %p1_0_rec_i_cast

]]></Node>
<StgValue><ssdm name="key_P_addr_3"/></StgValue>
</operation>

<operation id="21" st_id="2" stage="1" lat="1">
<core>NULL</core>
<MemPortIdVec></MemPortIdVec>
<condition id="1">
<or_exp><and_exp></and_exp></or_exp>
</condition>

<Node id="12" bw="32" op_0_bw="32" op_1_bw="64" op_2_bw="64" op_3_bw="64">
<![CDATA[
:4  %empty = call i32 (...)* @_ssdm_op_SpecLoopTripCount(i64 18, i64 18, i64 18)

]]></Node>
<StgValue><ssdm name="empty"/></StgValue>
</operation>

<operation id="22" st_id="2" stage="1" lat="1">
<core>Cmp</core>
<MemPortIdVec></MemPortIdVec>
<condition id="1">
<or_exp><and_exp></and_exp></or_exp>
</condition>

<Node id="13" bw="1" op_0_bw="5" op_1_bw="5">
<![CDATA[
:5  %exitcond1 = icmp eq i5 %p1_0_rec_i, -14

]]></Node>
<StgValue><ssdm name="exitcond1"/></StgValue>
</operation>

<operation id="23" st_id="2" stage="1" lat="1">
<core>AddSub</core>
<MemPortIdVec></MemPortIdVec>
<condition id="1">
<or_exp><and_exp></and_exp></or_exp>
</condition>

<Node id="14" bw="5" op_0_bw="5" op_1_bw="5">
<![CDATA[
:6  %p_rec_i = add i5 %p1_0_rec_i, 1

]]></Node>
<StgValue><ssdm name="p_rec_i"/></StgValue>
</operation>

<operation id="24" st_id="2" stage="1" lat="1">
<core>NULL</core>
<MemPortIdVec></MemPortIdVec>
<condition id="1">
<or_exp><and_exp></and_exp></or_exp>
</condition>

<Node id="15" bw="0" op_0_bw="1" op_1_bw="0" op_2_bw="0">
<![CDATA[
:7  br i1 %exitcond1, label %local_memcpy.1.exit.preheader, label %2

]]></Node>
<StgValue><ssdm name=""/></StgValue>
</operation>

<operation id="25" st_id="2" stage="2" lat="2">
<core>ROM_nP</core>
<MemPortIdVec></MemPortIdVec>
<condition id="3">
<or_exp><and_exp><literal name="exitcond1" val="0"/>
</and_exp></or_exp>
</condition>

<Node id="17" bw="32" op_0_bw="5">
<![CDATA[
:0  %bf_init_P_load = load i32* %bf_init_P_addr, align 4

]]></Node>
<StgValue><ssdm name="bf_init_P_load"/></StgValue>
</operation>

<operation id="26" st_id="2" stage="1" lat="1">
<core>NULL</core>
<MemPortIdVec></MemPortIdVec>
<condition id="5">
<or_exp><and_exp><literal name="exitcond1" val="1"/>
</and_exp></or_exp>
</condition>

<Node id="21" bw="0" op_0_bw="0">
<![CDATA[
local_memcpy.1.exit.preheader:0  br label %local_memcpy.1.exit

]]></Node>
<StgValue><ssdm name=""/></StgValue>
</operation>
</state>

<state id="3" st_id="3">

<operation id="27" st_id="3" stage="1" lat="2">
<core>ROM_nP</core>
<MemPortIdVec></MemPortIdVec>
<condition id="6">
<or_exp><and_exp></and_exp></or_exp>
</condition>

<Node id="17" bw="32" op_0_bw="5">
<![CDATA[
:0  %bf_init_P_load = load i32* %bf_init_P_addr, align 4

]]></Node>
<StgValue><ssdm name="bf_init_P_load"/></StgValue>
</operation>

<operation id="28" st_id="3" stage="1" lat="1">
<core>RAM</core>
<MemPortIdVec></MemPortIdVec>
<condition id="6">
<or_exp><and_exp></and_exp></or_exp>
</condition>

<Node id="18" bw="0" op_0_bw="32" op_1_bw="5">
<![CDATA[
:1  store i32 %bf_init_P_load, i32* %key_P_addr_3, align 4

]]></Node>
<StgValue><ssdm name=""/></StgValue>
</operation>

<operation id="29" st_id="3" stage="1" lat="1">
<core>NULL</core>
<MemPortIdVec></MemPortIdVec>
<condition id="6">
<or_exp><and_exp></and_exp></or_exp>
</condition>

<Node id="19" bw="0" op_0_bw="0">
<![CDATA[
:2  br label %1

]]></Node>
<StgValue><ssdm name=""/></StgValue>
</operation>
</state>

<state id="4" st_id="4">

<operation id="30" st_id="4" stage="1" lat="1">
<core>NULL</core>
<MemPortIdVec></MemPortIdVec>
<condition id="7">
<or_exp><and_exp></and_exp></or_exp>
</condition>

<Node id="23" bw="11" op_0_bw="11" op_1_bw="0">
<![CDATA[
local_memcpy.1.exit:0  %p1_0_rec_i1 = phi i11 [ %p_rec_i1, %3 ], [ 0, %local_memcpy.1.exit.preheader ]

]]></Node>
<StgValue><ssdm name="p1_0_rec_i1"/></StgValue>
</operation>

<operation id="31" st_id="4" stage="1" lat="1">
<core>NULL</core>
<MemPortIdVec></MemPortIdVec>
<condition id="7">
<or_exp><and_exp></and_exp></or_exp>
</condition>

<Node id="24" bw="32" op_0_bw="11">
<![CDATA[
local_memcpy.1.exit:1  %p1_0_rec_i1_cast = zext i11 %p1_0_rec_i1 to i32

]]></Node>
<StgValue><ssdm name="p1_0_rec_i1_cast"/></StgValue>
</operation>

<operation id="32" st_id="4" stage="1" lat="1">
<core>NULL</core>
<MemPortIdVec></MemPortIdVec>
<condition id="7">
<or_exp><and_exp></and_exp></or_exp>
</condition>

<Node id="25" bw="10" op_0_bw="32" op_1_bw="32" op_2_bw="32">
<![CDATA[
local_memcpy.1.exit:2  %bf_init_S_addr = getelementptr [1024 x i32]* @bf_init_S, i32 0, i32 %p1_0_rec_i1_cast

]]></Node>
<StgValue><ssdm name="bf_init_S_addr"/></StgValue>
</operation>

<operation id="33" st_id="4" stage="1" lat="1">
<core>NULL</core>
<MemPortIdVec></MemPortIdVec>
<condition id="7">
<or_exp><and_exp></and_exp></or_exp>
</condition>

<Node id="26" bw="10" op_0_bw="32" op_1_bw="32" op_2_bw="32">
<![CDATA[
local_memcpy.1.exit:3  %key_S_addr_2 = getelementptr [1024 x i32]* @key_S, i32 0, i32 %p1_0_rec_i1_cast

]]></Node>
<StgValue><ssdm name="key_S_addr_2"/></StgValue>
</operation>

<operation id="34" st_id="4" stage="1" lat="1">
<core>NULL</core>
<MemPortIdVec></MemPortIdVec>
<condition id="7">
<or_exp><and_exp></and_exp></or_exp>
</condition>

<Node id="27" bw="32" op_0_bw="32" op_1_bw="64" op_2_bw="64" op_3_bw="64">
<![CDATA[
local_memcpy.1.exit:4  %empty_33 = call i32 (...)* @_ssdm_op_SpecLoopTripCount(i64 1024, i64 1024, i64 1024)

]]></Node>
<StgValue><ssdm name="empty_33"/></StgValue>
</operation>

<operation id="35" st_id="4" stage="1" lat="1">
<core>Cmp</core>
<MemPortIdVec></MemPortIdVec>
<condition id="7">
<or_exp><and_exp></and_exp></or_exp>
</condition>

<Node id="28" bw="1" op_0_bw="11" op_1_bw="11">
<![CDATA[
local_memcpy.1.exit:5  %exitcond2 = icmp eq i11 %p1_0_rec_i1, -1024

]]></Node>
<StgValue><ssdm name="exitcond2"/></StgValue>
</operation>

<operation id="36" st_id="4" stage="1" lat="1">
<core>AddSub</core>
<MemPortIdVec></MemPortIdVec>
<condition id="7">
<or_exp><and_exp></and_exp></or_exp>
</condition>

<Node id="29" bw="11" op_0_bw="11" op_1_bw="11">
<![CDATA[
local_memcpy.1.exit:6  %p_rec_i1 = add i11 %p1_0_rec_i1, 1

]]></Node>
<StgValue><ssdm name="p_rec_i1"/></StgValue>
</operation>

<operation id="37" st_id="4" stage="1" lat="1">
<core>NULL</core>
<MemPortIdVec></MemPortIdVec>
<condition id="7">
<or_exp><and_exp></and_exp></or_exp>
</condition>

<Node id="30" bw="0" op_0_bw="1" op_1_bw="0" op_2_bw="0">
<![CDATA[
local_memcpy.1.exit:7  br i1 %exitcond2, label %local_memcpy.exit.preheader, label %3

]]></Node>
<StgValue><ssdm name=""/></StgValue>
</operation>

<operation id="38" st_id="4" stage="2" lat="2">
<core>ROM_nP</core>
<MemPortIdVec></MemPortIdVec>
<condition id="9">
<or_exp><and_exp><literal name="exitcond2" val="0"/>
</and_exp></or_exp>
</condition>

<Node id="32" bw="32" op_0_bw="10">
<![CDATA[
:0  %bf_init_S_load = load i32* %bf_init_S_addr, align 4

]]></Node>
<StgValue><ssdm name="bf_init_S_load"/></StgValue>
</operation>

<operation id="39" st_id="4" stage="1" lat="1">
<core>NULL</core>
<MemPortIdVec></MemPortIdVec>
<condition id="11">
<or_exp><and_exp><literal name="exitcond2" val="1"/>
</and_exp></or_exp>
</condition>

<Node id="36" bw="0" op_0_bw="0">
<![CDATA[
local_memcpy.exit.preheader:0  br label %local_memcpy.exit

]]></Node>
<StgValue><ssdm name=""/></StgValue>
</operation>
</state>

<state id="5" st_id="5">

<operation id="40" st_id="5" stage="1" lat="2">
<core>ROM_nP</core>
<MemPortIdVec></MemPortIdVec>
<condition id="12">
<or_exp><and_exp></and_exp></or_exp>
</condition>

<Node id="32" bw="32" op_0_bw="10">
<![CDATA[
:0  %bf_init_S_load = load i32* %bf_init_S_addr, align 4

]]></Node>
<StgValue><ssdm name="bf_init_S_load"/></StgValue>
</operation>

<operation id="41" st_id="5" stage="1" lat="1">
<core>RAM</core>
<MemPortIdVec></MemPortIdVec>
<condition id="12">
<or_exp><and_exp></and_exp></or_exp>
</condition>

<Node id="33" bw="0" op_0_bw="32" op_1_bw="10">
<![CDATA[
:1  store i32 %bf_init_S_load, i32* %key_S_addr_2, align 4

]]></Node>
<StgValue><ssdm name=""/></StgValue>
</operation>

<operation id="42" st_id="5" stage="1" lat="1">
<core>NULL</core>
<MemPortIdVec></MemPortIdVec>
<condition id="12">
<or_exp><and_exp></and_exp></or_exp>
</condition>

<Node id="34" bw="0" op_0_bw="0">
<![CDATA[
:2  br label %local_memcpy.1.exit

]]></Node>
<StgValue><ssdm name=""/></StgValue>
</operation>
</state>

<state id="6" st_id="6">

<operation id="43" st_id="6" stage="1" lat="1">
<core>NULL</core>
<MemPortIdVec></MemPortIdVec>
<condition id="13">
<or_exp><and_exp></and_exp></or_exp>
</condition>

<Node id="38" bw="5" op_0_bw="5" op_1_bw="0">
<![CDATA[
local_memcpy.exit:0  %i = phi i5 [ %i_4, %4 ], [ 0, %local_memcpy.exit.preheader ]

]]></Node>
<StgValue><ssdm name="i"/></StgValue>
</operation>

<operation id="44" st_id="6" stage="1" lat="1">
<core>NULL</core>
<MemPortIdVec></MemPortIdVec>
<condition id="13">
<or_exp><and_exp></and_exp></or_exp>
</condition>

<Node id="39" bw="15" op_0_bw="15" op_1_bw="0">
<![CDATA[
local_memcpy.exit:1  %mem_index_phi = phi i15 [ %mem_index_sel2, %4 ], [ 9512, %local_memcpy.exit.preheader ]

]]></Node>
<StgValue><ssdm name="mem_index_phi"/></StgValue>
</operation>

<operation id="45" st_id="6" stage="1" lat="1">
<core>NULL</core>
<MemPortIdVec></MemPortIdVec>
<condition id="13">
<or_exp><and_exp></and_exp></or_exp>
</condition>

<Node id="40" bw="32" op_0_bw="5">
<![CDATA[
local_memcpy.exit:2  %i_cast4 = zext i5 %i to i32

]]></Node>
<StgValue><ssdm name="i_cast4"/></StgValue>
</operation>

<operation id="46" st_id="6" stage="1" lat="1">
<core>Cmp</core>
<MemPortIdVec></MemPortIdVec>
<condition id="13">
<or_exp><and_exp></and_exp></or_exp>
</condition>

<Node id="41" bw="1" op_0_bw="5" op_1_bw="5">
<![CDATA[
local_memcpy.exit:3  %exitcond = icmp eq i5 %i, -14

]]></Node>
<StgValue><ssdm name="exitcond"/></StgValue>
</operation>

<operation id="47" st_id="6" stage="1" lat="1">
<core>NULL</core>
<MemPortIdVec></MemPortIdVec>
<condition id="13">
<or_exp><and_exp></and_exp></or_exp>
</condition>

<Node id="42" bw="32" op_0_bw="32" op_1_bw="64" op_2_bw="64" op_3_bw="64">
<![CDATA[
local_memcpy.exit:4  %empty_34 = call i32 (...)* @_ssdm_op_SpecLoopTripCount(i64 18, i64 18, i64 18)

]]></Node>
<StgValue><ssdm name="empty_34"/></StgValue>
</operation>

<operation id="48" st_id="6" stage="1" lat="1">
<core>AddSub</core>
<MemPortIdVec></MemPortIdVec>
<condition id="13">
<or_exp><and_exp></and_exp></or_exp>
</condition>

<Node id="43" bw="5" op_0_bw="5" op_1_bw="5">
<![CDATA[
local_memcpy.exit:5  %i_4 = add i5 %i, 1

]]></Node>
<StgValue><ssdm name="i_4"/></StgValue>
</operation>

<operation id="49" st_id="6" stage="1" lat="1">
<core>NULL</core>
<MemPortIdVec></MemPortIdVec>
<condition id="13">
<or_exp><and_exp></and_exp></or_exp>
</condition>

<Node id="44" bw="0" op_0_bw="1" op_1_bw="0" op_2_bw="0">
<![CDATA[
local_memcpy.exit:6  br i1 %exitcond, label %.preheader28.preheader, label %4

]]></Node>
<StgValue><ssdm name=""/></StgValue>
</operation>

<operation id="50" st_id="6" stage="1" lat="1">
<core>AddSub</core>
<MemPortIdVec></MemPortIdVec>
<condition id="15">
<or_exp><and_exp><literal name="exitcond" val="0"/>
</and_exp></or_exp>
</condition>

<Node id="46" bw="15" op_0_bw="15" op_1_bw="15">
<![CDATA[
:0  %mem_index_gep = add i15 %mem_index_phi, 1

]]></Node>
<StgValue><ssdm name="mem_index_gep"/></StgValue>
</operation>

<operation id="51" st_id="6" stage="1" lat="1">
<core>NULL</core>
<MemPortIdVec></MemPortIdVec>
<condition id="15">
<or_exp><and_exp><literal name="exitcond" val="0"/>
</and_exp></or_exp>
</condition>

<Node id="102" bw="5" op_0_bw="32" op_1_bw="32" op_2_bw="32">
<![CDATA[
:56  %key_P_addr = getelementptr inbounds [18 x i32]* @key_P, i32 0, i32 %i_cast4

]]></Node>
<StgValue><ssdm name="key_P_addr"/></StgValue>
</operation>

<operation id="52" st_id="6" stage="1" lat="1">
<core>NULL</core>
<MemPortIdVec></MemPortIdVec>
<condition id="17">
<or_exp><and_exp><literal name="exitcond" val="1"/>
</and_exp></or_exp>
</condition>

<Node id="108" bw="0" op_0_bw="0">
<![CDATA[
.preheader28.preheader:0  br label %.preheader28

]]></Node>
<StgValue><ssdm name=""/></StgValue>
</operation>
</state>

<state id="7" st_id="7">

<operation id="53" st_id="7" stage="1" lat="1">
<core>NULL</core>
<MemPortIdVec></MemPortIdVec>
<condition id="18">
<or_exp><and_exp></and_exp></or_exp>
</condition>

<Node id="47" bw="16" op_0_bw="15">
<![CDATA[
:1  %adjSize105_cast = zext i15 %mem_index_gep to i16

]]></Node>
<StgValue><ssdm name="adjSize105_cast"/></StgValue>
</operation>

<operation id="54" st_id="7" stage="1" lat="1">
<core>Cmp</core>
<MemPortIdVec></MemPortIdVec>
<condition id="18">
<or_exp><and_exp></and_exp></or_exp>
</condition>

<Node id="48" bw="1" op_0_bw="15" op_1_bw="15">
<![CDATA[
:2  %addrCmp = icmp ugt i15 %mem_index_phi, 9511

]]></Node>
<StgValue><ssdm name="addrCmp"/></StgValue>
</operation>

<operation id="55" st_id="7" stage="1" lat="1">
<core>NULL</core>
<MemPortIdVec></MemPortIdVec>
<condition id="18">
<or_exp><and_exp></and_exp></or_exp>
</condition>

<Node id="49" bw="16" op_0_bw="15">
<![CDATA[
:3  %adjSize102136_cast = zext i15 %mem_index_phi to i16

]]></Node>
<StgValue><ssdm name="adjSize102136_cast"/></StgValue>
</operation>

<operation id="56" st_id="7" stage="1" lat="1">
<core>AddSub</core>
<MemPortIdVec></MemPortIdVec>
<condition id="18">
<or_exp><and_exp></and_exp></or_exp>
</condition>

<Node id="50" bw="16" op_0_bw="16" op_1_bw="16">
<![CDATA[
:4  %gepindex = add i16 %adjSize102136_cast, -9512

]]></Node>
<StgValue><ssdm name="gepindex"/></StgValue>
</operation>

<operation id="57" st_id="7" stage="1" lat="1">
<core>Sel</core>
<MemPortIdVec></MemPortIdVec>
<condition id="18">
<or_exp><and_exp></and_exp></or_exp>
</condition>

<Node id="51" bw="16" op_0_bw="1" op_1_bw="16" op_2_bw="16">
<![CDATA[
:5  %gepindex1 = select i1 %addrCmp, i16 %gepindex, i16 7

]]></Node>
<StgValue><ssdm name="gepindex1"/></StgValue>
</operation>

<operation id="58" st_id="7" stage="1" lat="1">
<core>NULL</core>
<MemPortIdVec></MemPortIdVec>
<condition id="18">
<or_exp><and_exp></and_exp></or_exp>
</condition>

<Node id="52" bw="32" op_0_bw="16">
<![CDATA[
:6  %gepindex104_cast = sext i16 %gepindex1 to i32

]]></Node>
<StgValue><ssdm name="gepindex104_cast"/></StgValue>
</operation>

<operation id="59" st_id="7" stage="1" lat="1">
<core>NULL</core>
<MemPortIdVec></MemPortIdVec>
<condition id="18">
<or_exp><and_exp></and_exp></or_exp>
</condition>

<Node id="53" bw="3" op_0_bw="8" op_1_bw="32" op_2_bw="32">
<![CDATA[
:7  %data_addr = getelementptr [8 x i8]* %data, i32 0, i32 %gepindex104_cast

]]></Node>
<StgValue><ssdm name="data_addr"/></StgValue>
</operation>

<operation id="60" st_id="7" stage="2" lat="2">
<core>RAM</core>
<MemPortIdVec></MemPortIdVec>
<condition id="18">
<or_exp><and_exp></and_exp></or_exp>
</condition>

<Node id="54" bw="8" op_0_bw="3">
<![CDATA[
:8  %data_load = load i8* %data_addr, align 1

]]></Node>
<StgValue><ssdm name="data_load"/></StgValue>
</operation>

<operation id="61" st_id="7" stage="1" lat="1">
<core>Cmp</core>
<MemPortIdVec></MemPortIdVec>
<condition id="18">
<or_exp><and_exp></and_exp></or_exp>
</condition>

<Node id="55" bw="1" op_0_bw="15" op_1_bw="15">
<![CDATA[
:9  %ptr_cmp = icmp ult i15 %mem_index_gep, 9520

]]></Node>
<StgValue><ssdm name="ptr_cmp"/></StgValue>
</operation>

<operation id="62" st_id="7" stage="1" lat="1">
<core>AddSub</core>
<MemPortIdVec></MemPortIdVec>
<condition id="18">
<or_exp><and_exp></and_exp></or_exp>
</condition>

<Node id="56" bw="15" op_0_bw="15" op_1_bw="15">
<![CDATA[
:10  %mem_index_gep1 = add i15 %mem_index_phi, 2

]]></Node>
<StgValue><ssdm name="mem_index_gep1"/></StgValue>
</operation>

<operation id="63" st_id="7" stage="1" lat="1">
<core>Cmp</core>
<MemPortIdVec></MemPortIdVec>
<condition id="18">
<or_exp><and_exp></and_exp></or_exp>
</condition>

<Node id="58" bw="1" op_0_bw="15" op_1_bw="15">
<![CDATA[
:12  %addrCmp1 = icmp ugt i15 %mem_index_gep, 9511

]]></Node>
<StgValue><ssdm name="addrCmp1"/></StgValue>
</operation>

<operation id="64" st_id="7" stage="1" lat="1">
<core>AddSub</core>
<MemPortIdVec></MemPortIdVec>
<condition id="18">
<or_exp><and_exp></and_exp></or_exp>
</condition>

<Node id="59" bw="16" op_0_bw="16" op_1_bw="16">
<![CDATA[
:13  %gepindex2 = add i16 %adjSize105_cast, -9512

]]></Node>
<StgValue><ssdm name="gepindex2"/></StgValue>
</operation>

<operation id="65" st_id="7" stage="1" lat="1">
<core>Sel</core>
<MemPortIdVec></MemPortIdVec>
<condition id="18">
<or_exp><and_exp></and_exp></or_exp>
</condition>

<Node id="60" bw="16" op_0_bw="1" op_1_bw="16" op_2_bw="16">
<![CDATA[
:14  %gepindex3 = select i1 %addrCmp1, i16 %gepindex2, i16 7

]]></Node>
<StgValue><ssdm name="gepindex3"/></StgValue>
</operation>

<operation id="66" st_id="7" stage="1" lat="1">
<core>Sel</core>
<MemPortIdVec></MemPortIdVec>
<condition id="18">
<or_exp><and_exp></and_exp></or_exp>
</condition>

<Node id="61" bw="16" op_0_bw="1" op_1_bw="16" op_2_bw="16">
<![CDATA[
:15  %gepindex4 = select i1 %ptr_cmp, i16 %gepindex3, i16 7

]]></Node>
<StgValue><ssdm name="gepindex4"/></StgValue>
</operation>

<operation id="67" st_id="7" stage="1" lat="1">
<core>NULL</core>
<MemPortIdVec></MemPortIdVec>
<condition id="18">
<or_exp><and_exp></and_exp></or_exp>
</condition>

<Node id="62" bw="32" op_0_bw="16">
<![CDATA[
:16  %gepindex2111_cast = sext i16 %gepindex4 to i32

]]></Node>
<StgValue><ssdm name="gepindex2111_cast"/></StgValue>
</operation>

<operation id="68" st_id="7" stage="1" lat="1">
<core>Sel</core>
<MemPortIdVec></MemPortIdVec>
<condition id="18">
<or_exp><and_exp></and_exp></or_exp>
</condition>

<Node id="63" bw="32" op_0_bw="1" op_1_bw="32" op_2_bw="32">
<![CDATA[
:17  %tmp_s = select i1 %ptr_cmp, i32 %gepindex2111_cast, i32 0

]]></Node>
<StgValue><ssdm name="tmp_s"/></StgValue>
</operation>

<operation id="69" st_id="7" stage="1" lat="1">
<core>NULL</core>
<MemPortIdVec></MemPortIdVec>
<condition id="18">
<or_exp><and_exp></and_exp></or_exp>
</condition>

<Node id="64" bw="3" op_0_bw="8" op_1_bw="32" op_2_bw="32">
<![CDATA[
:18  %data_addr_1 = getelementptr [8 x i8]* %data, i32 0, i32 %tmp_s

]]></Node>
<StgValue><ssdm name="data_addr_1"/></StgValue>
</operation>

<operation id="70" st_id="7" stage="2" lat="2">
<core>RAM</core>
<MemPortIdVec></MemPortIdVec>
<condition id="18">
<or_exp><and_exp></and_exp></or_exp>
</condition>

<Node id="65" bw="8" op_0_bw="3">
<![CDATA[
:19  %data_load_1 = load i8* %data_addr_1, align 1

]]></Node>
<StgValue><ssdm name="data_load_1"/></StgValue>
</operation>

<operation id="71" st_id="7" stage="1" lat="1">
<core>Cmp</core>
<MemPortIdVec></MemPortIdVec>
<condition id="18">
<or_exp><and_exp></and_exp></or_exp>
</condition>

<Node id="66" bw="1" op_0_bw="15" op_1_bw="15">
<![CDATA[
:20  %ptr_cmp1 = icmp ult i15 %mem_index_gep1, 9520

]]></Node>
<StgValue><ssdm name="ptr_cmp1"/></StgValue>
</operation>

<operation id="72" st_id="7" stage="1" lat="1">
<core>LogicGate</core>
<MemPortIdVec></MemPortIdVec>
<condition id="18">
<or_exp><and_exp></and_exp></or_exp>
</condition>

<Node id="67" bw="1" op_0_bw="1" op_1_bw="1">
<![CDATA[
:21  %not_ptr_cmp = xor i1 %ptr_cmp, true

]]></Node>
<StgValue><ssdm name="not_ptr_cmp"/></StgValue>
</operation>

<operation id="73" st_id="7" stage="1" lat="1">
<core>LogicGate</core>
<MemPortIdVec></MemPortIdVec>
<condition id="18">
<or_exp><and_exp></and_exp></or_exp>
</condition>

<Node id="68" bw="1" op_0_bw="1" op_1_bw="1">
<![CDATA[
:22  %ptr_cmp2 = or i1 %ptr_cmp1, %not_ptr_cmp

]]></Node>
<StgValue><ssdm name="ptr_cmp2"/></StgValue>
</operation>

<operation id="74" st_id="7" stage="1" lat="1">
<core>AddSub</core>
<MemPortIdVec></MemPortIdVec>
<condition id="18">
<or_exp><and_exp></and_exp></or_exp>
</condition>

<Node id="69" bw="15" op_0_bw="15" op_1_bw="15">
<![CDATA[
:23  %mem_index_gep2 = add i15 %mem_index_phi, 3

]]></Node>
<StgValue><ssdm name="mem_index_gep2"/></StgValue>
</operation>

<operation id="75" st_id="7" stage="1" lat="1">
<core>Cmp</core>
<MemPortIdVec></MemPortIdVec>
<condition id="18">
<or_exp><and_exp></and_exp></or_exp>
</condition>

<Node id="80" bw="1" op_0_bw="15" op_1_bw="15">
<![CDATA[
:34  %ptr_cmp3 = icmp ult i15 %mem_index_gep2, 9520

]]></Node>
<StgValue><ssdm name="ptr_cmp3"/></StgValue>
</operation>

<operation id="76" st_id="7" stage="1" lat="1">
<core>LogicGate</core>
<MemPortIdVec></MemPortIdVec>
<condition id="18">
<or_exp><and_exp></and_exp></or_exp>
</condition>

<Node id="81" bw="1" op_0_bw="1" op_1_bw="1">
<![CDATA[
:35  %ptr_cmp4 = or i1 %ptr_cmp3, %not_ptr_cmp

]]></Node>
<StgValue><ssdm name="ptr_cmp4"/></StgValue>
</operation>

<operation id="77" st_id="7" stage="1" lat="1">
<core>LogicGate</core>
<MemPortIdVec></MemPortIdVec>
<condition id="18">
<or_exp><and_exp></and_exp></or_exp>
</condition>

<Node id="82" bw="1" op_0_bw="1" op_1_bw="1">
<![CDATA[
:36  %ptr_cmp99132_not = xor i1 %ptr_cmp1, true

]]></Node>
<StgValue><ssdm name="ptr_cmp99132_not"/></StgValue>
</operation>

<operation id="78" st_id="7" stage="1" lat="1">
<core>LogicGate</core>
<MemPortIdVec></MemPortIdVec>
<condition id="18">
<or_exp><and_exp></and_exp></or_exp>
</condition>

<Node id="83" bw="1" op_0_bw="1" op_1_bw="1">
<![CDATA[
:37  %not_ptr_cmp1 = and i1 %ptr_cmp, %ptr_cmp99132_not

]]></Node>
<StgValue><ssdm name="not_ptr_cmp1"/></StgValue>
</operation>

<operation id="79" st_id="7" stage="1" lat="1">
<core>LogicGate</core>
<MemPortIdVec></MemPortIdVec>
<condition id="18">
<or_exp><and_exp></and_exp></or_exp>
</condition>

<Node id="84" bw="1" op_0_bw="1" op_1_bw="1">
<![CDATA[
:38  %ptr_cmp5 = or i1 %ptr_cmp4, %not_ptr_cmp1

]]></Node>
<StgValue><ssdm name="ptr_cmp5"/></StgValue>
</operation>

<operation id="80" st_id="7" stage="1" lat="1">
<core>AddSub</core>
<MemPortIdVec></MemPortIdVec>
<condition id="18">
<or_exp><and_exp></and_exp></or_exp>
</condition>

<Node id="85" bw="15" op_0_bw="15" op_1_bw="15">
<![CDATA[
:39  %mem_index_gep3 = add i15 %mem_index_phi, 4

]]></Node>
<StgValue><ssdm name="mem_index_gep3"/></StgValue>
</operation>
</state>

<state id="8" st_id="8">

<operation id="81" st_id="8" stage="1" lat="2">
<core>RAM</core>
<MemPortIdVec></MemPortIdVec>
<condition id="19">
<or_exp><and_exp></and_exp></or_exp>
</condition>

<Node id="54" bw="8" op_0_bw="3">
<![CDATA[
:8  %data_load = load i8* %data_addr, align 1

]]></Node>
<StgValue><ssdm name="data_load"/></StgValue>
</operation>

<operation id="82" st_id="8" stage="1" lat="1">
<core>NULL</core>
<MemPortIdVec></MemPortIdVec>
<condition id="88">
<or_exp><and_exp><literal name="ptr_cmp1" val="1"/>
<literal name="ptr_cmp" val="1"/>
<literal name="ptr_cmp2" val="1"/>
</and_exp></or_exp>
</condition>

<Node id="57" bw="16" op_0_bw="15">
<![CDATA[
:11  %adjSize114_cast = zext i15 %mem_index_gep1 to i16

]]></Node>
<StgValue><ssdm name="adjSize114_cast"/></StgValue>
</operation>

<operation id="83" st_id="8" stage="1" lat="2">
<core>RAM</core>
<MemPortIdVec></MemPortIdVec>
<condition id="19">
<or_exp><and_exp></and_exp></or_exp>
</condition>

<Node id="65" bw="8" op_0_bw="3">
<![CDATA[
:19  %data_load_1 = load i8* %data_addr_1, align 1

]]></Node>
<StgValue><ssdm name="data_load_1"/></StgValue>
</operation>

<operation id="84" st_id="8" stage="1" lat="1">
<core>NULL</core>
<MemPortIdVec></MemPortIdVec>
<condition id="118">
<or_exp><and_exp><literal name="ptr_cmp" val="1"/>
<literal name="ptr_cmp2" val="1"/>
<literal name="ptr_cmp5" val="1"/>
<literal name="ptr_cmp3" val="1"/>
</and_exp></or_exp>
</condition>

<Node id="70" bw="16" op_0_bw="15">
<![CDATA[
:24  %adjSize123_cast = zext i15 %mem_index_gep2 to i16

]]></Node>
<StgValue><ssdm name="adjSize123_cast"/></StgValue>
</operation>

<operation id="85" st_id="8" stage="1" lat="1">
<core>Cmp</core>
<MemPortIdVec></MemPortIdVec>
<condition id="86">
<or_exp><and_exp><literal name="ptr_cmp1" val="1"/>
<literal name="ptr_cmp" val="1"/>
<literal name="ptr_cmp2" val="1"/>
</and_exp></or_exp>
</condition>

<Node id="71" bw="1" op_0_bw="15" op_1_bw="15">
<![CDATA[
:25  %addrCmp2 = icmp ugt i15 %mem_index_gep1, 9511

]]></Node>
<StgValue><ssdm name="addrCmp2"/></StgValue>
</operation>

<operation id="86" st_id="8" stage="1" lat="1">
<core>AddSub</core>
<MemPortIdVec></MemPortIdVec>
<condition id="87">
<or_exp><and_exp><literal name="ptr_cmp1" val="1"/>
<literal name="ptr_cmp" val="1"/>
<literal name="ptr_cmp2" val="1"/>
</and_exp></or_exp>
</condition>

<Node id="72" bw="16" op_0_bw="16" op_1_bw="16">
<![CDATA[
:26  %gepindex5 = add i16 %adjSize114_cast, -9512

]]></Node>
<StgValue><ssdm name="gepindex5"/></StgValue>
</operation>

<operation id="87" st_id="8" stage="1" lat="1">
<core>Sel</core>
<MemPortIdVec></MemPortIdVec>
<condition id="85">
<or_exp><and_exp><literal name="ptr_cmp1" val="1"/>
<literal name="ptr_cmp" val="1"/>
<literal name="ptr_cmp2" val="1"/>
</and_exp></or_exp>
</condition>

<Node id="73" bw="16" op_0_bw="1" op_1_bw="16" op_2_bw="16">
<![CDATA[
:27  %gepindex6 = select i1 %addrCmp2, i16 %gepindex5, i16 7

]]></Node>
<StgValue><ssdm name="gepindex6"/></StgValue>
</operation>

<operation id="88" st_id="8" stage="1" lat="1">
<core>Sel</core>
<MemPortIdVec></MemPortIdVec>
<condition id="84">
<or_exp><and_exp><literal name="ptr_cmp" val="1"/>
<literal name="ptr_cmp2" val="1"/>
</and_exp></or_exp>
</condition>

<Node id="74" bw="16" op_0_bw="1" op_1_bw="16" op_2_bw="16">
<![CDATA[
:28  %gepindex7 = select i1 %ptr_cmp1, i16 %gepindex6, i16 7

]]></Node>
<StgValue><ssdm name="gepindex7"/></StgValue>
</operation>

<operation id="89" st_id="8" stage="1" lat="1">
<core>NULL</core>
<MemPortIdVec></MemPortIdVec>
<condition id="83">
<or_exp><and_exp><literal name="ptr_cmp" val="1"/>
<literal name="ptr_cmp2" val="1"/>
</and_exp></or_exp>
</condition>

<Node id="75" bw="32" op_0_bw="16">
<![CDATA[
:29  %gepindex2120_cast = sext i16 %gepindex7 to i32

]]></Node>
<StgValue><ssdm name="gepindex2120_cast"/></StgValue>
</operation>

<operation id="90" st_id="8" stage="1" lat="1">
<core>Sel</core>
<MemPortIdVec></MemPortIdVec>
<condition id="82">
<or_exp><and_exp><literal name="ptr_cmp2" val="1"/>
</and_exp></or_exp>
</condition>

<Node id="76" bw="32" op_0_bw="1" op_1_bw="32" op_2_bw="32">
<![CDATA[
:30  %p_load = select i1 %ptr_cmp, i32 %gepindex2120_cast, i32 1

]]></Node>
<StgValue><ssdm name="p_load"/></StgValue>
</operation>

<operation id="91" st_id="8" stage="1" lat="1">
<core>Sel</core>
<MemPortIdVec></MemPortIdVec>
<condition id="19">
<or_exp><and_exp></and_exp></or_exp>
</condition>

<Node id="77" bw="32" op_0_bw="1" op_1_bw="32" op_2_bw="32">
<![CDATA[
:31  %tmp_12 = select i1 %ptr_cmp2, i32 %p_load, i32 0

]]></Node>
<StgValue><ssdm name="tmp_12"/></StgValue>
</operation>

<operation id="92" st_id="8" stage="1" lat="1">
<core>NULL</core>
<MemPortIdVec></MemPortIdVec>
<condition id="19">
<or_exp><and_exp></and_exp></or_exp>
</condition>

<Node id="78" bw="3" op_0_bw="8" op_1_bw="32" op_2_bw="32">
<![CDATA[
:32  %data_addr_2 = getelementptr [8 x i8]* %data, i32 0, i32 %tmp_12

]]></Node>
<StgValue><ssdm name="data_addr_2"/></StgValue>
</operation>

<operation id="93" st_id="8" stage="2" lat="2">
<core>RAM</core>
<MemPortIdVec></MemPortIdVec>
<condition id="19">
<or_exp><and_exp></and_exp></or_exp>
</condition>

<Node id="79" bw="8" op_0_bw="3">
<![CDATA[
:33  %data_load_2 = load i8* %data_addr_2, align 1

]]></Node>
<StgValue><ssdm name="data_load_2"/></StgValue>
</operation>

<operation id="94" st_id="8" stage="1" lat="1">
<core>Sel</core>
<MemPortIdVec></MemPortIdVec>
<condition id="92">
<or_exp><and_exp><literal name="ptr_cmp2" val="1"/>
<literal name="ptr_cmp5" val="1"/>
</and_exp></or_exp>
</condition>

<Node id="86" bw="15" op_0_bw="1" op_1_bw="15" op_2_bw="15">
<![CDATA[
:40  %mem_index_sel = select i1 %ptr_cmp, i15 %mem_index_gep3, i15 9515

]]></Node>
<StgValue><ssdm name="mem_index_sel"/></StgValue>
</operation>

<operation id="95" st_id="8" stage="1" lat="1">
<core>Sel</core>
<MemPortIdVec></MemPortIdVec>
<condition id="91">
<or_exp><and_exp><literal name="ptr_cmp5" val="1"/>
</and_exp></or_exp>
</condition>

<Node id="87" bw="15" op_0_bw="1" op_1_bw="15" op_2_bw="15">
<![CDATA[
:41  %mem_index_sel9 = select i1 %ptr_cmp2, i15 %mem_index_sel, i15 9514

]]></Node>
<StgValue><ssdm name="mem_index_sel9"/></StgValue>
</operation>

<operation id="96" st_id="8" stage="1" lat="1">
<core>Sel</core>
<MemPortIdVec></MemPortIdVec>
<condition id="19">
<or_exp><and_exp></and_exp></or_exp>
</condition>

<Node id="88" bw="15" op_0_bw="1" op_1_bw="15" op_2_bw="15">
<![CDATA[
:42  %mem_index_sel1 = select i1 %ptr_cmp5, i15 %mem_index_sel9, i15 9513

]]></Node>
<StgValue><ssdm name="mem_index_sel1"/></StgValue>
</operation>

<operation id="97" st_id="8" stage="1" lat="1">
<core>Cmp</core>
<MemPortIdVec></MemPortIdVec>
<condition id="116">
<or_exp><and_exp><literal name="ptr_cmp" val="1"/>
<literal name="ptr_cmp2" val="1"/>
<literal name="ptr_cmp5" val="1"/>
<literal name="ptr_cmp3" val="1"/>
</and_exp></or_exp>
</condition>

<Node id="89" bw="1" op_0_bw="15" op_1_bw="15">
<![CDATA[
:43  %addrCmp3 = icmp ugt i15 %mem_index_gep2, 9511

]]></Node>
<StgValue><ssdm name="addrCmp3"/></StgValue>
</operation>

<operation id="98" st_id="8" stage="1" lat="1">
<core>AddSub</core>
<MemPortIdVec></MemPortIdVec>
<condition id="117">
<or_exp><and_exp><literal name="ptr_cmp" val="1"/>
<literal name="ptr_cmp2" val="1"/>
<literal name="ptr_cmp5" val="1"/>
<literal name="ptr_cmp3" val="1"/>
</and_exp></or_exp>
</condition>

<Node id="90" bw="16" op_0_bw="16" op_1_bw="16">
<![CDATA[
:44  %gepindex8 = add i16 %adjSize123_cast, -9512

]]></Node>
<StgValue><ssdm name="gepindex8"/></StgValue>
</operation>

<operation id="99" st_id="8" stage="1" lat="1">
<core>Sel</core>
<MemPortIdVec></MemPortIdVec>
<condition id="115">
<or_exp><and_exp><literal name="ptr_cmp" val="1"/>
<literal name="ptr_cmp2" val="1"/>
<literal name="ptr_cmp5" val="1"/>
<literal name="ptr_cmp3" val="1"/>
</and_exp></or_exp>
</condition>

<Node id="91" bw="16" op_0_bw="1" op_1_bw="16" op_2_bw="16">
<![CDATA[
:45  %gepindex9 = select i1 %addrCmp3, i16 %gepindex8, i16 7

]]></Node>
<StgValue><ssdm name="gepindex9"/></StgValue>
</operation>

<operation id="100" st_id="8" stage="1" lat="1">
<core>Sel</core>
<MemPortIdVec></MemPortIdVec>
<condition id="114">
<or_exp><and_exp><literal name="ptr_cmp" val="1"/>
<literal name="ptr_cmp2" val="1"/>
<literal name="ptr_cmp5" val="1"/>
</and_exp></or_exp>
</condition>

<Node id="92" bw="16" op_0_bw="1" op_1_bw="16" op_2_bw="16">
<![CDATA[
:46  %gepindex10 = select i1 %ptr_cmp3, i16 %gepindex9, i16 7

]]></Node>
<StgValue><ssdm name="gepindex10"/></StgValue>
</operation>

<operation id="101" st_id="8" stage="1" lat="1">
<core>NULL</core>
<MemPortIdVec></MemPortIdVec>
<condition id="113">
<or_exp><and_exp><literal name="ptr_cmp" val="1"/>
<literal name="ptr_cmp2" val="1"/>
<literal name="ptr_cmp5" val="1"/>
</and_exp></or_exp>
</condition>

<Node id="93" bw="32" op_0_bw="16">
<![CDATA[
:47  %gepindex2129_cast = sext i16 %gepindex10 to i32

]]></Node>
<StgValue><ssdm name="gepindex2129_cast"/></StgValue>
</operation>

<operation id="102" st_id="8" stage="1" lat="1">
<core>Sel</core>
<MemPortIdVec></MemPortIdVec>
<condition id="112">
<or_exp><and_exp><literal name="ptr_cmp2" val="1"/>
<literal name="ptr_cmp5" val="1"/>
</and_exp></or_exp>
</condition>

<Node id="94" bw="32" op_0_bw="1" op_1_bw="32" op_2_bw="32">
<![CDATA[
:48  %d_2_load = select i1 %ptr_cmp, i32 %gepindex2129_cast, i32 2

]]></Node>
<StgValue><ssdm name="d_2_load"/></StgValue>
</operation>

<operation id="103" st_id="8" stage="1" lat="1">
<core>Sel</core>
<MemPortIdVec></MemPortIdVec>
<condition id="111">
<or_exp><and_exp><literal name="ptr_cmp5" val="1"/>
</and_exp></or_exp>
</condition>

<Node id="95" bw="32" op_0_bw="1" op_1_bw="32" op_2_bw="32">
<![CDATA[
:49  %p_load1 = select i1 %ptr_cmp2, i32 %d_2_load, i32 1

]]></Node>
<StgValue><ssdm name="p_load1"/></StgValue>
</operation>

<operation id="104" st_id="8" stage="1" lat="1">
<core>Sel</core>
<MemPortIdVec></MemPortIdVec>
<condition id="19">
<or_exp><and_exp></and_exp></or_exp>
</condition>

<Node id="96" bw="32" op_0_bw="1" op_1_bw="32" op_2_bw="32">
<![CDATA[
:50  %tmp_13 = select i1 %ptr_cmp5, i32 %p_load1, i32 0

]]></Node>
<StgValue><ssdm name="tmp_13"/></StgValue>
</operation>

<operation id="105" st_id="8" stage="1" lat="1">
<core>NULL</core>
<MemPortIdVec></MemPortIdVec>
<condition id="19">
<or_exp><and_exp></and_exp></or_exp>
</condition>

<Node id="97" bw="3" op_0_bw="8" op_1_bw="32" op_2_bw="32">
<![CDATA[
:51  %data_addr_3 = getelementptr [8 x i8]* %data, i32 0, i32 %tmp_13

]]></Node>
<StgValue><ssdm name="data_addr_3"/></StgValue>
</operation>

<operation id="106" st_id="8" stage="2" lat="2">
<core>RAM</core>
<MemPortIdVec></MemPortIdVec>
<condition id="19">
<or_exp><and_exp></and_exp></or_exp>
</condition>

<Node id="98" bw="8" op_0_bw="3">
<![CDATA[
:52  %data_load_3 = load i8* %data_addr_3, align 1

]]></Node>
<StgValue><ssdm name="data_load_3"/></StgValue>
</operation>

<operation id="107" st_id="8" stage="1" lat="1">
<core>Cmp</core>
<MemPortIdVec></MemPortIdVec>
<condition id="19">
<or_exp><and_exp></and_exp></or_exp>
</condition>

<Node id="100" bw="1" op_0_bw="15" op_1_bw="15">
<![CDATA[
:54  %ptr_cmp6 = icmp ult i15 %mem_index_sel1, 9520

]]></Node>
<StgValue><ssdm name="ptr_cmp6"/></StgValue>
</operation>

<operation id="108" st_id="8" stage="1" lat="1">
<core>Sel</core>
<MemPortIdVec></MemPortIdVec>
<condition id="19">
<or_exp><and_exp></and_exp></or_exp>
</condition>

<Node id="101" bw="15" op_0_bw="1" op_1_bw="15" op_2_bw="15">
<![CDATA[
:55  %mem_index_sel2 = select i1 %ptr_cmp6, i15 %mem_index_sel1, i15 9512

]]></Node>
<StgValue><ssdm name="mem_index_sel2"/></StgValue>
</operation>

<operation id="109" st_id="8" stage="2" lat="2">
<core>RAM</core>
<MemPortIdVec></MemPortIdVec>
<condition id="19">
<or_exp><and_exp></and_exp></or_exp>
</condition>

<Node id="103" bw="32" op_0_bw="5">
<![CDATA[
:57  %key_P_load = load i32* %key_P_addr, align 4

]]></Node>
<StgValue><ssdm name="key_P_load"/></StgValue>
</operation>
</state>

<state id="9" st_id="9">

<operation id="110" st_id="9" stage="1" lat="2">
<core>RAM</core>
<MemPortIdVec></MemPortIdVec>
<condition id="20">
<or_exp><and_exp></and_exp></or_exp>
</condition>

<Node id="79" bw="8" op_0_bw="3">
<![CDATA[
:33  %data_load_2 = load i8* %data_addr_2, align 1

]]></Node>
<StgValue><ssdm name="data_load_2"/></StgValue>
</operation>

<operation id="111" st_id="9" stage="1" lat="2">
<core>RAM</core>
<MemPortIdVec></MemPortIdVec>
<condition id="20">
<or_exp><and_exp></and_exp></or_exp>
</condition>

<Node id="98" bw="8" op_0_bw="3">
<![CDATA[
:52  %data_load_3 = load i8* %data_addr_3, align 1

]]></Node>
<StgValue><ssdm name="data_load_3"/></StgValue>
</operation>

<operation id="112" st_id="9" stage="1" lat="1">
<core>NULL</core>
<MemPortIdVec></MemPortIdVec>
<condition id="20">
<or_exp><and_exp></and_exp></or_exp>
</condition>

<Node id="99" bw="32" op_0_bw="32" op_1_bw="8" op_2_bw="8" op_3_bw="8" op_4_bw="8">
<![CDATA[
:53  %ri = call i32 @_ssdm_op_BitConcatenate.i32.i8.i8.i8.i8(i8 %data_load, i8 %data_load_1, i8 %data_load_2, i8 %data_load_3)

]]></Node>
<StgValue><ssdm name="ri"/></StgValue>
</operation>

<operation id="113" st_id="9" stage="1" lat="2">
<core>RAM</core>
<MemPortIdVec></MemPortIdVec>
<condition id="20">
<or_exp><and_exp></and_exp></or_exp>
</condition>

<Node id="103" bw="32" op_0_bw="5">
<![CDATA[
:57  %key_P_load = load i32* %key_P_addr, align 4

]]></Node>
<StgValue><ssdm name="key_P_load"/></StgValue>
</operation>

<operation id="114" st_id="9" stage="1" lat="1">
<core>LogicGate</core>
<MemPortIdVec></MemPortIdVec>
<condition id="20">
<or_exp><and_exp></and_exp></or_exp>
</condition>

<Node id="104" bw="32" op_0_bw="32" op_1_bw="32">
<![CDATA[
:58  %tmp_14 = xor i32 %key_P_load, %ri

]]></Node>
<StgValue><ssdm name="tmp_14"/></StgValue>
</operation>

<operation id="115" st_id="9" stage="1" lat="1">
<core>RAM</core>
<MemPortIdVec></MemPortIdVec>
<condition id="20">
<or_exp><and_exp></and_exp></or_exp>
</condition>

<Node id="105" bw="0" op_0_bw="32" op_1_bw="5">
<![CDATA[
:59  store i32 %tmp_14, i32* %key_P_addr, align 4

]]></Node>
<StgValue><ssdm name=""/></StgValue>
</operation>

<operation id="116" st_id="9" stage="1" lat="1">
<core>NULL</core>
<MemPortIdVec></MemPortIdVec>
<condition id="20">
<or_exp><and_exp></and_exp></or_exp>
</condition>

<Node id="106" bw="0" op_0_bw="0">
<![CDATA[
:60  br label %local_memcpy.exit

]]></Node>
<StgValue><ssdm name=""/></StgValue>
</operation>
</state>

<state id="10" st_id="10">

<operation id="117" st_id="10" stage="1" lat="1">
<core>NULL</core>
<MemPortIdVec></MemPortIdVec>
<condition id="21">
<or_exp><and_exp></and_exp></or_exp>
</condition>

<Node id="110" bw="32" op_0_bw="32" op_1_bw="0">
<![CDATA[
.preheader28:0  %in_1 = phi i32 [ %in_1_36, %5 ], [ 0, %.preheader28.preheader ]

]]></Node>
<StgValue><ssdm name="in_1"/></StgValue>
</operation>

<operation id="118" st_id="10" stage="1" lat="1">
<core>NULL</core>
<MemPortIdVec></MemPortIdVec>
<condition id="21">
<or_exp><and_exp></and_exp></or_exp>
</condition>

<Node id="111" bw="32" op_0_bw="32" op_1_bw="0">
<![CDATA[
.preheader28:1  %in = phi i32 [ %in_0, %5 ], [ 0, %.preheader28.preheader ]

]]></Node>
<StgValue><ssdm name="in"/></StgValue>
</operation>

<operation id="119" st_id="10" stage="1" lat="1">
<core>NULL</core>
<MemPortIdVec></MemPortIdVec>
<condition id="21">
<or_exp><and_exp></and_exp></or_exp>
</condition>

<Node id="112" bw="5" op_0_bw="5" op_1_bw="0">
<![CDATA[
.preheader28:2  %i_1 = phi i5 [ %i_5, %5 ], [ 0, %.preheader28.preheader ]

]]></Node>
<StgValue><ssdm name="i_1"/></StgValue>
</operation>

<operation id="120" st_id="10" stage="1" lat="1">
<core>NULL</core>
<MemPortIdVec></MemPortIdVec>
<condition id="21">
<or_exp><and_exp></and_exp></or_exp>
</condition>

<Node id="113" bw="32" op_0_bw="5">
<![CDATA[
.preheader28:3  %i_1_cast3 = zext i5 %i_1 to i32

]]></Node>
<StgValue><ssdm name="i_1_cast3"/></StgValue>
</operation>

<operation id="121" st_id="10" stage="1" lat="1">
<core>Cmp</core>
<MemPortIdVec></MemPortIdVec>
<condition id="21">
<or_exp><and_exp></and_exp></or_exp>
</condition>

<Node id="114" bw="1" op_0_bw="5" op_1_bw="5">
<![CDATA[
.preheader28:4  %tmp_11 = icmp ult i5 %i_1, -14

]]></Node>
<StgValue><ssdm name="tmp_11"/></StgValue>
</operation>

<operation id="122" st_id="10" stage="1" lat="1">
<core>NULL</core>
<MemPortIdVec></MemPortIdVec>
<condition id="21">
<or_exp><and_exp></and_exp></or_exp>
</condition>

<Node id="115" bw="32" op_0_bw="32" op_1_bw="64" op_2_bw="64" op_3_bw="64">
<![CDATA[
.preheader28:5  %empty_35 = call i32 (...)* @_ssdm_op_SpecLoopTripCount(i64 9, i64 9, i64 9)

]]></Node>
<StgValue><ssdm name="empty_35"/></StgValue>
</operation>

<operation id="123" st_id="10" stage="1" lat="1">
<core>NULL</core>
<MemPortIdVec></MemPortIdVec>
<condition id="21">
<or_exp><and_exp></and_exp></or_exp>
</condition>

<Node id="116" bw="0" op_0_bw="1" op_1_bw="0" op_2_bw="0">
<![CDATA[
.preheader28:6  br i1 %tmp_11, label %5, label %.preheader.preheader

]]></Node>
<StgValue><ssdm name=""/></StgValue>
</operation>

<operation id="124" st_id="10" stage="2" lat="2">
<core></core>
<MemPortIdVec></MemPortIdVec>
<condition id="23">
<or_exp><and_exp><literal name="tmp_11" val="1"/>
</and_exp></or_exp>
</condition>

<Node id="118" bw="64" op_0_bw="64" op_1_bw="32" op_2_bw="32">
<![CDATA[
:0  %call_ret = call fastcc { i32, i32 } @BF_encrypt(i32 %in, i32 %in_1)

]]></Node>
<StgValue><ssdm name="call_ret"/></StgValue>
</operation>

<operation id="125" st_id="10" stage="1" lat="1">
<core>NULL</core>
<MemPortIdVec></MemPortIdVec>
<condition id="25">
<or_exp><and_exp><literal name="tmp_11" val="0"/>
</and_exp></or_exp>
</condition>

<Node id="130" bw="0" op_0_bw="0">
<![CDATA[
.preheader.preheader:0  br label %.preheader

]]></Node>
<StgValue><ssdm name=""/></StgValue>
</operation>
</state>

<state id="11" st_id="11">

<operation id="126" st_id="11" stage="1" lat="2">
<core></core>
<MemPortIdVec></MemPortIdVec>
<condition id="26">
<or_exp><and_exp></and_exp></or_exp>
</condition>

<Node id="118" bw="64" op_0_bw="64" op_1_bw="32" op_2_bw="32">
<![CDATA[
:0  %call_ret = call fastcc { i32, i32 } @BF_encrypt(i32 %in, i32 %in_1)

]]></Node>
<StgValue><ssdm name="call_ret"/></StgValue>
</operation>

<operation id="127" st_id="11" stage="1" lat="1">
<core>NULL</core>
<MemPortIdVec></MemPortIdVec>
<condition id="26">
<or_exp><and_exp></and_exp></or_exp>
</condition>

<Node id="119" bw="32" op_0_bw="64">
<![CDATA[
:1  %in_0 = extractvalue { i32, i32 } %call_ret, 0

]]></Node>
<StgValue><ssdm name="in_0"/></StgValue>
</operation>

<operation id="128" st_id="11" stage="1" lat="1">
<core>NULL</core>
<MemPortIdVec></MemPortIdVec>
<condition id="26">
<or_exp><and_exp></and_exp></or_exp>
</condition>

<Node id="120" bw="32" op_0_bw="64">
<![CDATA[
:2  %in_1_36 = extractvalue { i32, i32 } %call_ret, 1

]]></Node>
<StgValue><ssdm name="in_1_36"/></StgValue>
</operation>
</state>

<state id="12" st_id="12">

<operation id="129" st_id="12" stage="1" lat="1">
<core>NULL</core>
<MemPortIdVec></MemPortIdVec>
<condition id="27">
<or_exp><and_exp></and_exp></or_exp>
</condition>

<Node id="121" bw="5" op_0_bw="32" op_1_bw="32" op_2_bw="32">
<![CDATA[
:3  %key_P_addr_1 = getelementptr inbounds [18 x i32]* @key_P, i32 0, i32 %i_1_cast3

]]></Node>
<StgValue><ssdm name="key_P_addr_1"/></StgValue>
</operation>

<operation id="130" st_id="12" stage="1" lat="1">
<core>RAM</core>
<MemPortIdVec></MemPortIdVec>
<condition id="27">
<or_exp><and_exp></and_exp></or_exp>
</condition>

<Node id="122" bw="0" op_0_bw="32" op_1_bw="5">
<![CDATA[
:4  store i32 %in_0, i32* %key_P_addr_1, align 4

]]></Node>
<StgValue><ssdm name=""/></StgValue>
</operation>

<operation id="131" st_id="12" stage="1" lat="1">
<core>NULL</core>
<MemPortIdVec></MemPortIdVec>
<condition id="27">
<or_exp><and_exp></and_exp></or_exp>
</condition>

<Node id="123" bw="5" op_0_bw="5" op_1_bw="5">
<![CDATA[
:5  %tmp_15 = or i5 %i_1, 1

]]></Node>
<StgValue><ssdm name="tmp_15"/></StgValue>
</operation>

<operation id="132" st_id="12" stage="1" lat="1">
<core>NULL</core>
<MemPortIdVec></MemPortIdVec>
<condition id="27">
<or_exp><and_exp></and_exp></or_exp>
</condition>

<Node id="124" bw="32" op_0_bw="5">
<![CDATA[
:6  %tmp_18_cast = zext i5 %tmp_15 to i32

]]></Node>
<StgValue><ssdm name="tmp_18_cast"/></StgValue>
</operation>

<operation id="133" st_id="12" stage="1" lat="1">
<core>NULL</core>
<MemPortIdVec></MemPortIdVec>
<condition id="27">
<or_exp><and_exp></and_exp></or_exp>
</condition>

<Node id="125" bw="5" op_0_bw="32" op_1_bw="32" op_2_bw="32">
<![CDATA[
:7  %key_P_addr_2 = getelementptr inbounds [18 x i32]* @key_P, i32 0, i32 %tmp_18_cast

]]></Node>
<StgValue><ssdm name="key_P_addr_2"/></StgValue>
</operation>

<operation id="134" st_id="12" stage="1" lat="1">
<core>RAM</core>
<MemPortIdVec></MemPortIdVec>
<condition id="27">
<or_exp><and_exp></and_exp></or_exp>
</condition>

<Node id="126" bw="0" op_0_bw="32" op_1_bw="5">
<![CDATA[
:8  store i32 %in_1_36, i32* %key_P_addr_2, align 4

]]></Node>
<StgValue><ssdm name=""/></StgValue>
</operation>

<operation id="135" st_id="12" stage="1" lat="1">
<core>AddSub</core>
<MemPortIdVec></MemPortIdVec>
<condition id="27">
<or_exp><and_exp></and_exp></or_exp>
</condition>

<Node id="127" bw="5" op_0_bw="5" op_1_bw="5">
<![CDATA[
:9  %i_5 = add i5 %i_1, 2

]]></Node>
<StgValue><ssdm name="i_5"/></StgValue>
</operation>

<operation id="136" st_id="12" stage="1" lat="1">
<core>NULL</core>
<MemPortIdVec></MemPortIdVec>
<condition id="27">
<or_exp><and_exp></and_exp></or_exp>
</condition>

<Node id="128" bw="0" op_0_bw="0">
<![CDATA[
:10  br label %.preheader28

]]></Node>
<StgValue><ssdm name=""/></StgValue>
</operation>
</state>

<state id="13" st_id="13">

<operation id="137" st_id="13" stage="1" lat="1">
<core>NULL</core>
<MemPortIdVec></MemPortIdVec>
<condition id="28">
<or_exp><and_exp></and_exp></or_exp>
</condition>

<Node id="132" bw="32" op_0_bw="32" op_1_bw="0">
<![CDATA[
.preheader:0  %in_1_1 = phi i32 [ %in_1_1_39, %6 ], [ %in_1, %.preheader.preheader ]

]]></Node>
<StgValue><ssdm name="in_1_1"/></StgValue>
</operation>

<operation id="138" st_id="13" stage="1" lat="1">
<core>NULL</core>
<MemPortIdVec></MemPortIdVec>
<condition id="28">
<or_exp><and_exp></and_exp></or_exp>
</condition>

<Node id="133" bw="32" op_0_bw="32" op_1_bw="0">
<![CDATA[
.preheader:1  %in_0_1 = phi i32 [ %in_0_1_38, %6 ], [ %in, %.preheader.preheader ]

]]></Node>
<StgValue><ssdm name="in_0_1"/></StgValue>
</operation>

<operation id="139" st_id="13" stage="1" lat="1">
<core>NULL</core>
<MemPortIdVec></MemPortIdVec>
<condition id="28">
<or_exp><and_exp></and_exp></or_exp>
</condition>

<Node id="134" bw="11" op_0_bw="11" op_1_bw="0">
<![CDATA[
.preheader:2  %i_2 = phi i11 [ %i_6, %6 ], [ 0, %.preheader.preheader ]

]]></Node>
<StgValue><ssdm name="i_2"/></StgValue>
</operation>

<operation id="140" st_id="13" stage="1" lat="1">
<core>NULL</core>
<MemPortIdVec></MemPortIdVec>
<condition id="28">
<or_exp><and_exp></and_exp></or_exp>
</condition>

<Node id="135" bw="32" op_0_bw="11">
<![CDATA[
.preheader:3  %i_2_cast1 = zext i11 %i_2 to i32

]]></Node>
<StgValue><ssdm name="i_2_cast1"/></StgValue>
</operation>

<operation id="141" st_id="13" stage="1" lat="1">
<core>NULL</core>
<MemPortIdVec></MemPortIdVec>
<condition id="28">
<or_exp><and_exp></and_exp></or_exp>
</condition>

<Node id="136" bw="1" op_0_bw="1" op_1_bw="11" op_2_bw="32">
<![CDATA[
.preheader:4  %tmp = call i1 @_ssdm_op_BitSelect.i1.i11.i32(i11 %i_2, i32 10)

]]></Node>
<StgValue><ssdm name="tmp"/></StgValue>
</operation>

<operation id="142" st_id="13" stage="1" lat="1">
<core>NULL</core>
<MemPortIdVec></MemPortIdVec>
<condition id="28">
<or_exp><and_exp></and_exp></or_exp>
</condition>

<Node id="137" bw="32" op_0_bw="32" op_1_bw="64" op_2_bw="64" op_3_bw="64">
<![CDATA[
.preheader:5  %empty_37 = call i32 (...)* @_ssdm_op_SpecLoopTripCount(i64 512, i64 512, i64 512)

]]></Node>
<StgValue><ssdm name="empty_37"/></StgValue>
</operation>

<operation id="143" st_id="13" stage="1" lat="1">
<core>NULL</core>
<MemPortIdVec></MemPortIdVec>
<condition id="28">
<or_exp><and_exp></and_exp></or_exp>
</condition>

<Node id="138" bw="0" op_0_bw="1" op_1_bw="0" op_2_bw="0">
<![CDATA[
.preheader:6  br i1 %tmp, label %7, label %6

]]></Node>
<StgValue><ssdm name=""/></StgValue>
</operation>

<operation id="144" st_id="13" stage="2" lat="2">
<core></core>
<MemPortIdVec></MemPortIdVec>
<condition id="30">
<or_exp><and_exp><literal name="tmp" val="0"/>
</and_exp></or_exp>
</condition>

<Node id="140" bw="64" op_0_bw="64" op_1_bw="32" op_2_bw="32">
<![CDATA[
:0  %call_ret1 = call fastcc { i32, i32 } @BF_encrypt(i32 %in_0_1, i32 %in_1_1)

]]></Node>
<StgValue><ssdm name="call_ret1"/></StgValue>
</operation>

<operation id="145" st_id="13" stage="1" lat="1">
<core>NULL</core>
<MemPortIdVec></MemPortIdVec>
<condition id="30">
<or_exp><and_exp><literal name="tmp" val="0"/>
</and_exp></or_exp>
</condition>

<Node id="145" bw="10" op_0_bw="11">
<![CDATA[
:5  %tmp_16 = trunc i11 %i_2 to i10

]]></Node>
<StgValue><ssdm name="tmp_16"/></StgValue>
</operation>

<operation id="146" st_id="13" stage="1" lat="1">
<core>AddSub</core>
<MemPortIdVec></MemPortIdVec>
<condition id="30">
<or_exp><and_exp><literal name="tmp" val="0"/>
</and_exp></or_exp>
</condition>

<Node id="150" bw="11" op_0_bw="11" op_1_bw="11">
<![CDATA[
:10  %i_6 = add i11 2, %i_2

]]></Node>
<StgValue><ssdm name="i_6"/></StgValue>
</operation>

<operation id="147" st_id="13" stage="1" lat="1">
<core>NULL</core>
<MemPortIdVec></MemPortIdVec>
<condition id="32">
<or_exp><and_exp><literal name="tmp" val="1"/>
</and_exp></or_exp>
</condition>

<Node id="153" bw="0">
<![CDATA[
:0  ret void

]]></Node>
<StgValue><ssdm name=""/></StgValue>
</operation>
</state>

<state id="14" st_id="14">

<operation id="148" st_id="14" stage="1" lat="2">
<core></core>
<MemPortIdVec></MemPortIdVec>
<condition id="33">
<or_exp><and_exp></and_exp></or_exp>
</condition>

<Node id="140" bw="64" op_0_bw="64" op_1_bw="32" op_2_bw="32">
<![CDATA[
:0  %call_ret1 = call fastcc { i32, i32 } @BF_encrypt(i32 %in_0_1, i32 %in_1_1)

]]></Node>
<StgValue><ssdm name="call_ret1"/></StgValue>
</operation>

<operation id="149" st_id="14" stage="1" lat="1">
<core>NULL</core>
<MemPortIdVec></MemPortIdVec>
<condition id="33">
<or_exp><and_exp></and_exp></or_exp>
</condition>

<Node id="141" bw="32" op_0_bw="64">
<![CDATA[
:1  %in_0_1_38 = extractvalue { i32, i32 } %call_ret1, 0

]]></Node>
<StgValue><ssdm name="in_0_1_38"/></StgValue>
</operation>

<operation id="150" st_id="14" stage="1" lat="1">
<core>NULL</core>
<MemPortIdVec></MemPortIdVec>
<condition id="33">
<or_exp><and_exp></and_exp></or_exp>
</condition>

<Node id="142" bw="32" op_0_bw="64">
<![CDATA[
:2  %in_1_1_39 = extractvalue { i32, i32 } %call_ret1, 1

]]></Node>
<StgValue><ssdm name="in_1_1_39"/></StgValue>
</operation>
</state>

<state id="15" st_id="15">

<operation id="151" st_id="15" stage="1" lat="1">
<core>NULL</core>
<MemPortIdVec></MemPortIdVec>
<condition id="34">
<or_exp><and_exp></and_exp></or_exp>
</condition>

<Node id="143" bw="10" op_0_bw="32" op_1_bw="32" op_2_bw="32">
<![CDATA[
:3  %key_S_addr = getelementptr inbounds [1024 x i32]* @key_S, i32 0, i32 %i_2_cast1

]]></Node>
<StgValue><ssdm name="key_S_addr"/></StgValue>
</operation>

<operation id="152" st_id="15" stage="1" lat="1">
<core>RAM</core>
<MemPortIdVec></MemPortIdVec>
<condition id="34">
<or_exp><and_exp></and_exp></or_exp>
</condition>

<Node id="144" bw="0" op_0_bw="32" op_1_bw="10">
<![CDATA[
:4  store i32 %in_0_1_38, i32* %key_S_addr, align 4

]]></Node>
<StgValue><ssdm name=""/></StgValue>
</operation>

<operation id="153" st_id="15" stage="1" lat="1">
<core>NULL</core>
<MemPortIdVec></MemPortIdVec>
<condition id="34">
<or_exp><and_exp></and_exp></or_exp>
</condition>

<Node id="146" bw="10" op_0_bw="10" op_1_bw="10">
<![CDATA[
:6  %tmp_17 = or i10 %tmp_16, 1

]]></Node>
<StgValue><ssdm name="tmp_17"/></StgValue>
</operation>

<operation id="154" st_id="15" stage="1" lat="1">
<core>NULL</core>
<MemPortIdVec></MemPortIdVec>
<condition id="34">
<or_exp><and_exp></and_exp></or_exp>
</condition>

<Node id="147" bw="32" op_0_bw="10">
<![CDATA[
:7  %tmp_20_cast = zext i10 %tmp_17 to i32

]]></Node>
<StgValue><ssdm name="tmp_20_cast"/></StgValue>
</operation>

<operation id="155" st_id="15" stage="1" lat="1">
<core>NULL</core>
<MemPortIdVec></MemPortIdVec>
<condition id="34">
<or_exp><and_exp></and_exp></or_exp>
</condition>

<Node id="148" bw="10" op_0_bw="32" op_1_bw="32" op_2_bw="32">
<![CDATA[
:8  %key_S_addr_1 = getelementptr inbounds [1024 x i32]* @key_S, i32 0, i32 %tmp_20_cast

]]></Node>
<StgValue><ssdm name="key_S_addr_1"/></StgValue>
</operation>

<operation id="156" st_id="15" stage="1" lat="1">
<core>RAM</core>
<MemPortIdVec></MemPortIdVec>
<condition id="34">
<or_exp><and_exp></and_exp></or_exp>
</condition>

<Node id="149" bw="0" op_0_bw="32" op_1_bw="10">
<![CDATA[
:9  store i32 %in_1_1_39, i32* %key_S_addr_1, align 4

]]></Node>
<StgValue><ssdm name=""/></StgValue>
</operation>

<operation id="157" st_id="15" stage="1" lat="1">
<core>NULL</core>
<MemPortIdVec></MemPortIdVec>
<condition id="34">
<or_exp><and_exp></and_exp></or_exp>
</condition>

<Node id="151" bw="0" op_0_bw="0">
<![CDATA[
:11  br label %.preheader

]]></Node>
<StgValue><ssdm name=""/></StgValue>
</operation>
</state>
</state_list>


<ports>
</ports>


<dataflows>
</dataflows>


</stg>
