<profile>

<section name = "Vivado HLS Report for 'BF_set_key'" level="0">
<item name = "Date">Wed Mar 31 12:25:48 2021
</item>
<item name = "Version">2017.2 (Build 1909853 on Thu Jun 15 18:55:24 MDT 2017)</item>
<item name = "Project">pro</item>
<item name = "Solution">solution2</item>
<item name = "Product family">zynq</item>
<item name = "Target device">xc7z020clg484-1</item>
</section>

<section name = "Performance Estimates" level="0">
<item name = "Timing (ns)">
<section name = "" level="1">
<item name = "Summary"><table name="" hasTotal="0">
<keys size="4">Clock, Target, Estimated, Uncertainty</keys>
<column name="ap_clk">10.00, 8.22, 1.25</column>
</table>
</item>
</section>
</item>
<item name = "Latency (clock cycles)">
<section name = "" level="1">
<item name = "Summary"><table name="" hasTotal="0">
<keys size="6">, min, max, min, max, Type</keys>
<column name="">28732, 28732, 28732, 28732, none</column>
</table>
</item>
<item name = "Detail">
<section name = "" level="1">
<item name = "Instance"><table name="" hasTotal="0">
<keys size="7">Instance, Module, min, max, min, max, Type</keys>
<column name="grp_BF_encrypt_fu_324">BF_encrypt, 48, 48, 48, 48, none</column>
</table>
</item>
<item name = "Loop"><table name="" hasTotal="0">
<keys size="8">Loop Name, min, max, Latency, achieved, target, Count, Pipelined</keys>
<column name="- Loop 1">36, 36, 2, -, -, 18, no</column>
<column name="- Loop 2">2048, 2048, 2, -, -, 1024, no</column>
<column name="- Loop 3">72, 72, 4, -, -, 18, no</column>
<column name="- Loop 4">459, 459, 51, -, -, 9, no</column>
<column name="- Loop 5">26112, 26112, 51, -, -, 512, no</column>
</table>
</item>
</section>
</item>
</section>
</item>
</section>

<section name = "Utilization Estimates" level="0">
<item name = "Summary"><table name="" hasTotal="1">
<keys size="5">Name, BRAM_18K, DSP48E, FF, LUT</keys>
<column name="DSP">-, -, -, -</column>
<column name="Expression">-, -, 548, 725</column>
<column name="FIFO">-, -, -, -</column>
<column name="Instance">-, -, 8984, 6949</column>
<column name="Memory">2, -, 32, 9</column>
<column name="Multiplexer">-, -, -, 389</column>
<column name="Register">-, -, 498, -</column>
<specialColumn name="Available">280, 220, 106400, 53200</specialColumn>
<specialColumn name="Utilization (%)">~0, 0, 9, 15</specialColumn>
</table>
</item>
<item name = "Detail">
<section name = "" level="1">
<item name = "Instance"><table name="" hasTotal="1">
<keys size="6">Instance, Module, BRAM_18K, DSP48E, FF, LUT</keys>
<column name="grp_BF_encrypt_fu_324">BF_encrypt, 0, 0, 8984, 6949</column>
</table>
</item>
<item name = "DSP48"><table name="" hasTotal="0">
<keys size="3">Instance, Module, Expression</keys>
</table>
</item>
<item name = "Memory"><table name="" hasTotal="1">
<keys size="9">Memory, Module, BRAM_18K, FF, LUT, Words, Bits, Banks, W*Bits*Banks</keys>
<column name="bf_init_P_U">BF_set_key_bf_inibkb, 0, 32, 9, 18, 32, 1, 576</column>
<column name="bf_init_S_U">BF_set_key_bf_inicud, 2, 0, 0, 1024, 32, 1, 32768</column>
</table>
</item>
<item name = "FIFO"><table name="" hasTotal="1">
<keys size="7">Name, BRAM_18K, FF, LUT, Depth, Bits, Size:D*B</keys>
</table>
</item>
<item name = "Expression"><table name="" hasTotal="1">
<keys size="7">Variable Name, Operation, DSP48E, FF, LUT, Bitwidth P0, Bitwidth P1</keys>
<column name="gepindex2_fu_453_p2">+, 0, 53, 21, 16, 15</column>
<column name="gepindex5_fu_559_p2">+, 0, 53, 21, 16, 15</column>
<column name="gepindex8_fu_624_p2">+, 0, 53, 21, 16, 15</column>
<column name="gepindex_fu_418_p2">+, 0, 53, 21, 16, 15</column>
<column name="i_4_fu_393_p2">+, 0, 20, 10, 5, 1</column>
<column name="i_5_fu_723_p2">+, 0, 20, 10, 5, 2</column>
<column name="i_6_fu_745_p2">+, 0, 38, 16, 2, 11</column>
<column name="mem_index_gep1_fu_442_p2">+, 0, 50, 20, 15, 2</column>
<column name="mem_index_gep2_fu_506_p2">+, 0, 50, 20, 15, 2</column>
<column name="mem_index_gep3_fu_542_p2">+, 0, 50, 20, 15, 3</column>
<column name="mem_index_gep_fu_399_p2">+, 0, 50, 20, 15, 1</column>
<column name="p_rec_i1_fu_376_p2">+, 0, 38, 16, 11, 1</column>
<column name="p_rec_i_fu_358_p2">+, 0, 20, 10, 5, 1</column>
<column name="not_ptr_cmp1_fu_530_p2">and, 0, 0, 2, 1, 1</column>
<column name="addrCmp1_fu_448_p2">icmp, 0, 0, 8, 15, 14</column>
<column name="addrCmp2_fu_554_p2">icmp, 0, 0, 8, 15, 14</column>
<column name="addrCmp3_fu_619_p2">icmp, 0, 0, 8, 15, 14</column>
<column name="addrCmp_fu_408_p2">icmp, 0, 0, 8, 15, 14</column>
<column name="exitcond1_fu_352_p2">icmp, 0, 0, 2, 5, 5</column>
<column name="exitcond2_fu_370_p2">icmp, 0, 0, 6, 11, 12</column>
<column name="exitcond_fu_387_p2">icmp, 0, 0, 2, 5, 5</column>
<column name="ptr_cmp1_fu_488_p2">icmp, 0, 0, 8, 15, 14</column>
<column name="ptr_cmp3_fu_512_p2">icmp, 0, 0, 8, 15, 14</column>
<column name="ptr_cmp6_fu_671_p2">icmp, 0, 0, 8, 15, 14</column>
<column name="ptr_cmp_fu_437_p2">icmp, 0, 0, 8, 15, 14</column>
<column name="tmp_11_fu_706_p2">icmp, 0, 0, 2, 5, 5</column>
<column name="ptr_cmp2_fu_500_p2">or, 0, 0, 2, 1, 1</column>
<column name="ptr_cmp4_fu_518_p2">or, 0, 0, 2, 1, 1</column>
<column name="ptr_cmp5_fu_536_p2">or, 0, 0, 2, 1, 1</column>
<column name="tmp_15_fu_712_p2">or, 0, 0, 5, 5, 1</column>
<column name="tmp_17_fu_751_p2">or, 0, 0, 10, 10, 1</column>
<column name="d_2_load_fu_649_p3">select, 0, 0, 32, 1, 32</column>
<column name="gepindex10_fu_638_p3">select, 0, 0, 16, 1, 16</column>
<column name="gepindex1_fu_424_p3">select, 0, 0, 16, 1, 16</column>
<column name="gepindex3_fu_459_p3">select, 0, 0, 16, 1, 16</column>
<column name="gepindex4_fu_467_p3">select, 0, 0, 16, 1, 16</column>
<column name="gepindex6_fu_565_p3">select, 0, 0, 16, 1, 16</column>
<column name="gepindex7_fu_573_p3">select, 0, 0, 16, 1, 16</column>
<column name="gepindex9_fu_630_p3">select, 0, 0, 16, 1, 16</column>
<column name="mem_index_sel1_fu_612_p3">select, 0, 0, 15, 1, 15</column>
<column name="mem_index_sel2_fu_677_p3">select, 0, 0, 15, 1, 15</column>
<column name="mem_index_sel9_fu_605_p3">select, 0, 0, 15, 1, 15</column>
<column name="mem_index_sel_fu_599_p3">select, 0, 0, 15, 1, 15</column>
<column name="p_load1_fu_656_p3">select, 0, 0, 32, 1, 32</column>
<column name="p_load_fu_584_p3">select, 0, 0, 32, 1, 32</column>
<column name="tmp_12_fu_591_p3">select, 0, 0, 32, 1, 32</column>
<column name="tmp_13_fu_663_p3">select, 0, 0, 32, 1, 32</column>
<column name="tmp_s_fu_479_p3">select, 0, 0, 32, 1, 32</column>
<column name="not_ptr_cmp_fu_494_p2">xor, 0, 0, 2, 1, 2</column>
<column name="ptr_cmp99132_not_fu_524_p2">xor, 0, 0, 2, 1, 2</column>
<column name="tmp_14_fu_695_p2">xor, 0, 0, 32, 32, 32</column>
</table>
</item>
<item name = "Multiplexer"><table name="" hasTotal="1">
<keys size="5">Name, LUT, Input Size, Bits, Total Bits</keys>
<column name="ap_NS_fsm">65, 16, 1, 16</column>
<column name="data_address0">15, 3, 3, 9</column>
<column name="data_address1">15, 3, 3, 9</column>
<column name="grp_BF_encrypt_fu_324_data_0_read">15, 3, 32, 96</column>
<column name="grp_BF_encrypt_fu_324_data_1_read">15, 3, 32, 96</column>
<column name="i_1_reg_279">9, 2, 5, 10</column>
<column name="i_2_reg_313">9, 2, 11, 22</column>
<column name="i_reg_232">9, 2, 5, 10</column>
<column name="in_0_1_reg_302">9, 2, 32, 64</column>
<column name="in_1_1_reg_291">9, 2, 32, 64</column>
<column name="in_1_reg_255">9, 2, 32, 64</column>
<column name="in_reg_267">9, 2, 32, 64</column>
<column name="key_P_address0">27, 5, 5, 25</column>
<column name="key_P_address1">15, 3, 5, 15</column>
<column name="key_P_ce0">15, 3, 1, 3</column>
<column name="key_P_ce1">15, 3, 1, 3</column>
<column name="key_P_d0">21, 4, 32, 128</column>
<column name="key_S_address0">21, 4, 10, 40</column>
<column name="key_S_address1">15, 3, 10, 30</column>
<column name="key_S_ce0">15, 3, 1, 3</column>
<column name="key_S_ce1">15, 3, 1, 3</column>
<column name="key_S_d0">15, 3, 32, 96</column>
<column name="mem_index_phi_reg_243">9, 2, 15, 30</column>
<column name="p1_0_rec_i1_reg_221">9, 2, 11, 22</column>
<column name="p1_0_rec_i_reg_210">9, 2, 5, 10</column>
</table>
</item>
<item name = "Register"><table name="" hasTotal="1">
<keys size="5">Name, FF, LUT, Bits, Const Bits</keys>
<column name="ap_CS_fsm">15, 0, 15, 0</column>
<column name="ap_reg_grp_BF_encrypt_fu_324_ap_start">1, 0, 1, 0</column>
<column name="data_load_1_reg_879">8, 0, 8, 0</column>
<column name="data_load_reg_874">8, 0, 8, 0</column>
<column name="i_1_cast3_reg_899">5, 0, 32, 27</column>
<column name="i_1_reg_279">5, 0, 5, 0</column>
<column name="i_2_cast1_reg_924">11, 0, 32, 21</column>
<column name="i_2_reg_313">11, 0, 11, 0</column>
<column name="i_4_reg_800">5, 0, 5, 0</column>
<column name="i_6_reg_937">11, 0, 11, 0</column>
<column name="i_reg_232">5, 0, 5, 0</column>
<column name="in_0_1_38_reg_942">32, 0, 32, 0</column>
<column name="in_0_1_reg_302">32, 0, 32, 0</column>
<column name="in_0_reg_907">32, 0, 32, 0</column>
<column name="in_1_1_39_reg_948">32, 0, 32, 0</column>
<column name="in_1_1_reg_291">32, 0, 32, 0</column>
<column name="in_1_36_reg_913">32, 0, 32, 0</column>
<column name="in_1_reg_255">32, 0, 32, 0</column>
<column name="in_reg_267">32, 0, 32, 0</column>
<column name="key_P_addr_3_reg_766">5, 0, 5, 0</column>
<column name="key_P_addr_reg_812">5, 0, 5, 0</column>
<column name="key_S_addr_2_reg_784">10, 0, 10, 0</column>
<column name="mem_index_gep1_reg_829">15, 0, 15, 0</column>
<column name="mem_index_gep2_reg_852">15, 0, 15, 0</column>
<column name="mem_index_gep3_reg_869">15, 0, 15, 0</column>
<column name="mem_index_gep_reg_805">15, 0, 15, 0</column>
<column name="mem_index_phi_reg_243">15, 0, 15, 0</column>
<column name="mem_index_sel2_reg_894">15, 0, 15, 0</column>
<column name="p1_0_rec_i1_reg_221">11, 0, 11, 0</column>
<column name="p1_0_rec_i_reg_210">5, 0, 5, 0</column>
<column name="p_rec_i1_reg_792">11, 0, 11, 0</column>
<column name="p_rec_i_reg_774">5, 0, 5, 0</column>
<column name="ptr_cmp1_reg_840">1, 0, 1, 0</column>
<column name="ptr_cmp2_reg_845">1, 0, 1, 0</column>
<column name="ptr_cmp3_reg_858">1, 0, 1, 0</column>
<column name="ptr_cmp5_reg_863">1, 0, 1, 0</column>
<column name="ptr_cmp_reg_822">1, 0, 1, 0</column>
<column name="tmp_16_reg_932">10, 0, 10, 0</column>
</table>
</item>
</section>
</item>
</section>

<section name = "Interface" level="0">
<item name = "Summary"><table name="" hasTotal="0">
<keys size="6">RTL Ports, Dir, Bits, Protocol, Source Object, C Type</keys>
<column name="ap_clk">in, 1, ap_ctrl_hs, BF_set_key, return value</column>
<column name="ap_rst">in, 1, ap_ctrl_hs, BF_set_key, return value</column>
<column name="ap_start">in, 1, ap_ctrl_hs, BF_set_key, return value</column>
<column name="ap_done">out, 1, ap_ctrl_hs, BF_set_key, return value</column>
<column name="ap_idle">out, 1, ap_ctrl_hs, BF_set_key, return value</column>
<column name="ap_ready">out, 1, ap_ctrl_hs, BF_set_key, return value</column>
<column name="data_address0">out, 3, ap_memory, data, array</column>
<column name="data_ce0">out, 1, ap_memory, data, array</column>
<column name="data_q0">in, 8, ap_memory, data, array</column>
<column name="data_address1">out, 3, ap_memory, data, array</column>
<column name="data_ce1">out, 1, ap_memory, data, array</column>
<column name="data_q1">in, 8, ap_memory, data, array</column>
<column name="key_P_address0">out, 5, ap_memory, key_P, array</column>
<column name="key_P_ce0">out, 1, ap_memory, key_P, array</column>
<column name="key_P_we0">out, 1, ap_memory, key_P, array</column>
<column name="key_P_d0">out, 32, ap_memory, key_P, array</column>
<column name="key_P_q0">in, 32, ap_memory, key_P, array</column>
<column name="key_P_address1">out, 5, ap_memory, key_P, array</column>
<column name="key_P_ce1">out, 1, ap_memory, key_P, array</column>
<column name="key_P_we1">out, 1, ap_memory, key_P, array</column>
<column name="key_P_d1">out, 32, ap_memory, key_P, array</column>
<column name="key_P_q1">in, 32, ap_memory, key_P, array</column>
<column name="key_S_address0">out, 10, ap_memory, key_S, array</column>
<column name="key_S_ce0">out, 1, ap_memory, key_S, array</column>
<column name="key_S_we0">out, 1, ap_memory, key_S, array</column>
<column name="key_S_d0">out, 32, ap_memory, key_S, array</column>
<column name="key_S_q0">in, 32, ap_memory, key_S, array</column>
<column name="key_S_address1">out, 10, ap_memory, key_S, array</column>
<column name="key_S_ce1">out, 1, ap_memory, key_S, array</column>
<column name="key_S_we1">out, 1, ap_memory, key_S, array</column>
<column name="key_S_d1">out, 32, ap_memory, key_S, array</column>
<column name="key_S_q1">in, 32, ap_memory, key_S, array</column>
</table>
</item>
</section>
</profile>
