<stg><name>BF_set_key</name>


<trans_list>

<trans id="158" from="1" to="2">
<condition id="36">
<or_exp><and_exp></and_exp></or_exp>
</condition>
</trans>

<trans id="159" from="2" to="3">
<condition id="37">
<or_exp><and_exp><literal name="exitcond1" val="0"/>
</and_exp></or_exp>
</condition>
</trans>

<trans id="162" from="2" to="4">
<condition id="42">
<or_exp><and_exp><literal name="exitcond1" val="1"/>
</and_exp></or_exp>
</condition>
</trans>

<trans id="161" from="3" to="2">
<condition id="40">
<or_exp><and_exp></and_exp></or_exp>
</condition>
</trans>

<trans id="163" from="4" to="5">
<condition id="43">
<or_exp><and_exp><literal name="exitcond2" val="0"/>
</and_exp></or_exp>
</condition>
</trans>

<trans id="166" from="4" to="6">
<condition id="48">
<or_exp><and_exp><literal name="exitcond2" val="1"/>
</and_exp></or_exp>
</condition>
</trans>

<trans id="165" from="5" to="4">
<condition id="46">
<or_exp><and_exp></and_exp></or_exp>
</condition>
</trans>

<trans id="167" from="6" to="7">
<condition id="49">
<or_exp><and_exp><literal name="exitcond" val="0"/>
</and_exp></or_exp>
</condition>
</trans>

<trans id="172" from="6" to="10">
<condition id="56">
<or_exp><and_exp><literal name="exitcond" val="1"/>
</and_exp></or_exp>
</condition>
</trans>

<trans id="169" from="7" to="8">
<condition id="51">
<or_exp><and_exp></and_exp></or_exp>
</condition>
</trans>

<trans id="170" from="8" to="9">
<condition id="52">
<or_exp><and_exp></and_exp></or_exp>
</condition>
</trans>

<trans id="171" from="9" to="6">
<condition id="54">
<or_exp><and_exp></and_exp></or_exp>
</condition>
</trans>

<trans id="173" from="10" to="11">
<condition id="57">
<or_exp><and_exp><literal name="tmp_11" val="1"/>
</and_exp></or_exp>
</condition>
</trans>

<trans id="177" from="10" to="13">
<condition id="63">
<or_exp><and_exp><literal name="tmp_11" val="0"/>
</and_exp></or_exp>
</condition>
</trans>

<trans id="175" from="11" to="12">
<condition id="59">
<or_exp><and_exp></and_exp></or_exp>
</condition>
</trans>

<trans id="176" from="12" to="10">
<condition id="61">
<or_exp><and_exp></and_exp></or_exp>
</condition>
</trans>

<trans id="178" from="13" to="14">
<condition id="64">
<or_exp><and_exp><literal name="tmp" val="0"/>
</and_exp></or_exp>
</condition>
</trans>

<trans id="180" from="14" to="15">
<condition id="66">
<or_exp><and_exp></and_exp></or_exp>
</condition>
</trans>

<trans id="181" from="15" to="13">
<condition id="68">
<or_exp><and_exp></and_exp></or_exp>
</condition>
</trans>
</trans_list>



<state_list>

<state id="1" st_id="1">

<operation id="16" st_id="1" stage="1" lat="1">
<core>NULL</core>
<MemPortIdVec></MemPortIdVec>
<condition id="0">
<or_exp><and_exp></and_exp></or_exp>
</condition>

<Node id="6" bw="0" op_0_bw="0">
<![CDATA[
:0  br label %1

]]></Node>
<StgValue><ssdm name=""/></StgValue>
</operation>
</state>

<state id="2" st_id="2">

<operation id="17" st_id="2" stage="1" lat="1">
<core>NULL</core>
<MemPortIdVec></MemPortIdVec>
<condition id="1">
<or_exp><and_exp></and_exp></or_exp>
</condition>

<Node id="8" bw="5" op_0_bw="5" op_1_bw="0">
<![CDATA[
:0  %p1_0_rec_i = phi i5 [ 0, %0 ], [ %p_rec_i, %2 ]

]]></Node>
<StgValue><ssdm name="p1_0_rec_i"/></StgValue>
</operation>

<operation id="18" st_id="2" stage="1" lat="1">
<core>NULL</core>
<MemPortIdVec></MemPortIdVec>
<condition id="1">
<or_exp><and_exp></and_exp></or_exp>
</condition>

<Node id="9" bw="32" op_0_bw="5">
<![CDATA[
:1  %p1_0_rec_i_cast = zext i5 %p1_0_rec_i to i32

]]></Node>
<StgValue><ssdm name="p1_0_rec_i_cast"/></StgValue>
</operation>

<operation id="19" st_id="2" stage="1" lat="1">
<core>NULL</core>
<MemPortIdVec></MemPortIdVec>
<condition id="1">
<or_exp><and_exp></and_exp></or_exp>
</condition>

<Node id="10" bw="5" op_0_bw="32" op_1_bw="32" op_2_bw="32">
<![CDATA[
:2  %bf_init_P_addr = getelementptr [18 x i32]* @bf_init_P, i32 0, i32 %p1_0_rec_i_cast

]]></Node>
<StgValue><ssdm name="bf_init_P_addr"/></StgValue>
</operation>

<operation id="20" st_id="2" stage="1" lat="1">
<core>NULL</core>
<MemPortIdVec></MemPortIdVec>
<condition id="1">
<or_exp><and_exp></and_exp></or_exp>
</condition>

<Node id="11" bw="5" op_0_bw="32" op_1_bw="32" op_2_bw="32">
<![CDATA[
:3  %key_P_addr_3 = getelementptr [18 x i32]* @key_P, i32 0, i32 %p1_0_rec_i_cast

]]></Node>
<StgValue><ssdm name="key_P_addr_3"/></StgValue>
</operation>

<operation id="21" st_id="2" stage="1" lat="1">
<core>NULL</core>
<MemPortIdVec></MemPortIdVec>
<condition id="1">
<or_exp><and_exp></and_exp></or_exp>
</condition>

<Node id="12" bw="32" op_0_bw="32" op_1_bw="64" op_2_bw="64" op_3_bw="64">
<![CDATA[
:4  %empty = call i32 (...)* @_ssdm_op_SpecLoopTripCount(i64 18, i64 18, i64 18)

]]></Node>
<StgValue><ssdm name="empty"/></StgValue>
</operation>

<operation id="22" st_id="2" stage="1" lat="1">
<core>Cmp</core>
<MemPortIdVec></MemPortIdVec>
<condition id="1">
<or_exp><and_exp></and_exp></or_exp>
</condition>

<Node id="13" bw="1" op_0_bw="5" op_1_bw="5">
<![CDATA[
:5  %exitcond1 = icmp eq i5 %p1_0_rec_i, -14

]]></Node>
<StgValue><ssdm name="exitcond1"/></StgValue>
</operation>

<operation id="23" st_id="2" stage="1" lat="1">
<core>AddSub</core>
<MemPortIdVec></MemPortIdVec>
<condition id="1">
<or_exp><and_exp></and_exp></or_exp>
</condition>

<Node id="14" bw="5" op_0_bw="5" op_1_bw="5">
<![CDATA[
:6  %p_rec_i = add i5 %p1_0_rec_i, 1

]]></Node>
<StgValue><ssdm name="p_rec_i"/></StgValue>
</operation>

<operation id="24" st_id="2" stage="1" lat="1">
<core>NULL</core>
<MemPortIdVec></MemPortIdVec>
<condition id="1">
<or_exp><and_exp></and_exp></or_exp>
</condition>

<Node id="15" bw="0" op_0_bw="1" op_1_bw="0" op_2_bw="0">
<![CDATA[
:7  br i1 %exitcond1, label %local_memcpy.1.exit.preheader, label %2

]]></Node>
<StgValue><ssdm name=""/></StgValue>
</operation>

<operation id="25" st_id="2" stage="2" lat="2">
<core>ROM_nP</core>
<MemPortIdVec>0 </MemPortIdVec>
<condition id="3">
<or_exp><and_exp><literal name="exitcond1" val="0"/>
</and_exp></or_exp>
</condition>

<Node id="17" bw="32" op_0_bw="5">
<![CDATA[
:0  %bf_init_P_load = load i32* %bf_init_P_addr, align 4

]]></Node>
<StgValue><ssdm name="bf_init_P_load"/></StgValue>
</operation>

<operation id="26" st_id="2" stage="1" lat="1">
<core>NULL</core>
<MemPortIdVec></MemPortIdVec>
<condition id="5">
<or_exp><and_exp><literal name="exitcond1" val="1"/>
</and_exp></or_exp>
</condition>

<Node id="21" bw="0" op_0_bw="0">
<![CDATA[
local_memcpy.1.exit.preheader:0  br label %local_memcpy.1.exit

]]></Node>
<StgValue><ssdm name=""/></StgValue>
</operation>
</state>

<state id="3" st_id="3">

<operation id="27" st_id="3" stage="1" lat="2">
<core>ROM_nP</core>
<MemPortIdVec>0 </MemPortIdVec>
<condition id="6">
<or_exp><and_exp></and_exp></or_exp>
</condition>

<Node id="17" bw="32" op_0_bw="5">
<![CDATA[
:0  %bf_init_P_load = load i32* %bf_init_P_addr, align 4

]]></Node>
<StgValue><ssdm name="bf_init_P_load"/></StgValue>
</operation>

<operation id="28" st_id="3" stage="1" lat="1">
<core>RAM</core>
<MemPortIdVec>0 </MemPortIdVec>
<condition id="6">
<or_exp><and_exp></and_exp></or_exp>
</condition>

<Node id="18" bw="0" op_0_bw="32" op_1_bw="5">
<![CDATA[
:1  store i32 %bf_init_P_load, i32* %key_P_addr_3, align 4

]]></Node>
<StgValue><ssdm name=""/></StgValue>
</operation>

<operation id="29" st_id="3" stage="1" lat="1">
<core>NULL</core>
<MemPortIdVec></MemPortIdVec>
<condition id="6">
<or_exp><and_exp></and_exp></or_exp>
</condition>

<Node id="19" bw="0" op_0_bw="0">
<![CDATA[
:2  br label %1

]]></Node>
<StgValue><ssdm name=""/></StgValue>
</operation>
</state>

<state id="4" st_id="4">

<operation id="30" st_id="4" stage="1" lat="1">
<core>NULL</core>
<MemPortIdVec></MemPortIdVec>
<condition id="7">
<or_exp><and_exp></and_exp></or_exp>
</condition>

<Node id="23" bw="11" op_0_bw="11" op_1_bw="0">
<![CDATA[
local_memcpy.1.exit:0  %p1_0_rec_i1 = phi i11 [ %p_rec_i1, %3 ], [ 0, %local_memcpy.1.exit.preheader ]

]]></Node>
<StgValue><ssdm name="p1_0_rec_i1"/></StgValue>
</operation>

<operation id="31" st_id="4" stage="1" lat="1">
<core>NULL</core>
<MemPortIdVec></MemPortIdVec>
<condition id="7">
<or_exp><and_exp></and_exp></or_exp>
</condition>

<Node id="24" bw="32" op_0_bw="11">
<![CDATA[
local_memcpy.1.exit:1  %p1_0_rec_i1_cast = zext i11 %p1_0_rec_i1 to i32

]]></Node>
<StgValue><ssdm name="p1_0_rec_i1_cast"/></StgValue>
</operation>

<operation id="32" st_id="4" stage="1" lat="1">
<core>NULL</core>
<MemPortIdVec></MemPortIdVec>
<condition id="7">
<or_exp><and_exp></and_exp></or_exp>
</condition>

<Node id="25" bw="10" op_0_bw="32" op_1_bw="32" op_2_bw="32">
<![CDATA[
local_memcpy.1.exit:2  %bf_init_S_addr = getelementptr [1024 x i32]* @bf_init_S, i32 0, i32 %p1_0_rec_i1_cast

]]></Node>
<StgValue><ssdm name="bf_init_S_addr"/></StgValue>
</operation>

<operation id="33" st_id="4" stage="1" lat="1">
<core>NULL</core>
<MemPortIdVec></MemPortIdVec>
<condition id="7">
<or_exp><and_exp></and_exp></or_exp>
</condition>

<Node id="26" bw="10" op_0_bw="32" op_1_bw="32" op_2_bw="32">
<![CDATA[
local_memcpy.1.exit:3  %key_S_addr_2 = getelementptr [1024 x i32]* @key_S, i32 0, i32 %p1_0_rec_i1_cast

]]></Node>
<StgValue><ssdm name="key_S_addr_2"/></StgValue>
</operation>

<operation id="34" st_id="4" stage="1" lat="1">
<core>NULL</core>
<MemPortIdVec></MemPortIdVec>
<condition id="7">
<or_exp><and_exp></and_exp></or_exp>
</condition>

<Node id="27" bw="32" op_0_bw="32" op_1_bw="64" op_2_bw="64" op_3_bw="64">
<![CDATA[
local_memcpy.1.exit:4  %empty_33 = call i32 (...)* @_ssdm_op_SpecLoopTripCount(i64 1024, i64 1024, i64 1024)

]]></Node>
<StgValue><ssdm name="empty_33"/></StgValue>
</operation>

<operation id="35" st_id="4" stage="1" lat="1">
<core>Cmp</core>
<MemPortIdVec></MemPortIdVec>
<condition id="7">
<or_exp><and_exp></and_exp></or_exp>
</condition>

<Node id="28" bw="1" op_0_bw="11" op_1_bw="11">
<![CDATA[
local_memcpy.1.exit:5  %exitcond2 = icmp eq i11 %p1_0_rec_i1, -1024

]]></Node>
<StgValue><ssdm name="exitcond2"/></StgValue>
</operation>

<operation id="36" st_id="4" stage="1" lat="1">
<core>AddSub</core>
<MemPortIdVec></MemPortIdVec>
<condition id="7">
<or_exp><and_exp></and_exp></or_exp>
</condition>

<Node id="29" bw="11" op_0_bw="11" op_1_bw="11">
<![CDATA[
local_memcpy.1.exit:6  %p_rec_i1 = add i11 %p1_0_rec_i1, 1

]]></Node>
<StgValue><ssdm name="p_rec_i1"/></StgValue>
</operation>

<operation id="37" st_id="4" stage="1" lat="1">
<core>NULL</core>
<MemPortIdVec></MemPortIdVec>
<condition id="7">
<or_exp><and_exp></and_exp></or_exp>
</condition>

<Node id="30" bw="0" op_0_bw="1" op_1_bw="0" op_2_bw="0">
<![CDATA[
local_memcpy.1.exit:7  br i1 %exitcond2, label %local_memcpy.exit.preheader, label %3

]]></Node>
<StgValue><ssdm name=""/></StgValue>
</operation>

<operation id="38" st_id="4" stage="2" lat="2">
<core>ROM_nP</core>
<MemPortIdVec>0 </MemPortIdVec>
<condition id="9">
<or_exp><and_exp><literal name="exitcond2" val="0"/>
</and_exp></or_exp>
</condition>

<Node id="32" bw="32" op_0_bw="10">
<![CDATA[
:0  %bf_init_S_load = load i32* %bf_init_S_addr, align 4

]]></Node>
<StgValue><ssdm name="bf_init_S_load"/></StgValue>
</operation>

<operation id="39" st_id="4" stage="1" lat="1">
<core>NULL</core>
<MemPortIdVec></MemPortIdVec>
<condition id="11">
<or_exp><and_exp><literal name="exitcond2" val="1"/>
</and_exp></or_exp>
</condition>

<Node id="36" bw="0" op_0_bw="0">
<![CDATA[
local_memcpy.exit.preheader:0  br label %local_memcpy.exit

]]></Node>
<StgValue><ssdm name=""/></StgValue>
</operation>
</state>

<state id="5" st_id="5">

<operation id="40" st_id="5" stage="1" lat="2">
<core>ROM_nP</core>
<MemPortIdVec>0 </MemPortIdVec>
<condition id="12">
<or_exp><and_exp></and_exp></or_exp>
</condition>

<Node id="32" bw="32" op_0_bw="10">
<![CDATA[
:0  %bf_init_S_load = load i32* %bf_init_S_addr, align 4

]]></Node>
<StgValue><ssdm name="bf_init_S_load"/></StgValue>
</operation>

<operation id="41" st_id="5" stage="1" lat="1">
<core>RAM</core>
<MemPortIdVec>0 </MemPortIdVec>
<condition id="12">
<or_exp><and_exp></and_exp></or_exp>
</condition>

<Node id="33" bw="0" op_0_bw="32" op_1_bw="10">
<![CDATA[
:1  store i32 %bf_init_S_load, i32* %key_S_addr_2, align 4

]]></Node>
<StgValue><ssdm name=""/></StgValue>
</operation>

<operation id="42" st_id="5" stage="1" lat="1">
<core>NULL</core>
<MemPortIdVec></MemPortIdVec>
<condition id="12">
<or_exp><and_exp></and_exp></or_exp>
</condition>

<Node id="34" bw="0" op_0_bw="0">
<![CDATA[
:2  br label %local_memcpy.1.exit

]]></Node>
<StgValue><ssdm name=""/></StgValue>
</operation>
</state>

<state id="6" st_id="6">

<operation id="43" st_id="6" stage="1" lat="1">
<core>NULL</core>
<MemPortIdVec></MemPortIdVec>
<condition id="13">
<or_exp><and_exp></and_exp></or_exp>
</condition>

<Node id="38" bw="5" op_0_bw="5" op_1_bw="0">
<![CDATA[
local_memcpy.exit:0  %i = phi i5 [ %i_4, %4 ], [ 0, %local_memcpy.exit.preheader ]

]]></Node>
<StgValue><ssdm name="i"/></StgValue>
</operation>

<operation id="44" st_id="6" stage="1" lat="1">
<core>NULL</core>
<MemPortIdVec></MemPortIdVec>
<condition id="13">
<or_exp><and_exp></and_exp></or_exp>
</condition>

<Node id="39" bw="15" op_0_bw="15" op_1_bw="0">
<![CDATA[
local_memcpy.exit:1  %mem_index_phi = phi i15 [ %mem_index_sel2, %4 ], [ 9512, %local_memcpy.exit.preheader ]

]]></Node>
<StgValue><ssdm name="mem_index_phi"/></StgValue>
</operation>

<operation id="45" st_id="6" stage="1" lat="1">
<core>NULL</core>
<MemPortIdVec></MemPortIdVec>
<condition id="13">
<or_exp><and_exp></and_exp></or_exp>
</condition>

<Node id="40" bw="32" op_0_bw="5">
<![CDATA[
local_memcpy.exit:2  %i_cast4 = zext i5 %i to i32

]]></Node>
<StgValue><ssdm name="i_cast4"/></StgValue>
</operation>

<operation id="46" st_id="6" stage="1" lat="1">
<core>Cmp</core>
<MemPortIdVec></MemPortIdVec>
<condition id="13">
<or_exp><and_exp></and_exp></or_exp>
</condition>

<Node id="41" bw="1" op_0_bw="5" op_1_bw="5">
<![CDATA[
local_memcpy.exit:3  %exitcond = icmp eq i5 %i, -14

]]></Node>
<StgValue><ssdm name="exitcond"/></StgValue>
</operation>

<operation id="47" st_id="6" stage="1" lat="1">
<core>NULL</core>
<MemPortIdVec></MemPortIdVec>
<condition id="13">
<or_exp><and_exp></and_exp></or_exp>
</condition>

<Node id="42" bw="32" op_0_bw="32" op_1_bw="64" op_2_bw="64" op_3_bw="64">
<![CDATA[
local_memcpy.exit:4  %empty_34 = call i32 (...)* @_ssdm_op_SpecLoopTripCount(i64 18, i64 18, i64 18)

]]></Node>
<StgValue><ssdm name="empty_34"/></StgValue>
</operation>

<operation id="48" st_id="6" stage="1" lat="1">
<core>AddSub</core>
<MemPortIdVec></MemPortIdVec>
<condition id="13">
<or_exp><and_exp></and_exp></or_exp>
</condition>

<Node id="43" bw="5" op_0_bw="5" op_1_bw="5">
<![CDATA[
local_memcpy.exit:5  %i_4 = add i5 %i, 1

]]></Node>
<StgValue><ssdm name="i_4"/></StgValue>
</operation>

<operation id="49" st_id="6" stage="1" lat="1">
<core>NULL</core>
<MemPortIdVec></MemPortIdVec>
<condition id="13">
<or_exp><and_exp></and_exp></or_exp>
</condition>

<Node id="44" bw="0" op_0_bw="1" op_1_bw="0" op_2_bw="0">
<![CDATA[
local_memcpy.exit:6  br i1 %exitcond, label %.preheader28.preheader, label %4

]]></Node>
<StgValue><ssdm name=""/></StgValue>
</operation>

<operation id="50" st_id="6" stage="1" lat="1">
<core>AddSub</core>
<MemPortIdVec></MemPortIdVec>
<condition id="15">
<or_exp><and_exp><literal name="exitcond" val="0"/>
</and_exp></or_exp>
</condition>

<Node id="46" bw="15" op_0_bw="15" op_1_bw="15">
<![CDATA[
:0  %mem_index_gep = add i15 %mem_index_phi, 1

]]></Node>
<StgValue><ssdm name="mem_index_gep"/></StgValue>
</operation>

<operation id="51" st_id="6" stage="1" lat="1">
<core>NULL</core>
<MemPortIdVec></MemPortIdVec>
<condition id="15">
<or_exp><and_exp><literal name="exitcond" val="0"/>
</and_exp></or_exp>
</condition>

<Node id="102" bw="5" op_0_bw="32" op_1_bw="32" op_2_bw="32">
<![CDATA[
:56  %key_P_addr = getelementptr inbounds [18 x i32]* @key_P, i32 0, i32 %i_cast4

]]></Node>
<StgValue><ssdm name="key_P_addr"/></StgValue>
</operation>

<operation id="52" st_id="6" stage="1" lat="1">
<core>NULL</core>
<MemPortIdVec></MemPortIdVec>
<condition id="17">
<or_exp><and_exp><literal name="exitcond" val="1"/>
</and_exp></or_exp>
</condition>

<Node id="108" bw="0" op_0_bw="0">
<![CDATA[
.preheader28.preheader:0  br label %.preheader28

]]></Node>
<StgValue><ssdm name=""/></StgValue>
</operation>
</state>

<state id="7" st_id="7">

<operation id="53" st_id="7" stage="1" lat="1">
<core>NULL</core>
<MemPortIdVec></MemPortIdVec>
<condition id="18">
<or_exp><and_exp></and_exp></or_exp>
</condition>

<Node id="47" bw="16" op_0_bw="15">
<![CDATA[
:1  %adjSize105_cast = zext i15 %mem_index_gep to i16

]]></Node>
<StgValue><ssdm name="adjSize105_cast"/></StgValue>
</operation>

<operation id="54" st_id="7" stage="1" lat="1">
<core>Cmp</core>
<MemPortIdVec></MemPortIdVec>
<condition id="18">
<or_exp><and_exp></and_exp></or_exp>
</condition>

<Node id="48" bw="1" op_0_bw="15" op_1_bw="15">
<![CDATA[
:2  %addrCmp = icmp ugt i15 %mem_index_phi, 9511

]]></Node>
<StgValue><ssdm name="addrCmp"/></StgValue>
</operation>

<operation id="55" st_id="7" stage="1" lat="1">
<core>NULL</core>
<MemPortIdVec></MemPortIdVec>
<condition id="18">
<or_exp><and_exp></and_exp></or_exp>
</condition>

<Node id="49" bw="16" op_0_bw="15">
<![CDATA[
:3  %adjSize102136_cast = zext i15 %mem_index_phi to i16

]]></Node>
<StgValue><ssdm name="adjSize102136_cast"/></StgValue>
</operation>

<operation id="56" st_id="7" stage="1" lat="1">
<core>AddSub</core>
<MemPortIdVec></MemPortIdVec>
<condition id="18">
<or_exp><and_exp></and_exp></or_exp>
</condition>

<Node id="50" bw="16" op_0_bw="16" op_1_bw="16">
<![CDATA[
:4  %gepindex = add i16 %adjSize102136_cast, -9512

]]></Node>
<StgValue><ssdm name="gepindex"/></StgValue>
</operation>

<operation id="57" st_id="7" stage="1" lat="1">
<core>Sel</core>
<MemPortIdVec></MemPortIdVec>
<condition id="18">
<or_exp><and_exp></and_exp></or_exp>
</condition>

<Node id="51" bw="16" op_0_bw="1" op_1_bw="16" op_2_bw="16">
<![CDATA[
:5  %gepindex1 = select i1 %addrCmp, i16 %gepindex, i16 7

]]></Node>
<StgValue><ssdm name="gepindex1"/></StgValue>
</operation>

<operation id="58" st_id="7" stage="1" lat="1">
<core>NULL</core>
<MemPortIdVec></MemPortIdVec>
<condition id="18">
<or_exp><and_exp></and_exp></or_exp>
</condition>

<Node id="52" bw="32" op_0_bw="16">
<![CDATA[
:6  %gepindex104_cast = sext i16 %gepindex1 to i32

]]></Node>
<StgValue><ssdm name="gepindex104_cast"/></StgValue>
</operation>

<operation id="59" st_id="7" stage="1" lat="1">
<core>NULL</core>
<MemPortIdVec></MemPortIdVec>
<condition id="18">
<or_exp><and_exp></and_exp></or_exp>
</condition>

<Node id="53" bw="3" op_0_bw="8" op_1_bw="32" op_2_bw="32">
<![CDATA[
:7  %data_addr = getelementptr [8 x i8]* %data, i32 0, i32 %gepindex104_cast

]]></Node>
<StgValue><ssdm name="data_addr"/></StgValue>
</operation>

<operation id="60" st_id="7" stage="2" lat="2">
<core>RAM</core>
<MemPortIdVec>0 </MemPortIdVec>
<condition id="18">
<or_exp><and_exp></and_exp></or_exp>
</condition>

<Node id="54" bw="8" op_0_bw="3">
<![CDATA[
:8  %data_load = load i8* %data_addr, align 1

]]></Node>
<StgValue><ssdm name="data_load"/></StgValue>
</operation>

<operation id="61" st_id="7" stage="1" lat="1">
<core>Cmp</core>
<MemPortIdVec></MemPortIdVec>
<condition id="18">
<or_exp><and_exp></and_exp></or_exp>
</condition>

<Node id="55" bw="1" op_0_bw="15" op_1_bw="15">
<![CDATA[
:9  %ptr_cmp = icmp ult i15 %mem_index_gep, 9520

]]></Node>
<StgValue><ssdm name="ptr_cmp"/></StgValue>
</operation>

<operation id="62" st_id="7" stage="1" lat="1">
<core>AddSub</core>
<MemPortIdVec></MemPortIdVec>
<condition id="18">
<or_exp><and_exp></and_exp></or_exp>
</condition>

<Node id="56" bw="15" op_0_bw="15" op_1_bw="15">
<![CDATA[
:10  %mem_index_gep1 = add i15 %mem_index_phi, 2

]]></Node>
<StgValue><ssdm name="mem_index_gep1"/></StgValue>
</operation>

<operation id="63" st_id="7" stage="1" lat="1">
<core>Cmp</core>
<MemPortIdVec></MemPortIdVec>
<condition id="18">
<or_exp><and_exp></and_exp></or_exp>
</condition>

<Node id="58" bw="1" op_0_bw="15" op_1_bw="15">
<![CDATA[
:12  %addrCmp1 = icmp ugt i15 %mem_index_gep, 9511

]]></Node>
<StgValue><ssdm name="addrCmp1"/></StgValue>
</operation>

<operation id="64" st_id="7" stage="1" lat="1">
<core>AddSub</core>
<MemPortIdVec></MemPortIdVec>
<condition id="18">
<or_exp><and_exp></and_exp></or_exp>
</condition>

<Node id="59" bw="16" op_0_bw="16" op_1_bw="16">
<![CDATA[
:13  %gepindex2 = add i16 %adjSize105_cast, -9512

]]></Node>
<StgValue><ssdm name="gepindex2"/></StgValue>
</operation>

<operation id="65" st_id="7" stage="1" lat="1">
<core>Sel</core>
<MemPortIdVec></MemPortIdVec>
<condition id="18">
<or_exp><and_exp></and_exp></or_exp>
</condition>

<Node id="60" bw="16" op_0_bw="1" op_1_bw="16" op_2_bw="16">
<![CDATA[
:14  %gepindex3 = select i1 %addrCmp1, i16 %gepindex2, i16 7

]]></Node>
<StgValue><ssdm name="gepindex3"/></StgValue>
</operation>

<operation id="66" st_id="7" stage="1" lat="1">
<core>Sel</core>
<MemPortIdVec></MemPortIdVec>
<condition id="18">
<or_exp><and_exp></and_exp></or_exp>
</condition>

<Node id="61" bw="16" op_0_bw="1" op_1_bw="16" op_2_bw="16">
<![CDATA[
:15  %gepindex4 = select i1 %ptr_cmp, i16 %gepindex3, i16 7

]]></Node>
<StgValue><ssdm name="gepindex4"/></StgValue>
</operation>

<operation id="67" st_id="7" stage="1" lat="1">
<core>NULL</core>
<MemPortIdVec></MemPortIdVec>
<condition id="18">
<or_exp><and_exp></and_exp></or_exp>
</condition>

<Node id="62" bw="32" op_0_bw="16">
<![CDATA[
:16  %gepindex2111_cast = sext i16 %gepindex4 to i32

]]></Node>
<StgValue><ssdm name="gepindex2111_cast"/></StgValue>
</operation>

<operation id="68" st_id="7" stage="1" lat="1">
<core>Sel</core>
<MemPortIdVec></MemPortIdVec>
<condition id="18">
<or_exp><and_exp></and_exp></or_exp>
</condition>

<Node id="63" bw="32" op_0_bw="1" op_1_bw="32" op_2_bw="32">
<![CDATA[
:17  %tmp_s = select i1 %ptr_cmp, i32 %gepindex2111_cast, i32 0

]]></Node>
<StgValue><ssdm name="tmp_s"/></StgValue>
</operation>

<operation id="69" st_id="7" stage="1" lat="1">
<core>NULL</core>
<MemPortIdVec></MemPortIdVec>
<condition id="18">
<or_exp><and_exp></and_exp></or_exp>
</condition>

<Node id="64" bw="3" op_0_bw="8" op_1_bw="32" op_2_bw="32">
<![CDATA[
:18  %data_addr_1 = getelementptr [8 x i8]* %data, i32 0, i32 %tmp_s

]]></Node>
<StgValue><ssdm name="data_addr_1"/></StgValue>
</operation>

<operation id="70" st_id="7" stage="2" lat="2">
<core>RAM</core>
<MemPortIdVec>1 </MemPortIdVec>
<condition id="18">
<or_exp><and_exp></and_exp></or_exp>
</condition>

<Node id="65" bw="8" op_0_bw="3">
<![CDATA[
:19  %data_load_1 = load i8* %data_addr_1, align 1

]]></Node>
<StgValue><ssdm name="data_load_1"/></StgValue>
</operation>

<operation id="71" st_id="7" stage="1" lat="1">
<core>Cmp</core>
<MemPortIdVec></MemPortIdVec>
<condition id="18">
<or_exp><and_exp></and_exp></or_exp>
</condition>

<Node id="66" bw="1" op_0_bw="15" op_1_bw="15">
<![CDATA[
:20  %ptr_cmp1 = icmp ult i15 %mem_index_gep1, 9520

]]></Node>
<StgValue><ssdm name="ptr_cmp1"/></StgValue>
</operation>

<operation id="72" st_id="7" stage="1" lat="1">
<core>LogicGate</core>
<MemPortIdVec></MemPortIdVec>
<condition id="18">
<or_exp><and_exp></and_exp></or_exp>
</condition>

<Node id="67" bw="1" op_0_bw="1" op_1_bw="1">
<![CDATA[
:21  %not_ptr_cmp = xor i1 %ptr_cmp, true

]]></Node>
<StgValue><ssdm name="not_ptr_cmp"/></StgValue>
</operation>

<operation id="73" st_id="7" stage="1" lat="1">
<core>LogicGate</core>
<MemPortIdVec></MemPortIdVec>
<condition id="18">
<or_exp><and_exp></and_exp></or_exp>
</condition>

<Node id="68" bw="1" op_0_bw="1" op_1_bw="1">
<![CDATA[
:22  %ptr_cmp2 = or i1 %ptr_cmp1, %not_ptr_cmp

]]></Node>
<StgValue><ssdm name="ptr_cmp2"/></StgValue>
</operation>

<operation id="74" st_id="7" stage="1" lat="1">
<core>AddSub</core>
<MemPortIdVec></MemPortIdVec>
<condition id="18">
<or_exp><and_exp></and_exp></or_exp>
</condition>

<Node id="69" bw="15" op_0_bw="15" op_1_bw="15">
<![CDATA[
:23  %mem_index_gep2 = add i15 %mem_index_phi, 3

]]></Node>
<StgValue><ssdm name="mem_index_gep2"/></StgValue>
</operation>

<operation id="75" st_id="7" stage="1" lat="1">
<core>Cmp</core>
<MemPortIdVec></MemPortIdVec>
<condition id="18">
<or_exp><and_exp></and_exp></or_exp>
</condition>

<Node id="80" bw="1" op_0_bw="15" op_1_bw="15">
<![CDATA[
:34  %ptr_cmp3 = icmp ult i15 %mem_index_gep2, 9520

]]></Node>
<StgValue><ssdm name="ptr_cmp3"/></StgValue>
</operation>

<operation id="76" st_id="7" stage="1" lat="1">
<core>LogicGate</core>
<MemPortIdVec></MemPortIdVec>
<condition id="18">
<or_exp><and_exp></and_exp></or_exp>
</condition>

<Node id="81" bw="1" op_0_bw="1" op_1_bw="1">
<![CDATA[
:35  %ptr_cmp4 = or i1 %ptr_cmp3, %not_ptr_cmp

]]></Node>
<StgValue><ssdm name="ptr_cmp4"/></StgValue>
</operation>

<operation id="77" st_id="7" stage="1" lat="1">
<core>LogicGate</core>
<MemPortIdVec></MemPortIdVec>
<condition id="18">
<or_exp><and_exp></and_exp></or_exp>
</condition>

<Node id="82" bw="1" op_0_bw="1" op_1_bw="1">
<![CDATA[
:36  %ptr_cmp99132_not = xor i1 %ptr_cmp1, true

]]></Node>
<StgValue><ssdm name="ptr_cmp99132_not"/></StgValue>
</operation>

<operation id="78" st_id="7" stage="1" lat="1">
<core>LogicGate</core>
<MemPortIdVec></MemPortIdVec>
<condition id="18">
<or_exp><and_exp></and_exp></or_exp>
</condition>

<Node id="83" bw="1" op_0_bw="1" op_1_bw="1">
<![CDATA[
:37  %not_ptr_cmp1 = and i1 %ptr_cmp, %ptr_cmp99132_not

]]></Node>
<StgValue><ssdm name="not_ptr_cmp1"/></StgValue>
</operation>

<operation id="79" st_id="7" stage="1" lat="1">
<core>LogicGate</core>
<MemPortIdVec></MemPortIdVec>
<condition id="18">
<or_exp><and_exp></and_exp></or_exp>
</condition>

<Node id="84" bw="1" op_0_bw="1" op_1_bw="1">
<![CDATA[
:38  %ptr_cmp5 = or i1 %ptr_cmp4, %not_ptr_cmp1

]]></Node>
<StgValue><ssdm name="ptr_cmp5"/></StgValue>
</operation>

<operation id="80" st_id="7" stage="1" lat="1">
<core>AddSub</core>
<MemPortIdVec></MemPortIdVec>
<condition id="18">
<or_exp><and_exp></and_exp></or_exp>
</condition>

<Node id="85" bw="15" op_0_bw="15" op_1_bw="15">
<![CDATA[
:39  %mem_index_gep3 = add i15 %mem_index_phi, 4

]]></Node>
<StgValue><ssdm name="mem_index_gep3"/></StgValue>
</operation>
</state>

<state id="8" st_id="8">

<operation id="81" st_id="8" stage="1" lat="2">
<core>RAM</core>
<MemPortIdVec>0 </MemPortIdVec>
<condition id="19">
<or_exp><and_exp></and_exp></or_exp>
</condition>

<Node id="54" bw="8" op_0_bw="3">
<![CDATA[
:8  %data_load = load i8* %data_addr, align 1

]]></Node>
<StgValue><ssdm name="data_load"/></StgValue>
</operation>

<operation id="82" st_id="8" stage="1" lat="1">
<core>NULL</core>
<MemPortIdVec></MemPortIdVec>
<condition id="88">
<or_exp><and_exp><literal name="ptr_cmp1" val="1"/>
<literal name="ptr_cmp" val="1"/>
<literal name="ptr_cmp2" val="1"/>
</and_exp></or_exp>
</condition>

<Node id="57" bw="16" op_0_bw="15">
<![CDATA[
:11  %adjSize114_cast = zext i15 %mem_index_gep1 to i16

]]></Node>
<StgValue><ssdm name="adjSize114_cast"/></StgValue>
</operation>

<operation id="83" st_id="8" stage="1" lat="2">
<core>RAM</core>
<MemPortIdVec>1 </MemPortIdVec>
<condition id="19">
<or_exp><and_exp></and_exp></or_exp>
</condition>

<Node id="65" bw="8" op_0_bw="3">
<![CDATA[
:19  %data_load_1 = load i8* %data_addr_1, align 1

]]></Node>
<StgValue><ssdm name="data_load_1"/></StgValue>
</operation>

<operation id="84" st_id="8" stage="1" lat="1">
<core>NULL</core>
<MemPortIdVec></MemPortIdVec>
<condition id="118">
<or_exp><and_exp><literal name="ptr_cmp" val="1"/>
<literal name="ptr_cmp2" val="1"/>
<literal name="ptr_cmp5" val="1"/>
<literal name="ptr_cmp3" val="1"/>
</and_exp></or_exp>
</condition>

<Node id="70" bw="16" op_0_bw="15">
<![CDATA[
:24  %adjSize123_cast = zext i15 %mem_index_gep2 to i16

]]></Node>
<StgValue><ssdm name="adjSize123_cast"/></StgValue>
</operation>

<operation id="85" st_id="8" stage="1" lat="1">
<core>Cmp</core>
<MemPortIdVec></MemPortIdVec>
<condition id="86">
<or_exp><and_exp><literal name="ptr_cmp1" val="1"/>
<literal name="ptr_cmp" val="1"/>
<literal name="ptr_cmp2" val="1"/>
</and_exp></or_exp>
</condition>

<Node id="71" bw="1" op_0_bw="15" op_1_bw="15">
<![CDATA[
:25  %addrCmp2 = icmp ugt i15 %mem_index_gep1, 9511

]]></Node>
<StgValue><ssdm name="addrCmp2"/></StgValue>
</operation>

<operation id="86" st_id="8" stage="1" lat="1">
<core>AddSub</core>
<MemPortIdVec></MemPortIdVec>
<condition id="87">
<or_exp><and_exp><literal name="ptr_cmp1" val="1"/>
<literal name="ptr_cmp" val="1"/>
<literal name="ptr_cmp2" val="1"/>
</and_exp></or_exp>
</condition>

<Node id="72" bw="16" op_0_bw="16" op_1_bw="16">
<![CDATA[
:26  %gepindex5 = add i16 %adjSize114_cast, -9512

]]></Node>
<StgValue><ssdm name="gepindex5"/></StgValue>
</operation>

<operation id="87" st_id="8" stage="1" lat="1">
<core>Sel</core>
<MemPortIdVec></MemPortIdVec>
<condition id="85">
<or_exp><and_exp><literal name="ptr_cmp1" val="1"/>
<literal name="ptr_cmp" val="1"/>
<literal name="ptr_cmp2" val="1"/>
</and_exp></or_exp>
</condition>

<Node id="73" bw="16" op_0_bw="1" op_1_bw="16" op_2_bw="16">
<![CDATA[
:27  %gepindex6 = select i1 %addrCmp2, i16 %gepindex5, i16 7

]]></Node>
<StgValue><ssdm name="gepindex6"/></StgValue>
</operation>

<operation id="88" st_id="8" stage="1" lat="1">
<core>Sel</core>
<MemPortIdVec></MemPortIdVec>
<condition id="84">
<or_exp><and_exp><literal name="ptr_cmp" val="1"/>
<literal name="ptr_cmp2" val="1"/>
</and_exp></or_exp>
</condition>

<Node id="74" bw="16" op_0_bw="1" op_1_bw="16" op_2_bw="16">
<![CDATA[
:28  %gepindex7 = select i1 %ptr_cmp1, i16 %gepindex6, i16 7

]]></Node>
<StgValue><ssdm name="gepindex7"/></StgValue>
</operation>

<operation id="89" st_id="8" stage="1" lat="1">
<core>NULL</core>
<MemPortIdVec></MemPortIdVec>
<condition id="83">
<or_exp><and_exp><literal name="ptr_cmp" val="1"/>
<literal name="ptr_cmp2" val="1"/>
</and_exp></or_exp>
</condition>

<Node id="75" bw="32" op_0_bw="16">
<![CDATA[
:29  %gepindex2120_cast = sext i16 %gepindex7 to i32

]]></Node>
<StgValue><ssdm name="gepindex2120_cast"/></StgValue>
</operation>

<operation id="90" st_id="8" stage="1" lat="1">
<core>Sel</core>
<MemPortIdVec></MemPortIdVec>
<condition id="82">
<or_exp><and_exp><literal name="ptr_cmp2" val="1"/>
</and_exp></or_exp>
</condition>

<Node id="76" bw="32" op_0_bw="1" op_1_bw="32" op_2_bw="32">
<![CDATA[
:30  %p_load = select i1 %ptr_cmp, i32 %gepindex2120_cast, i32 1

]]></Node>
<StgValue><ssdm name="p_load"/></StgValue>
</operation>

<operation id="91" st_id="8" stage="1" lat="1">
<core>Sel</core>
<MemPortIdVec></MemPortIdVec>
<condition id="19">
<or_exp><and_exp></and_exp></or_exp>
</condition>

<Node id="77" bw="32" op_0_bw="1" op_1_bw="32" op_2_bw="32">
<![CDATA[
:31  %tmp_12 = select i1 %ptr_cmp2, i32 %p_load, i32 0

]]></Node>
<StgValue><ssdm name="tmp_12"/></StgValue>
</operation>

<operation id="92" st_id="8" stage="1" lat="1">
<core>NULL</core>
<MemPortIdVec></MemPortIdVec>
<condition id="19">
<or_exp><and_exp></and_exp></or_exp>
</condition>

<Node id="78" bw="3" op_0_bw="8" op_1_bw="32" op_2_bw="32">
<![CDATA[
:32  %data_addr_2 = getelementptr [8 x i8]* %data, i32 0, i32 %tmp_12

]]></Node>
<StgValue><ssdm name="data_addr_2"/></StgValue>
</operation>

<operation id="93" st_id="8" stage="2" lat="2">
<core>RAM</core>
<MemPortIdVec>0 </MemPortIdVec>
<condition id="19">
<or_exp><and_exp></and_exp></or_exp>
</condition>

<Node id="79" bw="8" op_0_bw="3">
<![CDATA[
:33  %data_load_2 = load i8* %data_addr_2, align 1

]]></Node>
<StgValue><ssdm name="data_load_2"/></StgValue>
</operation>

<operation id="94" st_id="8" stage="1" lat="1">
<core>Sel</core>
<MemPortIdVec></MemPortIdVec>
<condition id="92">
<or_exp><and_exp><literal name="ptr_cmp2" val="1"/>
<literal name="ptr_cmp5" val="1"/>
</and_exp></or_exp>
</condition>

<Node id="86" bw="15" op_0_bw="1" op_1_bw="15" op_2_bw="15">
<![CDATA[
:40  %mem_index_sel = select i1 %ptr_cmp, i15 %mem_index_gep3, i15 9515

]]></Node>
<StgValue><ssdm name="mem_index_sel"/></StgValue>
</operation>

<operation id="95" st_id="8" stage="1" lat="1">
<core>Sel</core>
<MemPortIdVec></MemPortIdVec>
<condition id="91">
<or_exp><and_exp><literal name="ptr_cmp5" val="1"/>
</and_exp></or_exp>
</condition>

<Node id="87" bw="15" op_0_bw="1" op_1_bw="15" op_2_bw="15">
<![CDATA[
:41  %mem_index_sel9 = select i1 %ptr_cmp2, i15 %mem_index_sel, i15 9514

]]></Node>
<StgValue><ssdm name="mem_index_sel9"/></StgValue>
</operation>

<operation id="96" st_id="8" stage="1" lat="1">
<core>Sel</core>
<MemPortIdVec></MemPortIdVec>
<condition id="19">
<or_exp><and_exp></and_exp></or_exp>
</condition>

<Node id="88" bw="15" op_0_bw="1" op_1_bw="15" op_2_bw="15">
<![CDATA[
:42  %mem_index_sel1 = select i1 %ptr_cmp5, i15 %mem_index_sel9, i15 9513

]]></Node>
<StgValue><ssdm name="mem_index_sel1"/></StgValue>
</operation>

<operation id="97" st_id="8" stage="1" lat="1">
<core>Cmp</core>
<MemPortIdVec></MemPortIdVec>
<condition id="116">
<or_exp><and_exp><literal name="ptr_cmp" val="1"/>
<literal name="ptr_cmp2" val="1"/>
<literal name="ptr_cmp5" val="1"/>
<literal name="ptr_cmp3" val="1"/>
</and_exp></or_exp>
</condition>

<Node id="89" bw="1" op_0_bw="15" op_1_bw="15">
<![CDATA[
:43  %addrCmp3 = icmp ugt i15 %mem_index_gep2, 9511

]]></Node>
<StgValue><ssdm name="addrCmp3"/></StgValue>
</operation>

<operation id="98" st_id="8" stage="1" lat="1">
<core>AddSub</core>
<MemPortIdVec></MemPortIdVec>
<condition id="117">
<or_exp><and_exp><literal name="ptr_cmp" val="1"/>
<literal name="ptr_cmp2" val="1"/>
<literal name="ptr_cmp5" val="1"/>
<literal name="ptr_cmp3" val="1"/>
</and_exp></or_exp>
</condition>

<Node id="90" bw="16" op_0_bw="16" op_1_bw="16">
<![CDATA[
:44  %gepindex8 = add i16 %adjSize123_cast, -9512

]]></Node>
<StgValue><ssdm name="gepindex8"/></StgValue>
</operation>

<operation id="99" st_id="8" stage="1" lat="1">
<core>Sel</core>
<MemPortIdVec></MemPortIdVec>
<condition id="115">
<or_exp><and_exp><literal name="ptr_cmp" val="1"/>
<literal name="ptr_cmp2" val="1"/>
<literal name="ptr_cmp5" val="1"/>
<literal name="ptr_cmp3" val="1"/>
</and_exp></or_exp>
</condition>

<Node id="91" bw="16" op_0_bw="1" op_1_bw="16" op_2_bw="16">
<![CDATA[
:45  %gepindex9 = select i1 %addrCmp3, i16 %gepindex8, i16 7

]]></Node>
<StgValue><ssdm name="gepindex9"/></StgValue>
</operation>

<operation id="100" st_id="8" stage="1" lat="1">
<core>Sel</core>
<MemPortIdVec></MemPortIdVec>
<condition id="114">
<or_exp><and_exp><literal name="ptr_cmp" val="1"/>
<literal name="ptr_cmp2" val="1"/>
<literal name="ptr_cmp5" val="1"/>
</and_exp></or_exp>
</condition>

<Node id="92" bw="16" op_0_bw="1" op_1_bw="16" op_2_bw="16">
<![CDATA[
:46  %gepindex10 = select i1 %ptr_cmp3, i16 %gepindex9, i16 7

]]></Node>
<StgValue><ssdm name="gepindex10"/></StgValue>
</operation>

<operation id="101" st_id="8" stage="1" lat="1">
<core>NULL</core>
<MemPortIdVec></MemPortIdVec>
<condition id="113">
<or_exp><and_exp><literal name="ptr_cmp" val="1"/>
<literal name="ptr_cmp2" val="1"/>
<literal name="ptr_cmp5" val="1"/>
</and_exp></or_exp>
</condition>

<Node id="93" bw="32" op_0_bw="16">
<![CDATA[
:47  %gepindex2129_cast = sext i16 %gepindex10 to i32

]]></Node>
<StgValue><ssdm name="gepindex2129_cast"/></StgValue>
</operation>

<operation id="102" st_id="8" stage="1" lat="1">
<core>Sel</core>
<MemPortIdVec></MemPortIdVec>
<condition id="112">
<or_exp><and_exp><literal name="ptr_cmp2" val="1"/>
<literal name="ptr_cmp5" val="1"/>
</and_exp></or_exp>
</condition>

<Node id="94" bw="32" op_0_bw="1" op_1_bw="32" op_2_bw="32">
<![CDATA[
:48  %d_2_load = select i1 %ptr_cmp, i32 %gepindex2129_cast, i32 2

]]></Node>
<StgValue><ssdm name="d_2_load"/></StgValue>
</operation>

<operation id="103" st_id="8" stage="1" lat="1">
<core>Sel</core>
<MemPortIdVec></MemPortIdVec>
<condition id="111">
<or_exp><and_exp><literal name="ptr_cmp5" val="1"/>
</and_exp></or_exp>
</condition>

<Node id="95" bw="32" op_0_bw="1" op_1_bw="32" op_2_bw="32">
<![CDATA[
:49  %p_load1 = select i1 %ptr_cmp2, i32 %d_2_load, i32 1

]]></Node>
<StgValue><ssdm name="p_load1"/></StgValue>
</operation>

<operation id="104" st_id="8" stage="1" lat="1">
<core>Sel</core>
<MemPortIdVec></MemPortIdVec>
<condition id="19">
<or_exp><and_exp></and_exp></or_exp>
</condition>

<Node id="96" bw="32" op_0_bw="1" op_1_bw="32" op_2_bw="32">
<![CDATA[
:50  %tmp_13 = select i1 %ptr_cmp5, i32 %p_load1, i32 0

]]></Node>
<StgValue><ssdm name="tmp_13"/></StgValue>
</operation>

<operation id="105" st_id="8" stage="1" lat="1">
<core>NULL</core>
<MemPortIdVec></MemPortIdVec>
<condition id="19">
<or_exp><and_exp></and_exp></or_exp>
</condition>

<Node id="97" bw="3" op_0_bw="8" op_1_bw="32" op_2_bw="32">
<![CDATA[
:51  %data_addr_3 = getelementptr [8 x i8]* %data, i32 0, i32 %tmp_13

]]></Node>
<StgValue><ssdm name="data_addr_3"/></StgValue>
</operation>

<operation id="106" st_id="8" stage="2" lat="2">
<core>RAM</core>
<MemPortIdVec>1 </MemPortIdVec>
<condition id="19">
<or_exp><and_exp></and_exp></or_exp>
</condition>

<Node id="98" bw="8" op_0_bw="3">
<![CDATA[
:52  %data_load_3 = load i8* %data_addr_3, align 1

]]></Node>
<StgValue><ssdm name="data_load_3"/></StgValue>
</operation>

<operation id="107" st_id="8" stage="1" lat="1">
<core>Cmp</core>
<MemPortIdVec></MemPortIdVec>
<condition id="19">
<or_exp><and_exp></and_exp></or_exp>
</condition>

<Node id="100" bw="1" op_0_bw="15" op_1_bw="15">
<![CDATA[
:54  %ptr_cmp6 = icmp ult i15 %mem_index_sel1, 9520

]]></Node>
<StgValue><ssdm name="ptr_cmp6"/></StgValue>
</operation>

<operation id="108" st_id="8" stage="1" lat="1">
<core>Sel</core>
<MemPortIdVec></MemPortIdVec>
<condition id="19">
<or_exp><and_exp></and_exp></or_exp>
</condition>

<Node id="101" bw="15" op_0_bw="1" op_1_bw="15" op_2_bw="15">
<![CDATA[
:55  %mem_index_sel2 = select i1 %ptr_cmp6, i15 %mem_index_sel1, i15 9512

]]></Node>
<StgValue><ssdm name="mem_index_sel2"/></StgValue>
</operation>

<operation id="109" st_id="8" stage="2" lat="2">
<core>RAM</core>
<MemPortIdVec>0 </MemPortIdVec>
<condition id="19">
<or_exp><and_exp></and_exp></or_exp>
</condition>

<Node id="103" bw="32" op_0_bw="5">
<![CDATA[
:57  %key_P_load = load i32* %key_P_addr, align 4

]]></Node>
<StgValue><ssdm name="key_P_load"/></StgValue>
</operation>
</state>

<state id="9" st_id="9">

<operation id="110" st_id="9" stage="1" lat="2">
<core>RAM</core>
<MemPortIdVec>0 </MemPortIdVec>
<condition id="20">
<or_exp><and_exp></and_exp></or_exp>
</condition>

<Node id="79" bw="8" op_0_bw="3">
<![CDATA[
:33  %data_load_2 = load i8* %data_addr_2, align 1

]]></Node>
<StgValue><ssdm name="data_load_2"/></StgValue>
</operation>

<operation id="111" st_id="9" stage="1" lat="2">
<core>RAM</core>
<MemPortIdVec>1 </MemPortIdVec>
<condition id="20">
<or_exp><and_exp></and_exp></or_exp>
</condition>

<Node id="98" bw="8" op_0_bw="3">
<![CDATA[
:52  %data_load_3 = load i8* %data_addr_3, align 1

]]></Node>
<StgValue><ssdm name="data_load_3"/></StgValue>
</operation>

<operation id="112" st_id="9" stage="1" lat="1">
<core>NULL</core>
<MemPortIdVec></MemPortIdVec>
<condition id="20">
<or_exp><and_exp></and_exp></or_exp>
</condition>

<Node id="99" bw="32" op_0_bw="32" op_1_bw="8" op_2_bw="8" op_3_bw="8" op_4_bw="8">
<![CDATA[
:53  %ri = call i32 @_ssdm_op_BitConcatenate.i32.i8.i8.i8.i8(i8 %data_load, i8 %data_load_1, i8 %data_load_2, i8 %data_load_3)

]]></Node>
<StgValue><ssdm name="ri"/></StgValue>
</operation>

<operation id="113" st_id="9" stage="1" lat="2">
<core>RAM</core>
<MemPortIdVec>0 </MemPortIdVec>
<condition id="20">
<or_exp><and_exp></and_exp></or_exp>
</condition>

<Node id="103" bw="32" op_0_bw="5">
<![CDATA[
:57  %key_P_load = load i32* %key_P_addr, align 4

]]></Node>
<StgValue><ssdm name="key_P_load"/></StgValue>
</operation>

<operation id="114" st_id="9" stage="1" lat="1">
<core>LogicGate</core>
<MemPortIdVec></MemPortIdVec>
<condition id="20">
<or_exp><and_exp></and_exp></or_exp>
</condition>

<Node id="104" bw="32" op_0_bw="32" op_1_bw="32">
<![CDATA[
:58  %tmp_14 = xor i32 %key_P_load, %ri

]]></Node>
<StgValue><ssdm name="tmp_14"/></StgValue>
</operation>

<operation id="115" st_id="9" stage="1" lat="1">
<core>RAM</core>
<MemPortIdVec>0 </MemPortIdVec>
<condition id="20">
<or_exp><and_exp></and_exp></or_exp>
</condition>

<Node id="105" bw="0" op_0_bw="32" op_1_bw="5">
<![CDATA[
:59  store i32 %tmp_14, i32* %key_P_addr, align 4

]]></Node>
<StgValue><ssdm name=""/></StgValue>
</operation>

<operation id="116" st_id="9" stage="1" lat="1">
<core>NULL</core>
<MemPortIdVec></MemPortIdVec>
<condition id="20">
<or_exp><and_exp></and_exp></or_exp>
</condition>

<Node id="106" bw="0" op_0_bw="0">
<![CDATA[
:60  br label %local_memcpy.exit

]]></Node>
<StgValue><ssdm name=""/></StgValue>
</operation>
</state>

<state id="10" st_id="10">

<operation id="117" st_id="10" stage="1" lat="1">
<core>NULL</core>
<MemPortIdVec></MemPortIdVec>
<condition id="21">
<or_exp><and_exp></and_exp></or_exp>
</condition>

<Node id="110" bw="32" op_0_bw="32" op_1_bw="0">
<![CDATA[
.preheader28:0  %in_1 = phi i32 [ %in_1_36, %5 ], [ 0, %.preheader28.preheader ]

]]></Node>
<StgValue><ssdm name="in_1"/></StgValue>
</operation>

<operation id="118" st_id="10" stage="1" lat="1">
<core>NULL</core>
<MemPortIdVec></MemPortIdVec>
<condition id="21">
<or_exp><and_exp></and_exp></or_exp>
</condition>

<Node id="111" bw="32" op_0_bw="32" op_1_bw="0">
<![CDATA[
.preheader28:1  %in = phi i32 [ %in_0, %5 ], [ 0, %.preheader28.preheader ]

]]></Node>
<StgValue><ssdm name="in"/></StgValue>
</operation>

<operation id="119" st_id="10" stage="1" lat="1">
<core>NULL</core>
<MemPortIdVec></MemPortIdVec>
<condition id="21">
<or_exp><and_exp></and_exp></or_exp>
</condition>

<Node id="112" bw="5" op_0_bw="5" op_1_bw="0">
<![CDATA[
.preheader28:2  %i_1 = phi i5 [ %i_5, %5 ], [ 0, %.preheader28.preheader ]

]]></Node>
<StgValue><ssdm name="i_1"/></StgValue>
</operation>

<operation id="120" st_id="10" stage="1" lat="1">
<core>NULL</core>
<MemPortIdVec></MemPortIdVec>
<condition id="21">
<or_exp><and_exp></and_exp></or_exp>
</condition>

<Node id="113" bw="32" op_0_bw="5">
<![CDATA[
.preheader28:3  %i_1_cast3 = zext i5 %i_1 to i32

]]></Node>
<StgValue><ssdm name="i_1_cast3"/></StgValue>
</operation>

<operation id="121" st_id="10" stage="1" lat="1">
<core>Cmp</core>
<MemPortIdVec></MemPortIdVec>
<condition id="21">
<or_exp><and_exp></and_exp></or_exp>
</condition>

<Node id="114" bw="1" op_0_bw="5" op_1_bw="5">
<![CDATA[
.preheader28:4  %tmp_11 = icmp ult i5 %i_1, -14

]]></Node>
<StgValue><ssdm name="tmp_11"/></StgValue>
</operation>

<operation id="122" st_id="10" stage="1" lat="1">
<core>NULL</core>
<MemPortIdVec></MemPortIdVec>
<condition id="21">
<or_exp><and_exp></and_exp></or_exp>
</condition>

<Node id="115" bw="32" op_0_bw="32" op_1_bw="64" op_2_bw="64" op_3_bw="64">
<![CDATA[
.preheader28:5  %empty_35 = call i32 (...)* @_ssdm_op_SpecLoopTripCount(i64 9, i64 9, i64 9)

]]></Node>
<StgValue><ssdm name="empty_35"/></StgValue>
</operation>

<operation id="123" st_id="10" stage="1" lat="1">
<core>NULL</core>
<MemPortIdVec></MemPortIdVec>
<condition id="21">
<or_exp><and_exp></and_exp></or_exp>
</condition>

<Node id="116" bw="0" op_0_bw="1" op_1_bw="0" op_2_bw="0">
<![CDATA[
.preheader28:6  br i1 %tmp_11, label %5, label %.preheader.preheader

]]></Node>
<StgValue><ssdm name=""/></StgValue>
</operation>

<operation id="124" st_id="10" stage="2" lat="2">
<core></core>
<MemPortIdVec></MemPortIdVec>
<condition id="23">
<or_exp><and_exp><literal name="tmp_11" val="1"/>
</and_exp></or_exp>
</condition>

<Node id="118" bw="64" op_0_bw="64" op_1_bw="32" op_2_bw="32">
<![CDATA[
:0  %call_ret = call fastcc { i32, i32 } @BF_encrypt(i32 %in, i32 %in_1)

]]></Node>
<StgValue><ssdm name="call_ret"/></StgValue>
</operation>

<operation id="125" st_id="10" stage="1" lat="1">
<core>NULL</core>
<MemPortIdVec></MemPortIdVec>
<condition id="25">
<or_exp><and_exp><literal name="tmp_11" val="0"/>
</and_exp></or_exp>
</condition>

<Node id="130" bw="0" op_0_bw="0">
<![CDATA[
.preheader.preheader:0  br label %.preheader

]]></Node>
<StgValue><ssdm name=""/></StgValue>
</operation>
</state>

<state id="11" st_id="11">

<operation id="126" st_id="11" stage="1" lat="2">
<core></core>
<MemPortIdVec></MemPortIdVec>
<condition id="26">
<or_exp><and_exp></and_exp></or_exp>
</condition>

<Node id="118" bw="64" op_0_bw="64" op_1_bw="32" op_2_bw="32">
<![CDATA[
:0  %call_ret = call fastcc { i32, i32 } @BF_encrypt(i32 %in, i32 %in_1)

]]></Node>
<StgValue><ssdm name="call_ret"/></StgValue>
</operation>

<operation id="127" st_id="11" stage="1" lat="1">
<core>NULL</core>
<MemPortIdVec></MemPortIdVec>
<condition id="26">
<or_exp><and_exp></and_exp></or_exp>
</condition>

<Node id="119" bw="32" op_0_bw="64">
<![CDATA[
:1  %in_0 = extractvalue { i32, i32 } %call_ret, 0

]]></Node>
<StgValue><ssdm name="in_0"/></StgValue>
</operation>

<operation id="128" st_id="11" stage="1" lat="1">
<core>NULL</core>
<MemPortIdVec></MemPortIdVec>
<condition id="26">
<or_exp><and_exp></and_exp></or_exp>
</condition>

<Node id="120" bw="32" op_0_bw="64">
<![CDATA[
:2  %in_1_36 = extractvalue { i32, i32 } %call_ret, 1

]]></Node>
<StgValue><ssdm name="in_1_36"/></StgValue>
</operation>
</state>

<state id="12" st_id="12">

<operation id="129" st_id="12" stage="1" lat="1">
<core>NULL</core>
<MemPortIdVec></MemPortIdVec>
<condition id="27">
<or_exp><and_exp></and_exp></or_exp>
</condition>

<Node id="121" bw="5" op_0_bw="32" op_1_bw="32" op_2_bw="32">
<![CDATA[
:3  %key_P_addr_1 = getelementptr inbounds [18 x i32]* @key_P, i32 0, i32 %i_1_cast3

]]></Node>
<StgValue><ssdm name="key_P_addr_1"/></StgValue>
</operation>

<operation id="130" st_id="12" stage="1" lat="1">
<core>RAM</core>
<MemPortIdVec>0 </MemPortIdVec>
<condition id="27">
<or_exp><and_exp></and_exp></or_exp>
</condition>

<Node id="122" bw="0" op_0_bw="32" op_1_bw="5">
<![CDATA[
:4  store i32 %in_0, i32* %key_P_addr_1, align 4

]]></Node>
<StgValue><ssdm name=""/></StgValue>
</operation>

<operation id="131" st_id="12" stage="1" lat="1">
<core>NULL</core>
<MemPortIdVec></MemPortIdVec>
<condition id="27">
<or_exp><and_exp></and_exp></or_exp>
</condition>

<Node id="123" bw="5" op_0_bw="5" op_1_bw="5">
<![CDATA[
:5  %tmp_15 = or i5 %i_1, 1

]]></Node>
<StgValue><ssdm name="tmp_15"/></StgValue>
</operation>

<operation id="132" st_id="12" stage="1" lat="1">
<core>NULL</core>
<MemPortIdVec></MemPortIdVec>
<condition id="27">
<or_exp><and_exp></and_exp></or_exp>
</condition>

<Node id="124" bw="32" op_0_bw="5">
<![CDATA[
:6  %tmp_18_cast = zext i5 %tmp_15 to i32

]]></Node>
<StgValue><ssdm name="tmp_18_cast"/></StgValue>
</operation>

<operation id="133" st_id="12" stage="1" lat="1">
<core>NULL</core>
<MemPortIdVec></MemPortIdVec>
<condition id="27">
<or_exp><and_exp></and_exp></or_exp>
</condition>

<Node id="125" bw="5" op_0_bw="32" op_1_bw="32" op_2_bw="32">
<![CDATA[
:7  %key_P_addr_2 = getelementptr inbounds [18 x i32]* @key_P, i32 0, i32 %tmp_18_cast

]]></Node>
<StgValue><ssdm name="key_P_addr_2"/></StgValue>
</operation>

<operation id="134" st_id="12" stage="1" lat="1">
<core>RAM</core>
<MemPortIdVec>1 </MemPortIdVec>
<condition id="27">
<or_exp><and_exp></and_exp></or_exp>
</condition>

<Node id="126" bw="0" op_0_bw="32" op_1_bw="5">
<![CDATA[
:8  store i32 %in_1_36, i32* %key_P_addr_2, align 4

]]></Node>
<StgValue><ssdm name=""/></StgValue>
</operation>

<operation id="135" st_id="12" stage="1" lat="1">
<core>AddSub</core>
<MemPortIdVec></MemPortIdVec>
<condition id="27">
<or_exp><and_exp></and_exp></or_exp>
</condition>

<Node id="127" bw="5" op_0_bw="5" op_1_bw="5">
<![CDATA[
:9  %i_5 = add i5 %i_1, 2

]]></Node>
<StgValue><ssdm name="i_5"/></StgValue>
</operation>

<operation id="136" st_id="12" stage="1" lat="1">
<core>NULL</core>
<MemPortIdVec></MemPortIdVec>
<condition id="27">
<or_exp><and_exp></and_exp></or_exp>
</condition>

<Node id="128" bw="0" op_0_bw="0">
<![CDATA[
:10  br label %.preheader28

]]></Node>
<StgValue><ssdm name=""/></StgValue>
</operation>
</state>

<state id="13" st_id="13">

<operation id="137" st_id="13" stage="1" lat="1">
<core>NULL</core>
<MemPortIdVec></MemPortIdVec>
<condition id="28">
<or_exp><and_exp></and_exp></or_exp>
</condition>

<Node id="132" bw="32" op_0_bw="32" op_1_bw="0">
<![CDATA[
.preheader:0  %in_1_1 = phi i32 [ %in_1_1_39, %6 ], [ %in_1, %.preheader.preheader ]

]]></Node>
<StgValue><ssdm name="in_1_1"/></StgValue>
</operation>

<operation id="138" st_id="13" stage="1" lat="1">
<core>NULL</core>
<MemPortIdVec></MemPortIdVec>
<condition id="28">
<or_exp><and_exp></and_exp></or_exp>
</condition>

<Node id="133" bw="32" op_0_bw="32" op_1_bw="0">
<![CDATA[
.preheader:1  %in_0_1 = phi i32 [ %in_0_1_38, %6 ], [ %in, %.preheader.preheader ]

]]></Node>
<StgValue><ssdm name="in_0_1"/></StgValue>
</operation>

<operation id="139" st_id="13" stage="1" lat="1">
<core>NULL</core>
<MemPortIdVec></MemPortIdVec>
<condition id="28">
<or_exp><and_exp></and_exp></or_exp>
</condition>

<Node id="134" bw="11" op_0_bw="11" op_1_bw="0">
<![CDATA[
.preheader:2  %i_2 = phi i11 [ %i_6, %6 ], [ 0, %.preheader.preheader ]

]]></Node>
<StgValue><ssdm name="i_2"/></StgValue>
</operation>

<operation id="140" st_id="13" stage="1" lat="1">
<core>NULL</core>
<MemPortIdVec></MemPortIdVec>
<condition id="28">
<or_exp><and_exp></and_exp></or_exp>
</condition>

<Node id="135" bw="32" op_0_bw="11">
<![CDATA[
.preheader:3  %i_2_cast1 = zext i11 %i_2 to i32

]]></Node>
<StgValue><ssdm name="i_2_cast1"/></StgValue>
</operation>

<operation id="141" st_id="13" stage="1" lat="1">
<core>NULL</core>
<MemPortIdVec></MemPortIdVec>
<condition id="28">
<or_exp><and_exp></and_exp></or_exp>
</condition>

<Node id="136" bw="1" op_0_bw="1" op_1_bw="11" op_2_bw="32">
<![CDATA[
.preheader:4  %tmp = call i1 @_ssdm_op_BitSelect.i1.i11.i32(i11 %i_2, i32 10)

]]></Node>
<StgValue><ssdm name="tmp"/></StgValue>
</operation>

<operation id="142" st_id="13" stage="1" lat="1">
<core>NULL</core>
<MemPortIdVec></MemPortIdVec>
<condition id="28">
<or_exp><and_exp></and_exp></or_exp>
</condition>

<Node id="137" bw="32" op_0_bw="32" op_1_bw="64" op_2_bw="64" op_3_bw="64">
<![CDATA[
.preheader:5  %empty_37 = call i32 (...)* @_ssdm_op_SpecLoopTripCount(i64 512, i64 512, i64 512)

]]></Node>
<StgValue><ssdm name="empty_37"/></StgValue>
</operation>

<operation id="143" st_id="13" stage="1" lat="1">
<core>NULL</core>
<MemPortIdVec></MemPortIdVec>
<condition id="28">
<or_exp><and_exp></and_exp></or_exp>
</condition>

<Node id="138" bw="0" op_0_bw="1" op_1_bw="0" op_2_bw="0">
<![CDATA[
.preheader:6  br i1 %tmp, label %7, label %6

]]></Node>
<StgValue><ssdm name=""/></StgValue>
</operation>

<operation id="144" st_id="13" stage="2" lat="2">
<core></core>
<MemPortIdVec></MemPortIdVec>
<condition id="30">
<or_exp><and_exp><literal name="tmp" val="0"/>
</and_exp></or_exp>
</condition>

<Node id="140" bw="64" op_0_bw="64" op_1_bw="32" op_2_bw="32">
<![CDATA[
:0  %call_ret1 = call fastcc { i32, i32 } @BF_encrypt(i32 %in_0_1, i32 %in_1_1)

]]></Node>
<StgValue><ssdm name="call_ret1"/></StgValue>
</operation>

<operation id="145" st_id="13" stage="1" lat="1">
<core>NULL</core>
<MemPortIdVec></MemPortIdVec>
<condition id="30">
<or_exp><and_exp><literal name="tmp" val="0"/>
</and_exp></or_exp>
</condition>

<Node id="145" bw="10" op_0_bw="11">
<![CDATA[
:5  %tmp_16 = trunc i11 %i_2 to i10

]]></Node>
<StgValue><ssdm name="tmp_16"/></StgValue>
</operation>

<operation id="146" st_id="13" stage="1" lat="1">
<core>AddSub</core>
<MemPortIdVec></MemPortIdVec>
<condition id="30">
<or_exp><and_exp><literal name="tmp" val="0"/>
</and_exp></or_exp>
</condition>

<Node id="150" bw="11" op_0_bw="11" op_1_bw="11">
<![CDATA[
:10  %i_6 = add i11 2, %i_2

]]></Node>
<StgValue><ssdm name="i_6"/></StgValue>
</operation>

<operation id="147" st_id="13" stage="1" lat="1">
<core>NULL</core>
<MemPortIdVec></MemPortIdVec>
<condition id="32">
<or_exp><and_exp><literal name="tmp" val="1"/>
</and_exp></or_exp>
</condition>

<Node id="153" bw="0">
<![CDATA[
:0  ret void

]]></Node>
<StgValue><ssdm name=""/></StgValue>
</operation>
</state>

<state id="14" st_id="14">

<operation id="148" st_id="14" stage="1" lat="2">
<core></core>
<MemPortIdVec></MemPortIdVec>
<condition id="33">
<or_exp><and_exp></and_exp></or_exp>
</condition>

<Node id="140" bw="64" op_0_bw="64" op_1_bw="32" op_2_bw="32">
<![CDATA[
:0  %call_ret1 = call fastcc { i32, i32 } @BF_encrypt(i32 %in_0_1, i32 %in_1_1)

]]></Node>
<StgValue><ssdm name="call_ret1"/></StgValue>
</operation>

<operation id="149" st_id="14" stage="1" lat="1">
<core>NULL</core>
<MemPortIdVec></MemPortIdVec>
<condition id="33">
<or_exp><and_exp></and_exp></or_exp>
</condition>

<Node id="141" bw="32" op_0_bw="64">
<![CDATA[
:1  %in_0_1_38 = extractvalue { i32, i32 } %call_ret1, 0

]]></Node>
<StgValue><ssdm name="in_0_1_38"/></StgValue>
</operation>

<operation id="150" st_id="14" stage="1" lat="1">
<core>NULL</core>
<MemPortIdVec></MemPortIdVec>
<condition id="33">
<or_exp><and_exp></and_exp></or_exp>
</condition>

<Node id="142" bw="32" op_0_bw="64">
<![CDATA[
:2  %in_1_1_39 = extractvalue { i32, i32 } %call_ret1, 1

]]></Node>
<StgValue><ssdm name="in_1_1_39"/></StgValue>
</operation>
</state>

<state id="15" st_id="15">

<operation id="151" st_id="15" stage="1" lat="1">
<core>NULL</core>
<MemPortIdVec></MemPortIdVec>
<condition id="34">
<or_exp><and_exp></and_exp></or_exp>
</condition>

<Node id="143" bw="10" op_0_bw="32" op_1_bw="32" op_2_bw="32">
<![CDATA[
:3  %key_S_addr = getelementptr inbounds [1024 x i32]* @key_S, i32 0, i32 %i_2_cast1

]]></Node>
<StgValue><ssdm name="key_S_addr"/></StgValue>
</operation>

<operation id="152" st_id="15" stage="1" lat="1">
<core>RAM</core>
<MemPortIdVec>0 </MemPortIdVec>
<condition id="34">
<or_exp><and_exp></and_exp></or_exp>
</condition>

<Node id="144" bw="0" op_0_bw="32" op_1_bw="10">
<![CDATA[
:4  store i32 %in_0_1_38, i32* %key_S_addr, align 4

]]></Node>
<StgValue><ssdm name=""/></StgValue>
</operation>

<operation id="153" st_id="15" stage="1" lat="1">
<core>NULL</core>
<MemPortIdVec></MemPortIdVec>
<condition id="34">
<or_exp><and_exp></and_exp></or_exp>
</condition>

<Node id="146" bw="10" op_0_bw="10" op_1_bw="10">
<![CDATA[
:6  %tmp_17 = or i10 %tmp_16, 1

]]></Node>
<StgValue><ssdm name="tmp_17"/></StgValue>
</operation>

<operation id="154" st_id="15" stage="1" lat="1">
<core>NULL</core>
<MemPortIdVec></MemPortIdVec>
<condition id="34">
<or_exp><and_exp></and_exp></or_exp>
</condition>

<Node id="147" bw="32" op_0_bw="10">
<![CDATA[
:7  %tmp_20_cast = zext i10 %tmp_17 to i32

]]></Node>
<StgValue><ssdm name="tmp_20_cast"/></StgValue>
</operation>

<operation id="155" st_id="15" stage="1" lat="1">
<core>NULL</core>
<MemPortIdVec></MemPortIdVec>
<condition id="34">
<or_exp><and_exp></and_exp></or_exp>
</condition>

<Node id="148" bw="10" op_0_bw="32" op_1_bw="32" op_2_bw="32">
<![CDATA[
:8  %key_S_addr_1 = getelementptr inbounds [1024 x i32]* @key_S, i32 0, i32 %tmp_20_cast

]]></Node>
<StgValue><ssdm name="key_S_addr_1"/></StgValue>
</operation>

<operation id="156" st_id="15" stage="1" lat="1">
<core>RAM</core>
<MemPortIdVec>1 </MemPortIdVec>
<condition id="34">
<or_exp><and_exp></and_exp></or_exp>
</condition>

<Node id="149" bw="0" op_0_bw="32" op_1_bw="10">
<![CDATA[
:9  store i32 %in_1_1_39, i32* %key_S_addr_1, align 4

]]></Node>
<StgValue><ssdm name=""/></StgValue>
</operation>

<operation id="157" st_id="15" stage="1" lat="1">
<core>NULL</core>
<MemPortIdVec></MemPortIdVec>
<condition id="34">
<or_exp><and_exp></and_exp></or_exp>
</condition>

<Node id="151" bw="0" op_0_bw="0">
<![CDATA[
:11  br label %.preheader

]]></Node>
<StgValue><ssdm name=""/></StgValue>
</operation>
</state>
</state_list>


<ports>
<port id="182" name="data" dir="0" iftype="1">
<core>RAM</core><StgValue><ssdm name="data"/><MemPortTyVec>1 1 </MemPortTyVec>
</StgValue>
</port>
<port id="183" name="bf_init_P" dir="0" iftype="1">
<core>ROM_nP</core><StgValue><ssdm name="bf_init_P"/><MemPortTyVec>1 </MemPortTyVec>
</StgValue>
</port>
<port id="184" name="key_P" dir="2" iftype="1">
<core>RAM</core><StgValue><ssdm name="key_P"/><MemPortTyVec>2 2 </MemPortTyVec>
</StgValue>
</port>
<port id="185" name="bf_init_S" dir="0" iftype="1">
<core>ROM_nP</core><StgValue><ssdm name="bf_init_S"/><MemPortTyVec>1 </MemPortTyVec>
</StgValue>
</port>
<port id="186" name="key_S" dir="2" iftype="1">
<core>RAM</core><StgValue><ssdm name="key_S"/><MemPortTyVec>2 2 </MemPortTyVec>
</StgValue>
</port>
</ports>


<dataflows>
<dataflow id="188" from="StgValue_187" to="p1_0_rec_i" fromId="187" toId="17">
<condition id="134">
<or_exp><and_exp></and_exp></or_exp>
</condition>
</dataflow>
<dataflow id="189" from="StgValue_16" to="p1_0_rec_i" fromId="16" toId="17">
</dataflow>
<dataflow id="190" from="p_rec_i" to="p1_0_rec_i" fromId="23" toId="17">
<BackEdge/>
<condition id="135">
<or_exp><and_exp></and_exp></or_exp>
</condition>
</dataflow>
<dataflow id="191" from="StgValue_29" to="p1_0_rec_i" fromId="29" toId="17">
<BackEdge/>
</dataflow>
<dataflow id="192" from="p1_0_rec_i" to="p1_0_rec_i_cast" fromId="17" toId="18">
</dataflow>
<dataflow id="193" from="bf_init_P" to="bf_init_P_addr" fromId="183" toId="19">
</dataflow>
<dataflow id="195" from="StgValue_194" to="bf_init_P_addr" fromId="194" toId="19">
</dataflow>
<dataflow id="196" from="p1_0_rec_i_cast" to="bf_init_P_addr" fromId="18" toId="19">
</dataflow>
<dataflow id="197" from="key_P" to="key_P_addr_3" fromId="184" toId="20">
</dataflow>
<dataflow id="198" from="StgValue_194" to="key_P_addr_3" fromId="194" toId="20">
</dataflow>
<dataflow id="199" from="p1_0_rec_i_cast" to="key_P_addr_3" fromId="18" toId="20">
</dataflow>
<dataflow id="201" from="_ssdm_op_SpecLoopTripCount" to="empty" fromId="200" toId="21">
</dataflow>
<dataflow id="203" from="StgValue_202" to="empty" fromId="202" toId="21">
</dataflow>
<dataflow id="204" from="StgValue_202" to="empty" fromId="202" toId="21">
</dataflow>
<dataflow id="205" from="StgValue_202" to="empty" fromId="202" toId="21">
</dataflow>
<dataflow id="206" from="p1_0_rec_i" to="exitcond1" fromId="17" toId="22">
</dataflow>
<dataflow id="208" from="StgValue_207" to="exitcond1" fromId="207" toId="22">
</dataflow>
<dataflow id="209" from="p1_0_rec_i" to="p_rec_i" fromId="17" toId="23">
</dataflow>
<dataflow id="211" from="StgValue_210" to="p_rec_i" fromId="210" toId="23">
</dataflow>
<dataflow id="212" from="exitcond1" to="StgValue_24" fromId="22" toId="24">
</dataflow>
<dataflow id="213" from="bf_init_P_addr" to="bf_init_P_load" fromId="19" toId="25">
</dataflow>
<dataflow id="214" from="bf_init_P_addr" to="bf_init_P_load" fromId="19" toId="27">
</dataflow>
<dataflow id="215" from="bf_init_P_load" to="StgValue_28" fromId="27" toId="28">
</dataflow>
<dataflow id="216" from="key_P_addr_3" to="StgValue_28" fromId="20" toId="28">
</dataflow>
<dataflow id="217" from="p_rec_i1" to="p1_0_rec_i1" fromId="36" toId="30">
<BackEdge/>
<condition id="136">
<or_exp><and_exp></and_exp></or_exp>
</condition>
</dataflow>
<dataflow id="218" from="StgValue_42" to="p1_0_rec_i1" fromId="42" toId="30">
<BackEdge/>
</dataflow>
<dataflow id="220" from="StgValue_219" to="p1_0_rec_i1" fromId="219" toId="30">
<condition id="137">
<or_exp><and_exp><literal name="exitcond1" val="1"/>
</and_exp></or_exp>
</condition>
</dataflow>
<dataflow id="221" from="StgValue_26" to="p1_0_rec_i1" fromId="26" toId="30">
</dataflow>
<dataflow id="222" from="p1_0_rec_i1" to="p1_0_rec_i1_cast" fromId="30" toId="31">
</dataflow>
<dataflow id="223" from="bf_init_S" to="bf_init_S_addr" fromId="185" toId="32">
</dataflow>
<dataflow id="224" from="StgValue_194" to="bf_init_S_addr" fromId="194" toId="32">
</dataflow>
<dataflow id="225" from="p1_0_rec_i1_cast" to="bf_init_S_addr" fromId="31" toId="32">
</dataflow>
<dataflow id="226" from="key_S" to="key_S_addr_2" fromId="186" toId="33">
</dataflow>
<dataflow id="227" from="StgValue_194" to="key_S_addr_2" fromId="194" toId="33">
</dataflow>
<dataflow id="228" from="p1_0_rec_i1_cast" to="key_S_addr_2" fromId="31" toId="33">
</dataflow>
<dataflow id="229" from="_ssdm_op_SpecLoopTripCount" to="empty_33" fromId="200" toId="34">
</dataflow>
<dataflow id="231" from="StgValue_230" to="empty_33" fromId="230" toId="34">
</dataflow>
<dataflow id="232" from="StgValue_230" to="empty_33" fromId="230" toId="34">
</dataflow>
<dataflow id="233" from="StgValue_230" to="empty_33" fromId="230" toId="34">
</dataflow>
<dataflow id="234" from="p1_0_rec_i1" to="exitcond2" fromId="30" toId="35">
</dataflow>
<dataflow id="236" from="StgValue_235" to="exitcond2" fromId="235" toId="35">
</dataflow>
<dataflow id="237" from="p1_0_rec_i1" to="p_rec_i1" fromId="30" toId="36">
</dataflow>
<dataflow id="239" from="StgValue_238" to="p_rec_i1" fromId="238" toId="36">
</dataflow>
<dataflow id="240" from="exitcond2" to="StgValue_37" fromId="35" toId="37">
</dataflow>
<dataflow id="241" from="bf_init_S_addr" to="bf_init_S_load" fromId="32" toId="38">
</dataflow>
<dataflow id="242" from="bf_init_S_addr" to="bf_init_S_load" fromId="32" toId="40">
</dataflow>
<dataflow id="243" from="bf_init_S_load" to="StgValue_41" fromId="40" toId="41">
</dataflow>
<dataflow id="244" from="key_S_addr_2" to="StgValue_41" fromId="33" toId="41">
</dataflow>
<dataflow id="245" from="i_4" to="i" fromId="48" toId="43">
<BackEdge/>
<condition id="138">
<or_exp><and_exp></and_exp></or_exp>
</condition>
</dataflow>
<dataflow id="246" from="StgValue_116" to="i" fromId="116" toId="43">
<BackEdge/>
</dataflow>
<dataflow id="247" from="StgValue_187" to="i" fromId="187" toId="43">
<condition id="139">
<or_exp><and_exp><literal name="exitcond2" val="1"/>
</and_exp></or_exp>
</condition>
</dataflow>
<dataflow id="248" from="StgValue_39" to="i" fromId="39" toId="43">
</dataflow>
<dataflow id="249" from="mem_index_sel2" to="mem_index_phi" fromId="108" toId="44">
<BackEdge/>
<condition id="140">
<or_exp><and_exp></and_exp></or_exp>
</condition>
</dataflow>
<dataflow id="250" from="StgValue_116" to="mem_index_phi" fromId="116" toId="44">
<BackEdge/>
</dataflow>
<dataflow id="252" from="StgValue_251" to="mem_index_phi" fromId="251" toId="44">
<condition id="141">
<or_exp><and_exp><literal name="exitcond2" val="1"/>
</and_exp></or_exp>
</condition>
</dataflow>
<dataflow id="253" from="StgValue_39" to="mem_index_phi" fromId="39" toId="44">
</dataflow>
<dataflow id="254" from="i" to="i_cast4" fromId="43" toId="45">
</dataflow>
<dataflow id="255" from="i" to="exitcond" fromId="43" toId="46">
</dataflow>
<dataflow id="256" from="StgValue_207" to="exitcond" fromId="207" toId="46">
</dataflow>
<dataflow id="257" from="_ssdm_op_SpecLoopTripCount" to="empty_34" fromId="200" toId="47">
</dataflow>
<dataflow id="258" from="StgValue_202" to="empty_34" fromId="202" toId="47">
</dataflow>
<dataflow id="259" from="StgValue_202" to="empty_34" fromId="202" toId="47">
</dataflow>
<dataflow id="260" from="StgValue_202" to="empty_34" fromId="202" toId="47">
</dataflow>
<dataflow id="261" from="i" to="i_4" fromId="43" toId="48">
</dataflow>
<dataflow id="262" from="StgValue_210" to="i_4" fromId="210" toId="48">
</dataflow>
<dataflow id="263" from="exitcond" to="StgValue_49" fromId="46" toId="49">
</dataflow>
<dataflow id="264" from="mem_index_phi" to="mem_index_gep" fromId="44" toId="50">
</dataflow>
<dataflow id="266" from="StgValue_265" to="mem_index_gep" fromId="265" toId="50">
</dataflow>
<dataflow id="267" from="key_P" to="key_P_addr" fromId="184" toId="51">
</dataflow>
<dataflow id="268" from="StgValue_194" to="key_P_addr" fromId="194" toId="51">
</dataflow>
<dataflow id="269" from="i_cast4" to="key_P_addr" fromId="45" toId="51">
</dataflow>
<dataflow id="270" from="mem_index_gep" to="adjSize105_cast" fromId="50" toId="53">
</dataflow>
<dataflow id="271" from="mem_index_phi" to="addrCmp" fromId="44" toId="54">
</dataflow>
<dataflow id="273" from="StgValue_272" to="addrCmp" fromId="272" toId="54">
</dataflow>
<dataflow id="274" from="mem_index_phi" to="adjSize102136_cast" fromId="44" toId="55">
</dataflow>
<dataflow id="275" from="adjSize102136_cast" to="gepindex" fromId="55" toId="56">
</dataflow>
<dataflow id="277" from="StgValue_276" to="gepindex" fromId="276" toId="56">
</dataflow>
<dataflow id="278" from="addrCmp" to="gepindex1" fromId="54" toId="57">
</dataflow>
<dataflow id="279" from="gepindex" to="gepindex1" fromId="56" toId="57">
</dataflow>
<dataflow id="281" from="StgValue_280" to="gepindex1" fromId="280" toId="57">
</dataflow>
<dataflow id="282" from="gepindex1" to="gepindex104_cast" fromId="57" toId="58">
</dataflow>
<dataflow id="283" from="data" to="data_addr" fromId="182" toId="59">
</dataflow>
<dataflow id="284" from="StgValue_194" to="data_addr" fromId="194" toId="59">
</dataflow>
<dataflow id="285" from="gepindex104_cast" to="data_addr" fromId="58" toId="59">
</dataflow>
<dataflow id="286" from="data_addr" to="data_load" fromId="59" toId="60">
</dataflow>
<dataflow id="287" from="mem_index_gep" to="ptr_cmp" fromId="50" toId="61">
</dataflow>
<dataflow id="289" from="StgValue_288" to="ptr_cmp" fromId="288" toId="61">
</dataflow>
<dataflow id="290" from="mem_index_phi" to="mem_index_gep1" fromId="44" toId="62">
</dataflow>
<dataflow id="292" from="StgValue_291" to="mem_index_gep1" fromId="291" toId="62">
</dataflow>
<dataflow id="293" from="mem_index_gep" to="addrCmp1" fromId="50" toId="63">
</dataflow>
<dataflow id="294" from="StgValue_272" to="addrCmp1" fromId="272" toId="63">
</dataflow>
<dataflow id="295" from="adjSize105_cast" to="gepindex2" fromId="53" toId="64">
</dataflow>
<dataflow id="296" from="StgValue_276" to="gepindex2" fromId="276" toId="64">
</dataflow>
<dataflow id="297" from="addrCmp1" to="gepindex3" fromId="63" toId="65">
</dataflow>
<dataflow id="298" from="gepindex2" to="gepindex3" fromId="64" toId="65">
</dataflow>
<dataflow id="299" from="StgValue_280" to="gepindex3" fromId="280" toId="65">
</dataflow>
<dataflow id="300" from="ptr_cmp" to="gepindex4" fromId="61" toId="66">
</dataflow>
<dataflow id="301" from="gepindex3" to="gepindex4" fromId="65" toId="66">
</dataflow>
<dataflow id="302" from="StgValue_280" to="gepindex4" fromId="280" toId="66">
</dataflow>
<dataflow id="303" from="gepindex4" to="gepindex2111_cast" fromId="66" toId="67">
</dataflow>
<dataflow id="304" from="ptr_cmp" to="tmp_s" fromId="61" toId="68">
</dataflow>
<dataflow id="305" from="gepindex2111_cast" to="tmp_s" fromId="67" toId="68">
</dataflow>
<dataflow id="306" from="StgValue_194" to="tmp_s" fromId="194" toId="68">
</dataflow>
<dataflow id="307" from="data" to="data_addr_1" fromId="182" toId="69">
</dataflow>
<dataflow id="308" from="StgValue_194" to="data_addr_1" fromId="194" toId="69">
</dataflow>
<dataflow id="309" from="tmp_s" to="data_addr_1" fromId="68" toId="69">
</dataflow>
<dataflow id="310" from="data_addr_1" to="data_load_1" fromId="69" toId="70">
</dataflow>
<dataflow id="311" from="mem_index_gep1" to="ptr_cmp1" fromId="62" toId="71">
</dataflow>
<dataflow id="312" from="StgValue_288" to="ptr_cmp1" fromId="288" toId="71">
</dataflow>
<dataflow id="313" from="ptr_cmp" to="not_ptr_cmp" fromId="61" toId="72">
</dataflow>
<dataflow id="315" from="StgValue_314" to="not_ptr_cmp" fromId="314" toId="72">
</dataflow>
<dataflow id="316" from="ptr_cmp1" to="ptr_cmp2" fromId="71" toId="73">
</dataflow>
<dataflow id="317" from="not_ptr_cmp" to="ptr_cmp2" fromId="72" toId="73">
</dataflow>
<dataflow id="318" from="mem_index_phi" to="mem_index_gep2" fromId="44" toId="74">
</dataflow>
<dataflow id="320" from="StgValue_319" to="mem_index_gep2" fromId="319" toId="74">
</dataflow>
<dataflow id="321" from="mem_index_gep2" to="ptr_cmp3" fromId="74" toId="75">
</dataflow>
<dataflow id="322" from="StgValue_288" to="ptr_cmp3" fromId="288" toId="75">
</dataflow>
<dataflow id="323" from="ptr_cmp3" to="ptr_cmp4" fromId="75" toId="76">
</dataflow>
<dataflow id="324" from="not_ptr_cmp" to="ptr_cmp4" fromId="72" toId="76">
</dataflow>
<dataflow id="325" from="ptr_cmp1" to="ptr_cmp99132_not" fromId="71" toId="77">
</dataflow>
<dataflow id="326" from="StgValue_314" to="ptr_cmp99132_not" fromId="314" toId="77">
</dataflow>
<dataflow id="327" from="ptr_cmp" to="not_ptr_cmp1" fromId="61" toId="78">
</dataflow>
<dataflow id="328" from="ptr_cmp99132_not" to="not_ptr_cmp1" fromId="77" toId="78">
</dataflow>
<dataflow id="329" from="ptr_cmp4" to="ptr_cmp5" fromId="76" toId="79">
</dataflow>
<dataflow id="330" from="not_ptr_cmp1" to="ptr_cmp5" fromId="78" toId="79">
</dataflow>
<dataflow id="331" from="mem_index_phi" to="mem_index_gep3" fromId="44" toId="80">
</dataflow>
<dataflow id="333" from="StgValue_332" to="mem_index_gep3" fromId="332" toId="80">
</dataflow>
<dataflow id="334" from="data_addr" to="data_load" fromId="59" toId="81">
</dataflow>
<dataflow id="335" from="mem_index_gep1" to="adjSize114_cast" fromId="62" toId="82">
</dataflow>
<dataflow id="336" from="data_addr_1" to="data_load_1" fromId="69" toId="83">
</dataflow>
<dataflow id="337" from="mem_index_gep2" to="adjSize123_cast" fromId="74" toId="84">
</dataflow>
<dataflow id="338" from="mem_index_gep1" to="addrCmp2" fromId="62" toId="85">
</dataflow>
<dataflow id="339" from="StgValue_272" to="addrCmp2" fromId="272" toId="85">
</dataflow>
<dataflow id="340" from="adjSize114_cast" to="gepindex5" fromId="82" toId="86">
</dataflow>
<dataflow id="341" from="StgValue_276" to="gepindex5" fromId="276" toId="86">
</dataflow>
<dataflow id="342" from="addrCmp2" to="gepindex6" fromId="85" toId="87">
</dataflow>
<dataflow id="343" from="gepindex5" to="gepindex6" fromId="86" toId="87">
</dataflow>
<dataflow id="344" from="StgValue_280" to="gepindex6" fromId="280" toId="87">
</dataflow>
<dataflow id="345" from="ptr_cmp1" to="gepindex7" fromId="71" toId="88">
</dataflow>
<dataflow id="346" from="gepindex6" to="gepindex7" fromId="87" toId="88">
</dataflow>
<dataflow id="347" from="StgValue_280" to="gepindex7" fromId="280" toId="88">
</dataflow>
<dataflow id="348" from="gepindex7" to="gepindex2120_cast" fromId="88" toId="89">
</dataflow>
<dataflow id="349" from="ptr_cmp" to="p_load" fromId="61" toId="90">
</dataflow>
<dataflow id="350" from="gepindex2120_cast" to="p_load" fromId="89" toId="90">
</dataflow>
<dataflow id="352" from="StgValue_351" to="p_load" fromId="351" toId="90">
</dataflow>
<dataflow id="353" from="ptr_cmp2" to="tmp_12" fromId="73" toId="91">
</dataflow>
<dataflow id="354" from="p_load" to="tmp_12" fromId="90" toId="91">
</dataflow>
<dataflow id="355" from="StgValue_194" to="tmp_12" fromId="194" toId="91">
</dataflow>
<dataflow id="356" from="data" to="data_addr_2" fromId="182" toId="92">
</dataflow>
<dataflow id="357" from="StgValue_194" to="data_addr_2" fromId="194" toId="92">
</dataflow>
<dataflow id="358" from="tmp_12" to="data_addr_2" fromId="91" toId="92">
</dataflow>
<dataflow id="359" from="data_addr_2" to="data_load_2" fromId="92" toId="93">
</dataflow>
<dataflow id="360" from="ptr_cmp" to="mem_index_sel" fromId="61" toId="94">
</dataflow>
<dataflow id="361" from="mem_index_gep3" to="mem_index_sel" fromId="80" toId="94">
</dataflow>
<dataflow id="363" from="StgValue_362" to="mem_index_sel" fromId="362" toId="94">
</dataflow>
<dataflow id="364" from="ptr_cmp2" to="mem_index_sel9" fromId="73" toId="95">
</dataflow>
<dataflow id="365" from="mem_index_sel" to="mem_index_sel9" fromId="94" toId="95">
</dataflow>
<dataflow id="367" from="StgValue_366" to="mem_index_sel9" fromId="366" toId="95">
</dataflow>
<dataflow id="368" from="ptr_cmp5" to="mem_index_sel1" fromId="79" toId="96">
</dataflow>
<dataflow id="369" from="mem_index_sel9" to="mem_index_sel1" fromId="95" toId="96">
</dataflow>
<dataflow id="371" from="StgValue_370" to="mem_index_sel1" fromId="370" toId="96">
</dataflow>
<dataflow id="372" from="mem_index_gep2" to="addrCmp3" fromId="74" toId="97">
</dataflow>
<dataflow id="373" from="StgValue_272" to="addrCmp3" fromId="272" toId="97">
</dataflow>
<dataflow id="374" from="adjSize123_cast" to="gepindex8" fromId="84" toId="98">
</dataflow>
<dataflow id="375" from="StgValue_276" to="gepindex8" fromId="276" toId="98">
</dataflow>
<dataflow id="376" from="addrCmp3" to="gepindex9" fromId="97" toId="99">
</dataflow>
<dataflow id="377" from="gepindex8" to="gepindex9" fromId="98" toId="99">
</dataflow>
<dataflow id="378" from="StgValue_280" to="gepindex9" fromId="280" toId="99">
</dataflow>
<dataflow id="379" from="ptr_cmp3" to="gepindex10" fromId="75" toId="100">
</dataflow>
<dataflow id="380" from="gepindex9" to="gepindex10" fromId="99" toId="100">
</dataflow>
<dataflow id="381" from="StgValue_280" to="gepindex10" fromId="280" toId="100">
</dataflow>
<dataflow id="382" from="gepindex10" to="gepindex2129_cast" fromId="100" toId="101">
</dataflow>
<dataflow id="383" from="ptr_cmp" to="d_2_load" fromId="61" toId="102">
</dataflow>
<dataflow id="384" from="gepindex2129_cast" to="d_2_load" fromId="101" toId="102">
</dataflow>
<dataflow id="386" from="StgValue_385" to="d_2_load" fromId="385" toId="102">
</dataflow>
<dataflow id="387" from="ptr_cmp2" to="p_load1" fromId="73" toId="103">
</dataflow>
<dataflow id="388" from="d_2_load" to="p_load1" fromId="102" toId="103">
</dataflow>
<dataflow id="389" from="StgValue_351" to="p_load1" fromId="351" toId="103">
</dataflow>
<dataflow id="390" from="ptr_cmp5" to="tmp_13" fromId="79" toId="104">
</dataflow>
<dataflow id="391" from="p_load1" to="tmp_13" fromId="103" toId="104">
</dataflow>
<dataflow id="392" from="StgValue_194" to="tmp_13" fromId="194" toId="104">
</dataflow>
<dataflow id="393" from="data" to="data_addr_3" fromId="182" toId="105">
</dataflow>
<dataflow id="394" from="StgValue_194" to="data_addr_3" fromId="194" toId="105">
</dataflow>
<dataflow id="395" from="tmp_13" to="data_addr_3" fromId="104" toId="105">
</dataflow>
<dataflow id="396" from="data_addr_3" to="data_load_3" fromId="105" toId="106">
</dataflow>
<dataflow id="397" from="mem_index_sel1" to="ptr_cmp6" fromId="96" toId="107">
</dataflow>
<dataflow id="398" from="StgValue_288" to="ptr_cmp6" fromId="288" toId="107">
</dataflow>
<dataflow id="399" from="ptr_cmp6" to="mem_index_sel2" fromId="107" toId="108">
</dataflow>
<dataflow id="400" from="mem_index_sel1" to="mem_index_sel2" fromId="96" toId="108">
</dataflow>
<dataflow id="401" from="StgValue_251" to="mem_index_sel2" fromId="251" toId="108">
</dataflow>
<dataflow id="402" from="key_P_addr" to="key_P_load" fromId="51" toId="109">
</dataflow>
<dataflow id="403" from="data_addr_2" to="data_load_2" fromId="92" toId="110">
</dataflow>
<dataflow id="404" from="data_addr_3" to="data_load_3" fromId="105" toId="111">
</dataflow>
<dataflow id="406" from="_ssdm_op_BitConcatenate.i32.i8.i8.i8.i8" to="ri" fromId="405" toId="112">
</dataflow>
<dataflow id="407" from="data_load" to="ri" fromId="81" toId="112">
</dataflow>
<dataflow id="408" from="data_load_1" to="ri" fromId="83" toId="112">
</dataflow>
<dataflow id="409" from="data_load_2" to="ri" fromId="110" toId="112">
</dataflow>
<dataflow id="410" from="data_load_3" to="ri" fromId="111" toId="112">
</dataflow>
<dataflow id="411" from="key_P_addr" to="key_P_load" fromId="51" toId="113">
</dataflow>
<dataflow id="412" from="key_P_load" to="tmp_14" fromId="113" toId="114">
</dataflow>
<dataflow id="413" from="ri" to="tmp_14" fromId="112" toId="114">
</dataflow>
<dataflow id="414" from="tmp_14" to="StgValue_115" fromId="114" toId="115">
</dataflow>
<dataflow id="415" from="key_P_addr" to="StgValue_115" fromId="51" toId="115">
</dataflow>
<dataflow id="416" from="in_1_36" to="in_1" fromId="128" toId="117">
<BackEdge/>
<condition id="142">
<or_exp><and_exp></and_exp></or_exp>
</condition>
</dataflow>
<dataflow id="417" from="StgValue_136" to="in_1" fromId="136" toId="117">
<BackEdge/>
</dataflow>
<dataflow id="418" from="StgValue_194" to="in_1" fromId="194" toId="117">
<condition id="143">
<or_exp><and_exp><literal name="exitcond" val="1"/>
</and_exp></or_exp>
</condition>
</dataflow>
<dataflow id="419" from="StgValue_52" to="in_1" fromId="52" toId="117">
</dataflow>
<dataflow id="420" from="in_0" to="in" fromId="127" toId="118">
<BackEdge/>
<condition id="144">
<or_exp><and_exp></and_exp></or_exp>
</condition>
</dataflow>
<dataflow id="421" from="StgValue_136" to="in" fromId="136" toId="118">
<BackEdge/>
</dataflow>
<dataflow id="422" from="StgValue_194" to="in" fromId="194" toId="118">
<condition id="145">
<or_exp><and_exp><literal name="exitcond" val="1"/>
</and_exp></or_exp>
</condition>
</dataflow>
<dataflow id="423" from="StgValue_52" to="in" fromId="52" toId="118">
</dataflow>
<dataflow id="424" from="i_5" to="i_1" fromId="135" toId="119">
<BackEdge/>
<condition id="146">
<or_exp><and_exp></and_exp></or_exp>
</condition>
</dataflow>
<dataflow id="425" from="StgValue_136" to="i_1" fromId="136" toId="119">
<BackEdge/>
</dataflow>
<dataflow id="426" from="StgValue_187" to="i_1" fromId="187" toId="119">
<condition id="147">
<or_exp><and_exp><literal name="exitcond" val="1"/>
</and_exp></or_exp>
</condition>
</dataflow>
<dataflow id="427" from="StgValue_52" to="i_1" fromId="52" toId="119">
</dataflow>
<dataflow id="428" from="i_1" to="i_1_cast3" fromId="119" toId="120">
</dataflow>
<dataflow id="429" from="i_1" to="tmp_11" fromId="119" toId="121">
</dataflow>
<dataflow id="430" from="StgValue_207" to="tmp_11" fromId="207" toId="121">
</dataflow>
<dataflow id="431" from="_ssdm_op_SpecLoopTripCount" to="empty_35" fromId="200" toId="122">
</dataflow>
<dataflow id="433" from="StgValue_432" to="empty_35" fromId="432" toId="122">
</dataflow>
<dataflow id="434" from="StgValue_432" to="empty_35" fromId="432" toId="122">
</dataflow>
<dataflow id="435" from="StgValue_432" to="empty_35" fromId="432" toId="122">
</dataflow>
<dataflow id="436" from="tmp_11" to="StgValue_123" fromId="121" toId="123">
</dataflow>
<dataflow id="438" from="BF_encrypt" to="call_ret" fromId="437" toId="124">
</dataflow>
<dataflow id="439" from="in" to="call_ret" fromId="118" toId="124">
</dataflow>
<dataflow id="440" from="in_1" to="call_ret" fromId="117" toId="124">
</dataflow>
<dataflow id="441" from="key_S" to="call_ret" fromId="186" toId="124">
</dataflow>
<dataflow id="442" from="key_P" to="call_ret" fromId="184" toId="124">
</dataflow>
<dataflow id="443" from="BF_encrypt" to="call_ret" fromId="437" toId="126">
</dataflow>
<dataflow id="444" from="in" to="call_ret" fromId="118" toId="126">
</dataflow>
<dataflow id="445" from="in_1" to="call_ret" fromId="117" toId="126">
</dataflow>
<dataflow id="446" from="key_S" to="call_ret" fromId="186" toId="126">
</dataflow>
<dataflow id="447" from="key_P" to="call_ret" fromId="184" toId="126">
</dataflow>
<dataflow id="448" from="call_ret" to="in_0" fromId="126" toId="127">
</dataflow>
<dataflow id="449" from="call_ret" to="in_1_36" fromId="126" toId="128">
</dataflow>
<dataflow id="450" from="key_P" to="key_P_addr_1" fromId="184" toId="129">
</dataflow>
<dataflow id="451" from="StgValue_194" to="key_P_addr_1" fromId="194" toId="129">
</dataflow>
<dataflow id="452" from="i_1_cast3" to="key_P_addr_1" fromId="120" toId="129">
</dataflow>
<dataflow id="453" from="in_0" to="StgValue_130" fromId="127" toId="130">
</dataflow>
<dataflow id="454" from="key_P_addr_1" to="StgValue_130" fromId="129" toId="130">
</dataflow>
<dataflow id="455" from="i_1" to="tmp_15" fromId="119" toId="131">
</dataflow>
<dataflow id="456" from="StgValue_210" to="tmp_15" fromId="210" toId="131">
</dataflow>
<dataflow id="457" from="tmp_15" to="tmp_18_cast" fromId="131" toId="132">
</dataflow>
<dataflow id="458" from="key_P" to="key_P_addr_2" fromId="184" toId="133">
</dataflow>
<dataflow id="459" from="StgValue_194" to="key_P_addr_2" fromId="194" toId="133">
</dataflow>
<dataflow id="460" from="tmp_18_cast" to="key_P_addr_2" fromId="132" toId="133">
</dataflow>
<dataflow id="461" from="in_1_36" to="StgValue_134" fromId="128" toId="134">
</dataflow>
<dataflow id="462" from="key_P_addr_2" to="StgValue_134" fromId="133" toId="134">
</dataflow>
<dataflow id="463" from="i_1" to="i_5" fromId="119" toId="135">
</dataflow>
<dataflow id="465" from="StgValue_464" to="i_5" fromId="464" toId="135">
</dataflow>
<dataflow id="466" from="in_1_1_39" to="in_1_1" fromId="150" toId="137">
<BackEdge/>
<condition id="148">
<or_exp><and_exp></and_exp></or_exp>
</condition>
</dataflow>
<dataflow id="467" from="StgValue_157" to="in_1_1" fromId="157" toId="137">
<BackEdge/>
</dataflow>
<dataflow id="468" from="in_1" to="in_1_1" fromId="117" toId="137">
<condition id="149">
<or_exp><and_exp><literal name="tmp_11" val="0"/>
</and_exp></or_exp>
</condition>
</dataflow>
<dataflow id="469" from="StgValue_125" to="in_1_1" fromId="125" toId="137">
</dataflow>
<dataflow id="470" from="in_0_1_38" to="in_0_1" fromId="149" toId="138">
<BackEdge/>
<condition id="150">
<or_exp><and_exp></and_exp></or_exp>
</condition>
</dataflow>
<dataflow id="471" from="StgValue_157" to="in_0_1" fromId="157" toId="138">
<BackEdge/>
</dataflow>
<dataflow id="472" from="in" to="in_0_1" fromId="118" toId="138">
<condition id="151">
<or_exp><and_exp><literal name="tmp_11" val="0"/>
</and_exp></or_exp>
</condition>
</dataflow>
<dataflow id="473" from="StgValue_125" to="in_0_1" fromId="125" toId="138">
</dataflow>
<dataflow id="474" from="i_6" to="i_2" fromId="146" toId="139">
<BackEdge/>
<condition id="152">
<or_exp><and_exp></and_exp></or_exp>
</condition>
</dataflow>
<dataflow id="475" from="StgValue_157" to="i_2" fromId="157" toId="139">
<BackEdge/>
</dataflow>
<dataflow id="476" from="StgValue_219" to="i_2" fromId="219" toId="139">
<condition id="153">
<or_exp><and_exp><literal name="tmp_11" val="0"/>
</and_exp></or_exp>
</condition>
</dataflow>
<dataflow id="477" from="StgValue_125" to="i_2" fromId="125" toId="139">
</dataflow>
<dataflow id="478" from="i_2" to="i_2_cast1" fromId="139" toId="140">
</dataflow>
<dataflow id="480" from="_ssdm_op_BitSelect.i1.i11.i32" to="tmp" fromId="479" toId="141">
</dataflow>
<dataflow id="481" from="i_2" to="tmp" fromId="139" toId="141">
</dataflow>
<dataflow id="483" from="StgValue_482" to="tmp" fromId="482" toId="141">
</dataflow>
<dataflow id="484" from="_ssdm_op_SpecLoopTripCount" to="empty_37" fromId="200" toId="142">
</dataflow>
<dataflow id="486" from="StgValue_485" to="empty_37" fromId="485" toId="142">
</dataflow>
<dataflow id="487" from="StgValue_485" to="empty_37" fromId="485" toId="142">
</dataflow>
<dataflow id="488" from="StgValue_485" to="empty_37" fromId="485" toId="142">
</dataflow>
<dataflow id="489" from="tmp" to="StgValue_143" fromId="141" toId="143">
</dataflow>
<dataflow id="490" from="BF_encrypt" to="call_ret1" fromId="437" toId="144">
</dataflow>
<dataflow id="491" from="in_0_1" to="call_ret1" fromId="138" toId="144">
</dataflow>
<dataflow id="492" from="in_1_1" to="call_ret1" fromId="137" toId="144">
</dataflow>
<dataflow id="493" from="key_S" to="call_ret1" fromId="186" toId="144">
</dataflow>
<dataflow id="494" from="key_P" to="call_ret1" fromId="184" toId="144">
</dataflow>
<dataflow id="495" from="i_2" to="tmp_16" fromId="139" toId="145">
</dataflow>
<dataflow id="497" from="StgValue_496" to="i_6" fromId="496" toId="146">
</dataflow>
<dataflow id="498" from="i_2" to="i_6" fromId="139" toId="146">
</dataflow>
<dataflow id="499" from="BF_encrypt" to="call_ret1" fromId="437" toId="148">
</dataflow>
<dataflow id="500" from="in_0_1" to="call_ret1" fromId="138" toId="148">
</dataflow>
<dataflow id="501" from="in_1_1" to="call_ret1" fromId="137" toId="148">
</dataflow>
<dataflow id="502" from="key_S" to="call_ret1" fromId="186" toId="148">
</dataflow>
<dataflow id="503" from="key_P" to="call_ret1" fromId="184" toId="148">
</dataflow>
<dataflow id="504" from="call_ret1" to="in_0_1_38" fromId="148" toId="149">
</dataflow>
<dataflow id="505" from="call_ret1" to="in_1_1_39" fromId="148" toId="150">
</dataflow>
<dataflow id="506" from="key_S" to="key_S_addr" fromId="186" toId="151">
</dataflow>
<dataflow id="507" from="StgValue_194" to="key_S_addr" fromId="194" toId="151">
</dataflow>
<dataflow id="508" from="i_2_cast1" to="key_S_addr" fromId="140" toId="151">
</dataflow>
<dataflow id="509" from="in_0_1_38" to="StgValue_152" fromId="149" toId="152">
</dataflow>
<dataflow id="510" from="key_S_addr" to="StgValue_152" fromId="151" toId="152">
</dataflow>
<dataflow id="511" from="tmp_16" to="tmp_17" fromId="145" toId="153">
</dataflow>
<dataflow id="513" from="StgValue_512" to="tmp_17" fromId="512" toId="153">
</dataflow>
<dataflow id="514" from="tmp_17" to="tmp_20_cast" fromId="153" toId="154">
</dataflow>
<dataflow id="515" from="key_S" to="key_S_addr_1" fromId="186" toId="155">
</dataflow>
<dataflow id="516" from="StgValue_194" to="key_S_addr_1" fromId="194" toId="155">
</dataflow>
<dataflow id="517" from="tmp_20_cast" to="key_S_addr_1" fromId="154" toId="155">
</dataflow>
<dataflow id="518" from="in_1_1_39" to="StgValue_156" fromId="150" toId="156">
</dataflow>
<dataflow id="519" from="key_S_addr_1" to="StgValue_156" fromId="155" toId="156">
</dataflow>
<dataflow id="520" from="exitcond1" to="StgValue_2" fromId="22" toId="2">
</dataflow>
<dataflow id="521" from="exitcond2" to="StgValue_4" fromId="35" toId="4">
</dataflow>
<dataflow id="522" from="exitcond" to="StgValue_6" fromId="46" toId="6">
</dataflow>
<dataflow id="523" from="ptr_cmp1" to="StgValue_8" fromId="71" toId="8">
</dataflow>
<dataflow id="524" from="ptr_cmp" to="StgValue_8" fromId="61" toId="8">
</dataflow>
<dataflow id="525" from="ptr_cmp2" to="StgValue_8" fromId="73" toId="8">
</dataflow>
<dataflow id="526" from="ptr_cmp5" to="StgValue_8" fromId="79" toId="8">
</dataflow>
<dataflow id="527" from="ptr_cmp3" to="StgValue_8" fromId="75" toId="8">
</dataflow>
<dataflow id="528" from="tmp_11" to="StgValue_10" fromId="121" toId="10">
</dataflow>
<dataflow id="529" from="tmp" to="StgValue_13" fromId="141" toId="13">
</dataflow>
</dataflows>


</stg>
