<profile>

<section name = "Vivado HLS Report for 'blowfish_main'" level="0">
<item name = "Date">Wed Mar 31 12:25:50 2021
</item>
<item name = "Version">2017.2 (Build 1909853 on Thu Jun 15 18:55:24 MDT 2017)</item>
<item name = "Project">pro</item>
<item name = "Solution">solution2</item>
<item name = "Product family">zynq</item>
<item name = "Target device">xc7z020clg484-1</item>
</section>

<section name = "Performance Estimates" level="0">
<item name = "Timing (ns)">
<section name = "" level="1">
<item name = "Summary"><table name="" hasTotal="0">
<keys size="4">Clock, Target, Estimated, Uncertainty</keys>
<column name="ap_clk">10.00, 8.22, 1.25</column>
</table>
</item>
</section>
</item>
<item name = "Latency (clock cycles)">
<section name = "" level="1">
<item name = "Summary"><table name="" hasTotal="0">
<keys size="6">, min, max, min, max, Type</keys>
<column name="">?, ?, ?, ?, none</column>
</table>
</item>
<item name = "Detail">
<section name = "" level="1">
<item name = "Instance"><table name="" hasTotal="0">
<keys size="7">Instance, Module, min, max, min, max, Type</keys>
<column name="grp_BF_set_key_fu_233">BF_set_key, 28732, 28732, 28732, 28732, none</column>
<column name="grp_BF_cfb64_encrypt_fu_247">BF_cfb64_encrypt, ?, ?, ?, ?, none</column>
</table>
</item>
<item name = "Loop"><table name="" hasTotal="0">
<keys size="8">Loop Name, min, max, Latency, achieved, target, Count, Pipelined</keys>
<column name="- Loop 1">8, 8, 1, 1, 1, 8, yes</column>
<column name="- Loop 2">?, ?, ?, -, -, ?, no</column>
<column name=" + Loop 2.1">?, ?, 2, -, -, ?, no</column>
<column name=" + Loop 2.2">?, ?, 3, -, -, ?, no</column>
</table>
</item>
</section>
</item>
</section>
</item>
</section>

<section name = "Utilization Estimates" level="0">
<item name = "Summary"><table name="" hasTotal="1">
<keys size="5">Name, BRAM_18K, DSP48E, FF, LUT</keys>
<column name="DSP">-, -, -, -</column>
<column name="Expression">-, -, 649, 455</column>
<column name="FIFO">-, -, -, -</column>
<column name="Instance">2, -, 19663, 15371</column>
<column name="Memory">13, -, 46, 11</column>
<column name="Multiplexer">-, -, -, 449</column>
<column name="Register">-, -, 507, -</column>
<specialColumn name="Available">280, 220, 106400, 53200</specialColumn>
<specialColumn name="Utilization (%)">5, 0, 19, 30</specialColumn>
</table>
</item>
<item name = "Detail">
<section name = "" level="1">
<item name = "Instance"><table name="" hasTotal="1">
<keys size="6">Instance, Module, BRAM_18K, DSP48E, FF, LUT</keys>
<column name="grp_BF_cfb64_encrypt_fu_247">BF_cfb64_encrypt, 0, 0, 9601, 7299</column>
<column name="grp_BF_set_key_fu_233">BF_set_key, 2, 0, 10062, 8072</column>
</table>
</item>
<item name = "DSP48"><table name="" hasTotal="0">
<keys size="3">Instance, Module, Expression</keys>
</table>
</item>
<item name = "Memory"><table name="" hasTotal="1">
<keys size="9">Memory, Module, BRAM_18K, FF, LUT, Words, Bits, Banks, W*Bits*Banks</keys>
<column name="in_key_U">blowfish_main_in_dEe, 4, 0, 0, 5200, 7, 1, 36400</column>
<column name="indata_U">blowfish_main_indfYi, 0, 14, 5, 40, 7, 1, 280</column>
<column name="ivec_U">blowfish_main_ivec, 1, 0, 0, 8, 8, 1, 64</column>
<column name="key_P_U">blowfish_main_key_P, 2, 0, 0, 18, 32, 1, 576</column>
<column name="key_S_U">blowfish_main_key_S, 2, 0, 0, 1024, 32, 1, 32768</column>
<column name="out_key_U">blowfish_main_outeOg, 4, 0, 0, 5200, 8, 1, 41600</column>
<column name="outdata_U">blowfish_main_outg8j, 0, 16, 5, 40, 8, 1, 320</column>
<column name="ukey_U">blowfish_main_ukey, 0, 16, 1, 8, 8, 1, 64</column>
</table>
</item>
<item name = "FIFO"><table name="" hasTotal="1">
<keys size="7">Name, BRAM_18K, FF, LUT, Depth, Bits, Size:D*B</keys>
</table>
</item>
<item name = "Expression"><table name="" hasTotal="1">
<keys size="7">Variable Name, Operation, DSP48E, FF, LUT, Bitwidth P0, Bitwidth P1</keys>
<column name="check_1_fu_398_p2">+, 0, 101, 37, 32, 32</column>
<column name="i_1_fu_270_p2">+, 0, 17, 9, 4, 1</column>
<column name="j_1_fu_377_p2">+, 0, 101, 37, 32, 1</column>
<column name="tmp_1_fu_304_p2">+, 0, 0, 32, 2, 32</column>
<column name="tmp_3_cast_fu_314_p2">+, 0, 26, 12, 6, 7</column>
<column name="tmp_3_fu_292_p2">+, 0, 101, 37, 14, 32</column>
<column name="tmp_5_fu_383_p2">+, 0, 101, 37, 32, 1</column>
<column name="tmp_7_fu_343_p2">+, 0, 0, 32, 2, 32</column>
<column name="tmp_9_fu_366_p2">+, 0, 101, 37, 32, 1</column>
<column name="tmp_s_fu_360_p2">+, 0, 101, 37, 32, 1</column>
<column name="k_2_fu_337_p2">-, 0, 0, 32, 32, 32</column>
<column name="tmp_8_fu_349_p2">-, 0, 0, 32, 32, 32</column>
<column name="exitcond1_fu_264_p2">icmp, 0, 0, 2, 4, 5</column>
<column name="exitcond2_fu_355_p2">icmp, 0, 0, 16, 32, 32</column>
<column name="exitcond_fu_372_p2">icmp, 0, 0, 16, 32, 32</column>
<column name="tmp_4_fu_298_p2">icmp, 0, 0, 16, 32, 7</column>
<column name="tmp_6_fu_389_p2">icmp, 0, 0, 4, 8, 8</column>
<column name="tmp_fu_286_p2">icmp, 0, 0, 16, 32, 13</column>
<column name="umax_fu_320_p3">select, 0, 0, 7, 1, 7</column>
<column name="i_3_fu_331_p2">xor, 0, 0, 7, 7, 2</column>
</table>
</item>
<item name = "Multiplexer"><table name="" hasTotal="1">
<keys size="5">Name, LUT, Input Size, Bits, Total Bits</keys>
<column name="ap_NS_fsm">65, 13, 1, 13</column>
<column name="check_fu_76">9, 2, 32, 64</column>
<column name="i_2_reg_197">9, 2, 32, 64</column>
<column name="i_reg_139">9, 2, 4, 8</column>
<column name="indata_address0">15, 3, 6, 18</column>
<column name="indata_ce0">15, 3, 1, 3</column>
<column name="ivec_address0">15, 3, 3, 9</column>
<column name="ivec_ce0">15, 3, 1, 3</column>
<column name="ivec_ce1">9, 2, 1, 2</column>
<column name="ivec_d0">15, 3, 8, 24</column>
<column name="ivec_we0">15, 3, 1, 3</column>
<column name="ivec_we1">9, 2, 1, 2</column>
<column name="j_reg_221">9, 2, 32, 64</column>
<column name="k_1_reg_186">9, 2, 32, 64</column>
<column name="k_reg_174">9, 2, 32, 64</column>
<column name="key_P_address0">15, 3, 5, 15</column>
<column name="key_P_address1">15, 3, 5, 15</column>
<column name="key_P_ce0">15, 3, 1, 3</column>
<column name="key_P_ce1">15, 3, 1, 3</column>
<column name="key_P_we0">9, 2, 1, 2</column>
<column name="key_P_we1">9, 2, 1, 2</column>
<column name="key_S_address0">15, 3, 10, 30</column>
<column name="key_S_address1">15, 3, 10, 30</column>
<column name="key_S_ce0">15, 3, 1, 3</column>
<column name="key_S_ce1">15, 3, 1, 3</column>
<column name="key_S_we0">9, 2, 1, 2</column>
<column name="key_S_we1">9, 2, 1, 2</column>
<column name="l_1_reg_210">9, 2, 32, 64</column>
<column name="l_reg_162">9, 2, 32, 64</column>
<column name="num_reg_150">9, 2, 32, 64</column>
<column name="outdata_address0">15, 3, 6, 18</column>
<column name="outdata_ce0">15, 3, 1, 3</column>
<column name="outdata_we0">9, 2, 1, 2</column>
</table>
</item>
<item name = "Register"><table name="" hasTotal="1">
<keys size="5">Name, FF, LUT, Bits, Const Bits</keys>
<column name="ap_CS_fsm">12, 0, 12, 0</column>
<column name="ap_reg_grp_BF_cfb64_encrypt_fu_247_ap_start">1, 0, 1, 0</column>
<column name="ap_reg_grp_BF_set_key_fu_233_ap_start">1, 0, 1, 0</column>
<column name="check_fu_76">32, 0, 32, 0</column>
<column name="i_2_reg_197">32, 0, 32, 0</column>
<column name="i_3_reg_432">7, 0, 7, 0</column>
<column name="i_reg_139">4, 0, 4, 0</column>
<column name="j_1_reg_475">32, 0, 32, 0</column>
<column name="j_reg_221">32, 0, 32, 0</column>
<column name="k_1_reg_186">32, 0, 32, 0</column>
<column name="k_2_reg_437">32, 0, 32, 0</column>
<column name="k_reg_174">32, 0, 32, 0</column>
<column name="l_1_reg_210">32, 0, 32, 0</column>
<column name="l_reg_162">32, 0, 32, 0</column>
<column name="num_1_reg_467">32, 0, 32, 0</column>
<column name="num_reg_150">32, 0, 32, 0</column>
<column name="tmp_4_reg_427">1, 0, 1, 0</column>
<column name="tmp_5_reg_485">32, 0, 32, 0</column>
<column name="tmp_6_reg_495">1, 0, 1, 0</column>
<column name="tmp_8_reg_443">32, 0, 32, 0</column>
<column name="tmp_9_reg_457">32, 0, 32, 0</column>
<column name="tmp_s_reg_452">32, 0, 32, 0</column>
</table>
</item>
</section>
</item>
</section>

<section name = "Interface" level="0">
<item name = "Summary"><table name="" hasTotal="0">
<keys size="6">RTL Ports, Dir, Bits, Protocol, Source Object, C Type</keys>
<column name="ap_clk">in, 1, ap_ctrl_hs, blowfish_main, return value</column>
<column name="ap_rst">in, 1, ap_ctrl_hs, blowfish_main, return value</column>
<column name="ap_start">in, 1, ap_ctrl_hs, blowfish_main, return value</column>
<column name="ap_done">out, 1, ap_ctrl_hs, blowfish_main, return value</column>
<column name="ap_idle">out, 1, ap_ctrl_hs, blowfish_main, return value</column>
<column name="ap_ready">out, 1, ap_ctrl_hs, blowfish_main, return value</column>
<column name="ap_return">out, 32, ap_ctrl_hs, blowfish_main, return value</column>
</table>
</item>
</section>
</profile>
