<stg><name>blowfish_main</name>


<trans_list>

<trans id="89" from="1" to="2">
<condition id="35">
<or_exp><and_exp></and_exp></or_exp>
</condition>
</trans>

<trans id="109" from="2" to="3">
<condition id="62">
<or_exp><and_exp><literal name="exitcond1" val="1"/>
</and_exp></or_exp>
</condition>
</trans>

<trans id="110" from="2" to="2">
<condition id="63">
<or_exp><and_exp><literal name="exitcond1" val="0"/>
</and_exp></or_exp>
</condition>
</trans>

<trans id="92" from="3" to="4">
<condition id="40">
<or_exp><and_exp></and_exp></or_exp>
</condition>
</trans>

<trans id="93" from="4" to="5">
<condition id="42">
<or_exp><and_exp></and_exp></or_exp>
</condition>
</trans>

<trans id="94" from="5" to="6">
<condition id="43">
<or_exp><and_exp><literal name="tmp" val="1"/>
</and_exp></or_exp>
</condition>
</trans>

<trans id="96" from="6" to="7">
<condition id="46">
<or_exp><and_exp></and_exp></or_exp>
</condition>
</trans>

<trans id="97" from="7" to="8">
<condition id="48">
<or_exp><and_exp><literal name="exitcond2" val="0"/>
</and_exp></or_exp>
</condition>
</trans>

<trans id="98" from="7" to="9">
<condition id="47">
<or_exp><and_exp><literal name="exitcond2" val="1"/>
</and_exp></or_exp>
</condition>
</trans>

<trans id="100" from="8" to="7">
<condition id="51">
<or_exp><and_exp></and_exp></or_exp>
</condition>
</trans>

<trans id="102" from="9" to="10">
<condition id="54">
<or_exp><and_exp></and_exp></or_exp>
</condition>
</trans>

<trans id="103" from="10" to="11">
<condition id="55">
<or_exp><and_exp><literal name="exitcond" val="0"/>
</and_exp></or_exp>
</condition>
</trans>

<trans id="107" from="10" to="5">
<condition id="61">
<or_exp><and_exp><literal name="exitcond" val="1"/>
</and_exp></or_exp>
</condition>
</trans>

<trans id="105" from="11" to="12">
<condition id="57">
<or_exp><and_exp></and_exp></or_exp>
</condition>
</trans>

<trans id="106" from="12" to="10">
<condition id="59">
<or_exp><and_exp></and_exp></or_exp>
</condition>
</trans>
</trans_list>



<state_list>

<state id="1" st_id="1">

<operation id="13" st_id="1" stage="1" lat="1">
<core>NULL</core>
<MemPortIdVec></MemPortIdVec>
<condition id="9">
<or_exp><and_exp></and_exp></or_exp>
</condition>

<Node id="8" bw="0" op_0_bw="0" op_1_bw="32">
<![CDATA[
:0  call void (...)* @_ssdm_op_SpecBitsMap(i32 0) nounwind, !map !44

]]></Node>
<StgValue><ssdm name=""/></StgValue>
</operation>

<operation id="14" st_id="1" stage="1" lat="1">
<core>NULL</core>
<MemPortIdVec></MemPortIdVec>
<condition id="9">
<or_exp><and_exp></and_exp></or_exp>
</condition>

<Node id="9" bw="0" op_0_bw="0" op_1_bw="0">
<![CDATA[
:1  call void (...)* @_ssdm_op_SpecTopModule([14 x i8]* @blowfish_main_str) nounwind

]]></Node>
<StgValue><ssdm name=""/></StgValue>
</operation>

<operation id="15" st_id="1" stage="1" lat="1">
<core>RAM</core>
<MemPortIdVec></MemPortIdVec>
<condition id="9">
<or_exp><and_exp></and_exp></or_exp>
</condition>

<Node id="10" bw="7" op_0_bw="32">
<![CDATA[
:2  %indata = alloca [40 x i7], align 1

]]></Node>
<StgValue><ssdm name="indata"/><MemPortTyVec>2 3 </MemPortTyVec>
</StgValue>
</operation>

<operation id="16" st_id="1" stage="1" lat="1">
<core>RAM</core>
<MemPortIdVec></MemPortIdVec>
<condition id="9">
<or_exp><and_exp></and_exp></or_exp>
</condition>

<Node id="11" bw="8" op_0_bw="32">
<![CDATA[
:3  %outdata = alloca [40 x i8], align 1

]]></Node>
<StgValue><ssdm name="outdata"/><MemPortTyVec>2 3 </MemPortTyVec>
</StgValue>
</operation>

<operation id="17" st_id="1" stage="1" lat="1">
<core>RAM</core>
<MemPortIdVec></MemPortIdVec>
<condition id="9">
<or_exp><and_exp></and_exp></or_exp>
</condition>

<Node id="12" bw="8" op_0_bw="32">
<![CDATA[
:4  %ivec = alloca [8 x i8], align 1

]]></Node>
<StgValue><ssdm name="ivec"/><MemPortTyVec>2 2 </MemPortTyVec>
</StgValue>
</operation>

<operation id="18" st_id="1" stage="1" lat="1">
<core>NULL</core>
<MemPortIdVec></MemPortIdVec>
<condition id="9">
<or_exp><and_exp></and_exp></or_exp>
</condition>

<Node id="13" bw="0" op_0_bw="0">
<![CDATA[
:5  br label %1

]]></Node>
<StgValue><ssdm name=""/></StgValue>
</operation>
</state>

<state id="2" st_id="2">

<operation id="19" st_id="2" stage="1" lat="1">
<core>NULL</core>
<MemPortIdVec></MemPortIdVec>
<condition id="10">
<or_exp><and_exp></and_exp></or_exp>
</condition>

<Node id="15" bw="4" op_0_bw="4" op_1_bw="0">
<![CDATA[
:0  %i = phi i4 [ 0, %0 ], [ %i_1, %2 ]

]]></Node>
<StgValue><ssdm name="i"/></StgValue>
</operation>

<operation id="20" st_id="2" stage="1" lat="1">
<core>Cmp</core>
<MemPortIdVec></MemPortIdVec>
<condition id="10">
<or_exp><and_exp></and_exp></or_exp>
</condition>

<Node id="16" bw="1" op_0_bw="4" op_1_bw="4">
<![CDATA[
:1  %exitcond1 = icmp eq i4 %i, -8

]]></Node>
<StgValue><ssdm name="exitcond1"/></StgValue>
</operation>

<operation id="21" st_id="2" stage="1" lat="1">
<core>AddSub</core>
<MemPortIdVec></MemPortIdVec>
<condition id="10">
<or_exp><and_exp></and_exp></or_exp>
</condition>

<Node id="17" bw="4" op_0_bw="4" op_1_bw="4">
<![CDATA[
:2  %i_1 = add i4 %i, 1

]]></Node>
<StgValue><ssdm name="i_1"/></StgValue>
</operation>

<operation id="22" st_id="2" stage="1" lat="1">
<core>NULL</core>
<MemPortIdVec></MemPortIdVec>
<condition id="10">
<or_exp><and_exp></and_exp></or_exp>
</condition>

<Node id="18" bw="0" op_0_bw="1" op_1_bw="0" op_2_bw="0">
<![CDATA[
:3  br i1 %exitcond1, label %3, label %2

]]></Node>
<StgValue><ssdm name=""/></StgValue>
</operation>

<operation id="23" st_id="2" stage="1" lat="1">
<core>NULL</core>
<MemPortIdVec></MemPortIdVec>
<condition id="11">
<or_exp><and_exp><literal name="exitcond1" val="0"/>
</and_exp></or_exp>
</condition>

<Node id="20" bw="32" op_0_bw="4">
<![CDATA[
:0  %i_cast1 = zext i4 %i to i32

]]></Node>
<StgValue><ssdm name="i_cast1"/></StgValue>
</operation>

<operation id="24" st_id="2" stage="1" lat="1">
<core>NULL</core>
<MemPortIdVec></MemPortIdVec>
<condition id="11">
<or_exp><and_exp><literal name="exitcond1" val="0"/>
</and_exp></or_exp>
</condition>

<Node id="21" bw="32" op_0_bw="32" op_1_bw="64" op_2_bw="64" op_3_bw="64">
<![CDATA[
:1  %empty = call i32 (...)* @_ssdm_op_SpecLoopTripCount(i64 8, i64 8, i64 8) nounwind

]]></Node>
<StgValue><ssdm name="empty"/></StgValue>
</operation>

<operation id="25" st_id="2" stage="1" lat="1">
<core>NULL</core>
<MemPortIdVec></MemPortIdVec>
<condition id="11">
<or_exp><and_exp><literal name="exitcond1" val="0"/>
</and_exp></or_exp>
</condition>

<Node id="22" bw="32" op_0_bw="32" op_1_bw="0">
<![CDATA[
:2  %tmp_2 = call i32 (...)* @_ssdm_op_SpecRegionBegin([12 x i8]* @p_str) nounwind

]]></Node>
<StgValue><ssdm name="tmp_2"/></StgValue>
</operation>

<operation id="26" st_id="2" stage="1" lat="1">
<core>NULL</core>
<MemPortIdVec></MemPortIdVec>
<condition id="11">
<or_exp><and_exp><literal name="exitcond1" val="0"/>
</and_exp></or_exp>
</condition>

<Node id="23" bw="0" op_0_bw="0" op_1_bw="32" op_2_bw="32" op_3_bw="32" op_4_bw="32" op_5_bw="0">
<![CDATA[
:3  call void (...)* @_ssdm_op_SpecPipeline(i32 1, i32 1, i32 1, i32 0, [1 x i8]* @p_str1) nounwind

]]></Node>
<StgValue><ssdm name=""/></StgValue>
</operation>

<operation id="27" st_id="2" stage="1" lat="1">
<core>NULL</core>
<MemPortIdVec></MemPortIdVec>
<condition id="11">
<or_exp><and_exp><literal name="exitcond1" val="0"/>
</and_exp></or_exp>
</condition>

<Node id="24" bw="3" op_0_bw="8" op_1_bw="32" op_2_bw="32">
<![CDATA[
:4  %ivec_addr = getelementptr inbounds [8 x i8]* %ivec, i32 0, i32 %i_cast1

]]></Node>
<StgValue><ssdm name="ivec_addr"/></StgValue>
</operation>

<operation id="28" st_id="2" stage="1" lat="1">
<core>RAM</core>
<MemPortIdVec>0 </MemPortIdVec>
<condition id="11">
<or_exp><and_exp><literal name="exitcond1" val="0"/>
</and_exp></or_exp>
</condition>

<Node id="25" bw="0" op_0_bw="8" op_1_bw="3">
<![CDATA[
:5  store i8 0, i8* %ivec_addr, align 1

]]></Node>
<StgValue><ssdm name=""/></StgValue>
</operation>

<operation id="29" st_id="2" stage="1" lat="1">
<core>NULL</core>
<MemPortIdVec></MemPortIdVec>
<condition id="11">
<or_exp><and_exp><literal name="exitcond1" val="0"/>
</and_exp></or_exp>
</condition>

<Node id="26" bw="32" op_0_bw="32" op_1_bw="0" op_2_bw="32">
<![CDATA[
:6  %empty_9 = call i32 (...)* @_ssdm_op_SpecRegionEnd([12 x i8]* @p_str, i32 %tmp_2) nounwind

]]></Node>
<StgValue><ssdm name="empty_9"/></StgValue>
</operation>

<operation id="30" st_id="2" stage="1" lat="1">
<core>NULL</core>
<MemPortIdVec></MemPortIdVec>
<condition id="11">
<or_exp><and_exp><literal name="exitcond1" val="0"/>
</and_exp></or_exp>
</condition>

<Node id="27" bw="0" op_0_bw="0">
<![CDATA[
:7  br label %1

]]></Node>
<StgValue><ssdm name=""/></StgValue>
</operation>
</state>

<state id="3" st_id="3">

<operation id="31" st_id="3" stage="1" lat="1">
<core>NULL</core>
<MemPortIdVec></MemPortIdVec>
<condition id="12">
<or_exp><and_exp></and_exp></or_exp>
</condition>

<Node id="29" bw="32" op_0_bw="32">
<![CDATA[
:0  %check = alloca i32

]]></Node>
<StgValue><ssdm name="check"/></StgValue>
</operation>

<operation id="32" st_id="3" stage="2" lat="2">
<core></core>
<MemPortIdVec></MemPortIdVec>
<condition id="12">
<or_exp><and_exp></and_exp></or_exp>
</condition>

<Node id="30" bw="0" op_0_bw="0" op_1_bw="8">
<![CDATA[
:1  call fastcc void @BF_set_key([8 x i8]* @ukey) nounwind

]]></Node>
<StgValue><ssdm name=""/></StgValue>
</operation>

<operation id="33" st_id="3" stage="1" lat="1">
<core>NULL</core>
<MemPortIdVec></MemPortIdVec>
<condition id="12">
<or_exp><and_exp></and_exp></or_exp>
</condition>

<Node id="31" bw="0" op_0_bw="32" op_1_bw="32">
<![CDATA[
:2  store i32 0, i32* %check

]]></Node>
<StgValue><ssdm name=""/></StgValue>
</operation>
</state>

<state id="4" st_id="4">

<operation id="34" st_id="4" stage="1" lat="2">
<core></core>
<MemPortIdVec></MemPortIdVec>
<condition id="13">
<or_exp><and_exp></and_exp></or_exp>
</condition>

<Node id="30" bw="0" op_0_bw="0" op_1_bw="8">
<![CDATA[
:1  call fastcc void @BF_set_key([8 x i8]* @ukey) nounwind

]]></Node>
<StgValue><ssdm name=""/></StgValue>
</operation>

<operation id="35" st_id="4" stage="1" lat="1">
<core>NULL</core>
<MemPortIdVec></MemPortIdVec>
<condition id="13">
<or_exp><and_exp></and_exp></or_exp>
</condition>

<Node id="32" bw="0" op_0_bw="0">
<![CDATA[
:3  br label %.loopexit

]]></Node>
<StgValue><ssdm name=""/></StgValue>
</operation>
</state>

<state id="5" st_id="5">

<operation id="36" st_id="5" stage="1" lat="1">
<core>NULL</core>
<MemPortIdVec></MemPortIdVec>
<condition id="14">
<or_exp><and_exp></and_exp></or_exp>
</condition>

<Node id="34" bw="32" op_0_bw="32" op_1_bw="0">
<![CDATA[
.loopexit:0  %num = phi i32 [ 0, %3 ], [ %num_1, %.loopexit.loopexit ]

]]></Node>
<StgValue><ssdm name="num"/></StgValue>
</operation>

<operation id="37" st_id="5" stage="1" lat="1">
<core>NULL</core>
<MemPortIdVec></MemPortIdVec>
<condition id="14">
<or_exp><and_exp></and_exp></or_exp>
</condition>

<Node id="35" bw="32" op_0_bw="32" op_1_bw="0">
<![CDATA[
.loopexit:1  %l = phi i32 [ 0, %3 ], [ %tmp_8, %.loopexit.loopexit ]

]]></Node>
<StgValue><ssdm name="l"/></StgValue>
</operation>

<operation id="38" st_id="5" stage="1" lat="1">
<core>NULL</core>
<MemPortIdVec></MemPortIdVec>
<condition id="14">
<or_exp><and_exp></and_exp></or_exp>
</condition>

<Node id="36" bw="32" op_0_bw="32" op_1_bw="0">
<![CDATA[
.loopexit:2  %k = phi i32 [ 0, %3 ], [ %k_2, %.loopexit.loopexit ]

]]></Node>
<StgValue><ssdm name="k"/></StgValue>
</operation>

<operation id="39" st_id="5" stage="1" lat="1">
<core>Cmp</core>
<MemPortIdVec></MemPortIdVec>
<condition id="14">
<or_exp><and_exp></and_exp></or_exp>
</condition>

<Node id="37" bw="1" op_0_bw="32" op_1_bw="32">
<![CDATA[
.loopexit:3  %tmp = icmp slt i32 %k, 5200

]]></Node>
<StgValue><ssdm name="tmp"/></StgValue>
</operation>

<operation id="40" st_id="5" stage="1" lat="1">
<core>NULL</core>
<MemPortIdVec></MemPortIdVec>
<condition id="14">
<or_exp><and_exp></and_exp></or_exp>
</condition>

<Node id="38" bw="0" op_0_bw="1" op_1_bw="0" op_2_bw="0">
<![CDATA[
.loopexit:4  br i1 %tmp, label %.preheader.preheader, label %8

]]></Node>
<StgValue><ssdm name=""/></StgValue>
</operation>

<operation id="41" st_id="5" stage="1" lat="1">
<core>AddSub</core>
<MemPortIdVec></MemPortIdVec>
<condition id="16">
<or_exp><and_exp><literal name="tmp" val="1"/>
</and_exp></or_exp>
</condition>

<Node id="42" bw="32" op_0_bw="32" op_1_bw="32">
<![CDATA[
.preheader.preheader:2  %tmp_3 = add i32 -5201, %k

]]></Node>
<StgValue><ssdm name="tmp_3"/></StgValue>
</operation>

<operation id="42" st_id="5" stage="1" lat="1">
<core>Cmp</core>
<MemPortIdVec></MemPortIdVec>
<condition id="16">
<or_exp><and_exp><literal name="tmp" val="1"/>
</and_exp></or_exp>
</condition>

<Node id="44" bw="1" op_0_bw="32" op_1_bw="32">
<![CDATA[
.preheader.preheader:4  %tmp_4 = icmp ugt i32 %tmp_3, -41

]]></Node>
<StgValue><ssdm name="tmp_4"/></StgValue>
</operation>

<operation id="43" st_id="5" stage="1" lat="1">
<core>NULL</core>
<MemPortIdVec></MemPortIdVec>
<condition id="18">
<or_exp><and_exp><literal name="tmp" val="0"/>
</and_exp></or_exp>
</condition>

<Node id="89" bw="32" op_0_bw="32">
<![CDATA[
:0  %check_load = load i32* %check

]]></Node>
<StgValue><ssdm name="check_load"/></StgValue>
</operation>

<operation id="44" st_id="5" stage="1" lat="1">
<core>NULL</core>
<MemPortIdVec></MemPortIdVec>
<condition id="18">
<or_exp><and_exp><literal name="tmp" val="0"/>
</and_exp></or_exp>
</condition>

<Node id="90" bw="0" op_0_bw="32">
<![CDATA[
:1  ret i32 %check_load

]]></Node>
<StgValue><ssdm name=""/></StgValue>
</operation>
</state>

<state id="6" st_id="6">

<operation id="45" st_id="6" stage="1" lat="1">
<core>TAddSub</core>
<MemPortIdVec></MemPortIdVec>
<condition id="19">
<or_exp><and_exp></and_exp></or_exp>
</condition>

<Node id="40" bw="32" op_0_bw="32" op_1_bw="32">
<![CDATA[
.preheader.preheader:0  %tmp_1 = add i32 -1, %k

]]></Node>
<StgValue><ssdm name="tmp_1"/></StgValue>
</operation>

<operation id="46" st_id="6" stage="1" lat="1">
<core>NULL</core>
<MemPortIdVec></MemPortIdVec>
<condition id="66">
<or_exp><and_exp><literal name="tmp_4" val="1"/>
</and_exp></or_exp>
</condition>

<Node id="41" bw="7" op_0_bw="32">
<![CDATA[
.preheader.preheader:1  %tmp_11 = trunc i32 %k to i7

]]></Node>
<StgValue><ssdm name="tmp_11"/></StgValue>
</operation>

<operation id="47" st_id="6" stage="1" lat="1">
<core>AddSub</core>
<MemPortIdVec></MemPortIdVec>
<condition id="65">
<or_exp><and_exp><literal name="tmp_4" val="1"/>
</and_exp></or_exp>
</condition>

<Node id="43" bw="7" op_0_bw="7" op_1_bw="7">
<![CDATA[
.preheader.preheader:3  %tmp_3_cast = add i7 47, %tmp_11

]]></Node>
<StgValue><ssdm name="tmp_3_cast"/></StgValue>
</operation>

<operation id="48" st_id="6" stage="1" lat="1">
<core>Sel</core>
<MemPortIdVec></MemPortIdVec>
<condition id="19">
<or_exp><and_exp></and_exp></or_exp>
</condition>

<Node id="45" bw="7" op_0_bw="1" op_1_bw="7" op_2_bw="7">
<![CDATA[
.preheader.preheader:5  %umax = select i1 %tmp_4, i7 %tmp_3_cast, i7 -41

]]></Node>
<StgValue><ssdm name="umax"/></StgValue>
</operation>

<operation id="49" st_id="6" stage="1" lat="1">
<core>NULL</core>
<MemPortIdVec></MemPortIdVec>
<condition id="19">
<or_exp><and_exp></and_exp></or_exp>
</condition>

<Node id="46" bw="32" op_0_bw="7">
<![CDATA[
.preheader.preheader:6  %umax_cast = sext i7 %umax to i32

]]></Node>
<StgValue><ssdm name="umax_cast"/></StgValue>
</operation>

<operation id="50" st_id="6" stage="1" lat="1">
<core>LogicGate</core>
<MemPortIdVec></MemPortIdVec>
<condition id="19">
<or_exp><and_exp></and_exp></or_exp>
</condition>

<Node id="47" bw="7" op_0_bw="7" op_1_bw="7">
<![CDATA[
.preheader.preheader:7  %i_3 = xor i7 %umax, -1

]]></Node>
<StgValue><ssdm name="i_3"/></StgValue>
</operation>

<operation id="51" st_id="6" stage="1" lat="1">
<core>TAddSub</core>
<MemPortIdVec></MemPortIdVec>
<condition id="19">
<or_exp><and_exp></and_exp></or_exp>
</condition>

<Node id="48" bw="32" op_0_bw="32" op_1_bw="32">
<![CDATA[
.preheader.preheader:8  %k_2 = sub i32 %tmp_1, %umax_cast

]]></Node>
<StgValue><ssdm name="k_2"/></StgValue>
</operation>

<operation id="52" st_id="6" stage="1" lat="1">
<core>TAddSub</core>
<MemPortIdVec></MemPortIdVec>
<condition id="19">
<or_exp><and_exp></and_exp></or_exp>
</condition>

<Node id="49" bw="32" op_0_bw="32" op_1_bw="32">
<![CDATA[
.preheader.preheader:9  %tmp_7 = add i32 -1, %l

]]></Node>
<StgValue><ssdm name="tmp_7"/></StgValue>
</operation>

<operation id="53" st_id="6" stage="1" lat="1">
<core>TAddSub</core>
<MemPortIdVec></MemPortIdVec>
<condition id="19">
<or_exp><and_exp></and_exp></or_exp>
</condition>

<Node id="50" bw="32" op_0_bw="32" op_1_bw="32">
<![CDATA[
.preheader.preheader:10  %tmp_8 = sub i32 %tmp_7, %umax_cast

]]></Node>
<StgValue><ssdm name="tmp_8"/></StgValue>
</operation>

<operation id="54" st_id="6" stage="1" lat="1">
<core>NULL</core>
<MemPortIdVec></MemPortIdVec>
<condition id="19">
<or_exp><and_exp></and_exp></or_exp>
</condition>

<Node id="51" bw="0" op_0_bw="0">
<![CDATA[
.preheader.preheader:11  br label %.preheader

]]></Node>
<StgValue><ssdm name=""/></StgValue>
</operation>
</state>

<state id="7" st_id="7">

<operation id="55" st_id="7" stage="1" lat="1">
<core>NULL</core>
<MemPortIdVec></MemPortIdVec>
<condition id="20">
<or_exp><and_exp></and_exp></or_exp>
</condition>

<Node id="53" bw="32" op_0_bw="32" op_1_bw="0">
<![CDATA[
.preheader:0  %k_1 = phi i32 [ %tmp_9, %4 ], [ %k, %.preheader.preheader ]

]]></Node>
<StgValue><ssdm name="k_1"/></StgValue>
</operation>

<operation id="56" st_id="7" stage="1" lat="1">
<core>NULL</core>
<MemPortIdVec></MemPortIdVec>
<condition id="20">
<or_exp><and_exp></and_exp></or_exp>
</condition>

<Node id="54" bw="32" op_0_bw="32" op_1_bw="0">
<![CDATA[
.preheader:1  %i_2 = phi i32 [ %tmp_s, %4 ], [ 0, %.preheader.preheader ]

]]></Node>
<StgValue><ssdm name="i_2"/></StgValue>
</operation>

<operation id="57" st_id="7" stage="1" lat="1">
<core>Cmp</core>
<MemPortIdVec></MemPortIdVec>
<condition id="20">
<or_exp><and_exp></and_exp></or_exp>
</condition>

<Node id="55" bw="1" op_0_bw="32" op_1_bw="32">
<![CDATA[
.preheader:2  %exitcond2 = icmp eq i32 %k_1, %k_2

]]></Node>
<StgValue><ssdm name="exitcond2"/></StgValue>
</operation>

<operation id="58" st_id="7" stage="1" lat="1">
<core>AddSub</core>
<MemPortIdVec></MemPortIdVec>
<condition id="20">
<or_exp><and_exp></and_exp></or_exp>
</condition>

<Node id="56" bw="32" op_0_bw="32" op_1_bw="32">
<![CDATA[
.preheader:3  %tmp_s = add nsw i32 %i_2, 1

]]></Node>
<StgValue><ssdm name="tmp_s"/></StgValue>
</operation>

<operation id="59" st_id="7" stage="1" lat="1">
<core>NULL</core>
<MemPortIdVec></MemPortIdVec>
<condition id="20">
<or_exp><and_exp></and_exp></or_exp>
</condition>

<Node id="57" bw="0" op_0_bw="1" op_1_bw="0" op_2_bw="0">
<![CDATA[
.preheader:4  br i1 %exitcond2, label %5, label %4

]]></Node>
<StgValue><ssdm name=""/></StgValue>
</operation>

<operation id="60" st_id="7" stage="1" lat="1">
<core>AddSub</core>
<MemPortIdVec></MemPortIdVec>
<condition id="22">
<or_exp><and_exp><literal name="exitcond2" val="0"/>
</and_exp></or_exp>
</condition>

<Node id="59" bw="32" op_0_bw="32" op_1_bw="32">
<![CDATA[
:0  %tmp_9 = add nsw i32 %k_1, 1

]]></Node>
<StgValue><ssdm name="tmp_9"/></StgValue>
</operation>

<operation id="61" st_id="7" stage="1" lat="1">
<core>NULL</core>
<MemPortIdVec></MemPortIdVec>
<condition id="22">
<or_exp><and_exp><literal name="exitcond2" val="0"/>
</and_exp></or_exp>
</condition>

<Node id="60" bw="13" op_0_bw="7" op_1_bw="32" op_2_bw="32">
<![CDATA[
:1  %in_key_addr = getelementptr [5200 x i7]* @in_key, i32 0, i32 %k_1

]]></Node>
<StgValue><ssdm name="in_key_addr"/></StgValue>
</operation>

<operation id="62" st_id="7" stage="2" lat="2">
<core>ROM_nP</core>
<MemPortIdVec>0 </MemPortIdVec>
<condition id="22">
<or_exp><and_exp><literal name="exitcond2" val="0"/>
</and_exp></or_exp>
</condition>

<Node id="61" bw="7" op_0_bw="13">
<![CDATA[
:2  %in_key_load = load i7* %in_key_addr, align 1

]]></Node>
<StgValue><ssdm name="in_key_load"/></StgValue>
</operation>

<operation id="63" st_id="7" stage="2" lat="2">
<core></core>
<MemPortIdVec></MemPortIdVec>
<condition id="24">
<or_exp><and_exp><literal name="exitcond2" val="1"/>
</and_exp></or_exp>
</condition>

<Node id="66" bw="32" op_0_bw="32" op_1_bw="7" op_2_bw="8" op_3_bw="7" op_4_bw="8" op_5_bw="32">
<![CDATA[
:0  %num_1 = call fastcc i32 @BF_cfb64_encrypt([40 x i7]* %indata, [40 x i8]* %outdata, i7 %i_3, [8 x i8]* %ivec, i32 %num) nounwind

]]></Node>
<StgValue><ssdm name="num_1"/></StgValue>
</operation>
</state>

<state id="8" st_id="8">

<operation id="64" st_id="8" stage="1" lat="2">
<core>ROM_nP</core>
<MemPortIdVec>0 </MemPortIdVec>
<condition id="25">
<or_exp><and_exp></and_exp></or_exp>
</condition>

<Node id="61" bw="7" op_0_bw="13">
<![CDATA[
:2  %in_key_load = load i7* %in_key_addr, align 1

]]></Node>
<StgValue><ssdm name="in_key_load"/></StgValue>
</operation>

<operation id="65" st_id="8" stage="1" lat="1">
<core>NULL</core>
<MemPortIdVec></MemPortIdVec>
<condition id="25">
<or_exp><and_exp></and_exp></or_exp>
</condition>

<Node id="62" bw="6" op_0_bw="7" op_1_bw="32" op_2_bw="32">
<![CDATA[
:3  %indata_addr = getelementptr [40 x i7]* %indata, i32 0, i32 %i_2

]]></Node>
<StgValue><ssdm name="indata_addr"/></StgValue>
</operation>

<operation id="66" st_id="8" stage="1" lat="1">
<core>RAM</core>
<MemPortIdVec>0 </MemPortIdVec>
<condition id="25">
<or_exp><and_exp></and_exp></or_exp>
</condition>

<Node id="63" bw="0" op_0_bw="7" op_1_bw="6">
<![CDATA[
:4  store i7 %in_key_load, i7* %indata_addr, align 1

]]></Node>
<StgValue><ssdm name=""/></StgValue>
</operation>

<operation id="67" st_id="8" stage="1" lat="1">
<core>NULL</core>
<MemPortIdVec></MemPortIdVec>
<condition id="25">
<or_exp><and_exp></and_exp></or_exp>
</condition>

<Node id="64" bw="0" op_0_bw="0">
<![CDATA[
:5  br label %.preheader

]]></Node>
<StgValue><ssdm name=""/></StgValue>
</operation>
</state>

<state id="9" st_id="9">

<operation id="68" st_id="9" stage="1" lat="2">
<core></core>
<MemPortIdVec></MemPortIdVec>
<condition id="26">
<or_exp><and_exp></and_exp></or_exp>
</condition>

<Node id="66" bw="32" op_0_bw="32" op_1_bw="7" op_2_bw="8" op_3_bw="7" op_4_bw="8" op_5_bw="32">
<![CDATA[
:0  %num_1 = call fastcc i32 @BF_cfb64_encrypt([40 x i7]* %indata, [40 x i8]* %outdata, i7 %i_3, [8 x i8]* %ivec, i32 %num) nounwind

]]></Node>
<StgValue><ssdm name="num_1"/></StgValue>
</operation>

<operation id="69" st_id="9" stage="1" lat="1">
<core>NULL</core>
<MemPortIdVec></MemPortIdVec>
<condition id="26">
<or_exp><and_exp></and_exp></or_exp>
</condition>

<Node id="67" bw="0" op_0_bw="0">
<![CDATA[
:1  br label %6

]]></Node>
<StgValue><ssdm name=""/></StgValue>
</operation>
</state>

<state id="10" st_id="10">

<operation id="70" st_id="10" stage="1" lat="1">
<core>NULL</core>
<MemPortIdVec></MemPortIdVec>
<condition id="27">
<or_exp><and_exp></and_exp></or_exp>
</condition>

<Node id="69" bw="32" op_0_bw="32" op_1_bw="0">
<![CDATA[
:0  %l_1 = phi i32 [ %l, %5 ], [ %tmp_5, %7 ]

]]></Node>
<StgValue><ssdm name="l_1"/></StgValue>
</operation>

<operation id="71" st_id="10" stage="1" lat="1">
<core>NULL</core>
<MemPortIdVec></MemPortIdVec>
<condition id="27">
<or_exp><and_exp></and_exp></or_exp>
</condition>

<Node id="70" bw="32" op_0_bw="32" op_1_bw="0">
<![CDATA[
:1  %j = phi i32 [ 0, %5 ], [ %j_1, %7 ]

]]></Node>
<StgValue><ssdm name="j"/></StgValue>
</operation>

<operation id="72" st_id="10" stage="1" lat="1">
<core>Cmp</core>
<MemPortIdVec></MemPortIdVec>
<condition id="27">
<or_exp><and_exp></and_exp></or_exp>
</condition>

<Node id="71" bw="1" op_0_bw="32" op_1_bw="32">
<![CDATA[
:2  %exitcond = icmp eq i32 %l_1, %tmp_8

]]></Node>
<StgValue><ssdm name="exitcond"/></StgValue>
</operation>

<operation id="73" st_id="10" stage="1" lat="1">
<core>AddSub</core>
<MemPortIdVec></MemPortIdVec>
<condition id="27">
<or_exp><and_exp></and_exp></or_exp>
</condition>

<Node id="72" bw="32" op_0_bw="32" op_1_bw="32">
<![CDATA[
:3  %j_1 = add nsw i32 %j, 1

]]></Node>
<StgValue><ssdm name="j_1"/></StgValue>
</operation>

<operation id="74" st_id="10" stage="1" lat="1">
<core>NULL</core>
<MemPortIdVec></MemPortIdVec>
<condition id="27">
<or_exp><and_exp></and_exp></or_exp>
</condition>

<Node id="73" bw="0" op_0_bw="1" op_1_bw="0" op_2_bw="0">
<![CDATA[
:4  br i1 %exitcond, label %.loopexit.loopexit, label %7

]]></Node>
<StgValue><ssdm name=""/></StgValue>
</operation>

<operation id="75" st_id="10" stage="1" lat="1">
<core>NULL</core>
<MemPortIdVec></MemPortIdVec>
<condition id="29">
<or_exp><and_exp><literal name="exitcond" val="0"/>
</and_exp></or_exp>
</condition>

<Node id="76" bw="6" op_0_bw="8" op_1_bw="32" op_2_bw="32">
<![CDATA[
:1  %outdata_addr = getelementptr inbounds [40 x i8]* %outdata, i32 0, i32 %j

]]></Node>
<StgValue><ssdm name="outdata_addr"/></StgValue>
</operation>

<operation id="76" st_id="10" stage="2" lat="2">
<core>RAM</core>
<MemPortIdVec>0 </MemPortIdVec>
<condition id="29">
<or_exp><and_exp><literal name="exitcond" val="0"/>
</and_exp></or_exp>
</condition>

<Node id="77" bw="8" op_0_bw="6">
<![CDATA[
:2  %outdata_load = load i8* %outdata_addr, align 1

]]></Node>
<StgValue><ssdm name="outdata_load"/></StgValue>
</operation>

<operation id="77" st_id="10" stage="1" lat="1">
<core>AddSub</core>
<MemPortIdVec></MemPortIdVec>
<condition id="29">
<or_exp><and_exp><literal name="exitcond" val="0"/>
</and_exp></or_exp>
</condition>

<Node id="78" bw="32" op_0_bw="32" op_1_bw="32">
<![CDATA[
:3  %tmp_5 = add nsw i32 %l_1, 1

]]></Node>
<StgValue><ssdm name="tmp_5"/></StgValue>
</operation>

<operation id="78" st_id="10" stage="1" lat="1">
<core>NULL</core>
<MemPortIdVec></MemPortIdVec>
<condition id="29">
<or_exp><and_exp><literal name="exitcond" val="0"/>
</and_exp></or_exp>
</condition>

<Node id="79" bw="13" op_0_bw="8" op_1_bw="32" op_2_bw="32">
<![CDATA[
:4  %out_key_addr = getelementptr inbounds [5200 x i8]* @out_key, i32 0, i32 %l_1

]]></Node>
<StgValue><ssdm name="out_key_addr"/></StgValue>
</operation>

<operation id="79" st_id="10" stage="2" lat="2">
<core>ROM_nP</core>
<MemPortIdVec>0 </MemPortIdVec>
<condition id="29">
<or_exp><and_exp><literal name="exitcond" val="0"/>
</and_exp></or_exp>
</condition>

<Node id="80" bw="8" op_0_bw="13">
<![CDATA[
:5  %out_key_load = load i8* %out_key_addr, align 1

]]></Node>
<StgValue><ssdm name="out_key_load"/></StgValue>
</operation>

<operation id="80" st_id="10" stage="1" lat="1">
<core>NULL</core>
<MemPortIdVec></MemPortIdVec>
<condition id="31">
<or_exp><and_exp><literal name="exitcond" val="1"/>
</and_exp></or_exp>
</condition>

<Node id="87" bw="0" op_0_bw="0">
<![CDATA[
.loopexit.loopexit:0  br label %.loopexit

]]></Node>
<StgValue><ssdm name=""/></StgValue>
</operation>
</state>

<state id="11" st_id="11">

<operation id="81" st_id="11" stage="1" lat="2">
<core>RAM</core>
<MemPortIdVec>0 </MemPortIdVec>
<condition id="32">
<or_exp><and_exp></and_exp></or_exp>
</condition>

<Node id="77" bw="8" op_0_bw="6">
<![CDATA[
:2  %outdata_load = load i8* %outdata_addr, align 1

]]></Node>
<StgValue><ssdm name="outdata_load"/></StgValue>
</operation>

<operation id="82" st_id="11" stage="1" lat="2">
<core>ROM_nP</core>
<MemPortIdVec>0 </MemPortIdVec>
<condition id="32">
<or_exp><and_exp></and_exp></or_exp>
</condition>

<Node id="80" bw="8" op_0_bw="13">
<![CDATA[
:5  %out_key_load = load i8* %out_key_addr, align 1

]]></Node>
<StgValue><ssdm name="out_key_load"/></StgValue>
</operation>

<operation id="83" st_id="11" stage="1" lat="1">
<core>Cmp</core>
<MemPortIdVec></MemPortIdVec>
<condition id="32">
<or_exp><and_exp></and_exp></or_exp>
</condition>

<Node id="81" bw="1" op_0_bw="8" op_1_bw="8">
<![CDATA[
:6  %tmp_6 = icmp ne i8 %outdata_load, %out_key_load

]]></Node>
<StgValue><ssdm name="tmp_6"/></StgValue>
</operation>
</state>

<state id="12" st_id="12">

<operation id="84" st_id="12" stage="1" lat="1">
<core>NULL</core>
<MemPortIdVec></MemPortIdVec>
<condition id="33">
<or_exp><and_exp></and_exp></or_exp>
</condition>

<Node id="75" bw="32" op_0_bw="32">
<![CDATA[
:0  %check_load_1 = load i32* %check

]]></Node>
<StgValue><ssdm name="check_load_1"/></StgValue>
</operation>

<operation id="85" st_id="12" stage="1" lat="1">
<core>NULL</core>
<MemPortIdVec></MemPortIdVec>
<condition id="33">
<or_exp><and_exp></and_exp></or_exp>
</condition>

<Node id="82" bw="32" op_0_bw="1">
<![CDATA[
:7  %tmp_10 = zext i1 %tmp_6 to i32

]]></Node>
<StgValue><ssdm name="tmp_10"/></StgValue>
</operation>

<operation id="86" st_id="12" stage="1" lat="1">
<core>AddSub</core>
<MemPortIdVec></MemPortIdVec>
<condition id="33">
<or_exp><and_exp></and_exp></or_exp>
</condition>

<Node id="83" bw="32" op_0_bw="32" op_1_bw="32">
<![CDATA[
:8  %check_1 = add nsw i32 %tmp_10, %check_load_1

]]></Node>
<StgValue><ssdm name="check_1"/></StgValue>
</operation>

<operation id="87" st_id="12" stage="1" lat="1">
<core>NULL</core>
<MemPortIdVec></MemPortIdVec>
<condition id="33">
<or_exp><and_exp></and_exp></or_exp>
</condition>

<Node id="84" bw="0" op_0_bw="32" op_1_bw="32">
<![CDATA[
:9  store i32 %check_1, i32* %check

]]></Node>
<StgValue><ssdm name=""/></StgValue>
</operation>

<operation id="88" st_id="12" stage="1" lat="1">
<core>NULL</core>
<MemPortIdVec></MemPortIdVec>
<condition id="33">
<or_exp><and_exp></and_exp></or_exp>
</condition>

<Node id="85" bw="0" op_0_bw="0">
<![CDATA[
:10  br label %6

]]></Node>
<StgValue><ssdm name=""/></StgValue>
</operation>
</state>
</state_list>


<ports>
<port id="111" name="bf_init_P" dir="0" iftype="1">
<core>ROM_nP</core><StgValue><ssdm name="bf_init_P"/><MemPortTyVec>1 </MemPortTyVec>
</StgValue>
</port>
<port id="112" name="key_P" dir="2" iftype="1">
<core>RAM</core><StgValue><ssdm name="key_P"/><MemPortTyVec>2 2 </MemPortTyVec>
</StgValue>
</port>
<port id="113" name="bf_init_S" dir="0" iftype="1">
<core>ROM_nP</core><StgValue><ssdm name="bf_init_S"/><MemPortTyVec>1 </MemPortTyVec>
</StgValue>
</port>
<port id="114" name="key_S" dir="2" iftype="1">
<core>RAM</core><StgValue><ssdm name="key_S"/><MemPortTyVec>2 2 </MemPortTyVec>
</StgValue>
</port>
<port id="115" name="ukey" dir="0" iftype="1">
<core>RAM</core><StgValue><ssdm name="ukey"/><MemPortTyVec>1 1 </MemPortTyVec>
</StgValue>
</port>
<port id="116" name="in_key" dir="0" iftype="1">
<core>ROM_nP</core><StgValue><ssdm name="in_key"/><MemPortTyVec>1 </MemPortTyVec>
</StgValue>
</port>
<port id="117" name="out_key" dir="0" iftype="1">
<core>ROM_nP</core><StgValue><ssdm name="out_key"/><MemPortTyVec>1 </MemPortTyVec>
</StgValue>
</port>
</ports>


<dataflows>
<dataflow id="119" from="_ssdm_op_SpecBitsMap" to="StgValue_13" fromId="118" toId="13">
</dataflow>
<dataflow id="121" from="StgValue_120" to="StgValue_13" fromId="120" toId="13">
</dataflow>
<dataflow id="123" from="_ssdm_op_SpecTopModule" to="StgValue_14" fromId="122" toId="14">
</dataflow>
<dataflow id="125" from="blowfish_main_str" to="StgValue_14" fromId="124" toId="14">
</dataflow>
<dataflow id="127" from="StgValue_126" to="indata" fromId="126" toId="15">
</dataflow>
<dataflow id="128" from="StgValue_126" to="outdata" fromId="126" toId="16">
</dataflow>
<dataflow id="129" from="StgValue_126" to="ivec" fromId="126" toId="17">
</dataflow>
<dataflow id="131" from="StgValue_130" to="i" fromId="130" toId="19">
<condition id="79">
<or_exp><and_exp></and_exp></or_exp>
</condition>
</dataflow>
<dataflow id="132" from="StgValue_18" to="i" fromId="18" toId="19">
</dataflow>
<dataflow id="133" from="i_1" to="i" fromId="21" toId="19">
<BackEdge/>
<condition id="80">
<or_exp><and_exp><literal name="exitcond1" val="0"/>
</and_exp></or_exp>
</condition>
</dataflow>
<dataflow id="134" from="StgValue_30" to="i" fromId="30" toId="19">
<BackEdge/>
</dataflow>
<dataflow id="135" from="i" to="exitcond1" fromId="19" toId="20">
</dataflow>
<dataflow id="137" from="StgValue_136" to="exitcond1" fromId="136" toId="20">
</dataflow>
<dataflow id="138" from="i" to="i_1" fromId="19" toId="21">
</dataflow>
<dataflow id="140" from="StgValue_139" to="i_1" fromId="139" toId="21">
</dataflow>
<dataflow id="141" from="exitcond1" to="StgValue_22" fromId="20" toId="22">
</dataflow>
<dataflow id="142" from="i" to="i_cast1" fromId="19" toId="23">
</dataflow>
<dataflow id="144" from="_ssdm_op_SpecLoopTripCount" to="empty" fromId="143" toId="24">
</dataflow>
<dataflow id="146" from="StgValue_145" to="empty" fromId="145" toId="24">
</dataflow>
<dataflow id="147" from="StgValue_145" to="empty" fromId="145" toId="24">
</dataflow>
<dataflow id="148" from="StgValue_145" to="empty" fromId="145" toId="24">
</dataflow>
<dataflow id="150" from="_ssdm_op_SpecRegionBegin" to="tmp_2" fromId="149" toId="25">
</dataflow>
<dataflow id="152" from="p_str" to="tmp_2" fromId="151" toId="25">
</dataflow>
<dataflow id="154" from="_ssdm_op_SpecPipeline" to="StgValue_26" fromId="153" toId="26">
</dataflow>
<dataflow id="155" from="StgValue_126" to="StgValue_26" fromId="126" toId="26">
</dataflow>
<dataflow id="156" from="StgValue_126" to="StgValue_26" fromId="126" toId="26">
</dataflow>
<dataflow id="157" from="StgValue_126" to="StgValue_26" fromId="126" toId="26">
</dataflow>
<dataflow id="158" from="StgValue_120" to="StgValue_26" fromId="120" toId="26">
</dataflow>
<dataflow id="160" from="p_str1" to="StgValue_26" fromId="159" toId="26">
</dataflow>
<dataflow id="161" from="ivec" to="ivec_addr" fromId="17" toId="27">
</dataflow>
<dataflow id="162" from="StgValue_120" to="ivec_addr" fromId="120" toId="27">
</dataflow>
<dataflow id="163" from="i_cast1" to="ivec_addr" fromId="23" toId="27">
</dataflow>
<dataflow id="165" from="StgValue_164" to="StgValue_28" fromId="164" toId="28">
</dataflow>
<dataflow id="166" from="ivec_addr" to="StgValue_28" fromId="27" toId="28">
</dataflow>
<dataflow id="168" from="_ssdm_op_SpecRegionEnd" to="empty_9" fromId="167" toId="29">
</dataflow>
<dataflow id="169" from="p_str" to="empty_9" fromId="151" toId="29">
</dataflow>
<dataflow id="170" from="tmp_2" to="empty_9" fromId="25" toId="29">
</dataflow>
<dataflow id="171" from="StgValue_126" to="check" fromId="126" toId="31">
</dataflow>
<dataflow id="173" from="BF_set_key" to="StgValue_32" fromId="172" toId="32">
</dataflow>
<dataflow id="174" from="ukey" to="StgValue_32" fromId="115" toId="32">
</dataflow>
<dataflow id="175" from="bf_init_P" to="StgValue_32" fromId="111" toId="32">
</dataflow>
<dataflow id="176" from="key_P" to="StgValue_32" fromId="112" toId="32">
</dataflow>
<dataflow id="177" from="bf_init_S" to="StgValue_32" fromId="113" toId="32">
</dataflow>
<dataflow id="178" from="key_S" to="StgValue_32" fromId="114" toId="32">
</dataflow>
<dataflow id="179" from="StgValue_120" to="StgValue_33" fromId="120" toId="33">
</dataflow>
<dataflow id="180" from="check" to="StgValue_33" fromId="31" toId="33">
</dataflow>
<dataflow id="181" from="BF_set_key" to="StgValue_34" fromId="172" toId="34">
</dataflow>
<dataflow id="182" from="ukey" to="StgValue_34" fromId="115" toId="34">
</dataflow>
<dataflow id="183" from="bf_init_P" to="StgValue_34" fromId="111" toId="34">
</dataflow>
<dataflow id="184" from="key_P" to="StgValue_34" fromId="112" toId="34">
</dataflow>
<dataflow id="185" from="bf_init_S" to="StgValue_34" fromId="113" toId="34">
</dataflow>
<dataflow id="186" from="key_S" to="StgValue_34" fromId="114" toId="34">
</dataflow>
<dataflow id="187" from="StgValue_120" to="num" fromId="120" toId="36">
<condition id="81">
<or_exp><and_exp></and_exp></or_exp>
</condition>
</dataflow>
<dataflow id="188" from="StgValue_35" to="num" fromId="35" toId="36">
</dataflow>
<dataflow id="189" from="num_1" to="num" fromId="68" toId="36">
<BackEdge/>
<condition id="82">
<or_exp><and_exp><literal name="exitcond" val="1"/>
</and_exp></or_exp>
</condition>
</dataflow>
<dataflow id="190" from="StgValue_80" to="num" fromId="80" toId="36">
<BackEdge/>
</dataflow>
<dataflow id="191" from="StgValue_120" to="l" fromId="120" toId="37">
<condition id="83">
<or_exp><and_exp></and_exp></or_exp>
</condition>
</dataflow>
<dataflow id="192" from="StgValue_35" to="l" fromId="35" toId="37">
</dataflow>
<dataflow id="193" from="tmp_8" to="l" fromId="53" toId="37">
<BackEdge/>
<condition id="84">
<or_exp><and_exp><literal name="exitcond" val="1"/>
</and_exp></or_exp>
</condition>
</dataflow>
<dataflow id="194" from="StgValue_80" to="l" fromId="80" toId="37">
<BackEdge/>
</dataflow>
<dataflow id="195" from="StgValue_120" to="k" fromId="120" toId="38">
<condition id="85">
<or_exp><and_exp></and_exp></or_exp>
</condition>
</dataflow>
<dataflow id="196" from="StgValue_35" to="k" fromId="35" toId="38">
</dataflow>
<dataflow id="197" from="k_2" to="k" fromId="51" toId="38">
<BackEdge/>
<condition id="86">
<or_exp><and_exp><literal name="exitcond" val="1"/>
</and_exp></or_exp>
</condition>
</dataflow>
<dataflow id="198" from="StgValue_80" to="k" fromId="80" toId="38">
<BackEdge/>
</dataflow>
<dataflow id="199" from="k" to="tmp" fromId="38" toId="39">
</dataflow>
<dataflow id="201" from="StgValue_200" to="tmp" fromId="200" toId="39">
</dataflow>
<dataflow id="202" from="tmp" to="StgValue_40" fromId="39" toId="40">
</dataflow>
<dataflow id="204" from="StgValue_203" to="tmp_3" fromId="203" toId="41">
</dataflow>
<dataflow id="205" from="k" to="tmp_3" fromId="38" toId="41">
</dataflow>
<dataflow id="206" from="tmp_3" to="tmp_4" fromId="41" toId="42">
</dataflow>
<dataflow id="208" from="StgValue_207" to="tmp_4" fromId="207" toId="42">
</dataflow>
<dataflow id="209" from="check" to="check_load" fromId="31" toId="43">
</dataflow>
<dataflow id="210" from="check_load" to="StgValue_44" fromId="43" toId="44">
</dataflow>
<dataflow id="212" from="StgValue_211" to="tmp_1" fromId="211" toId="45">
</dataflow>
<dataflow id="213" from="k" to="tmp_1" fromId="38" toId="45">
</dataflow>
<dataflow id="214" from="k" to="tmp_11" fromId="38" toId="46">
</dataflow>
<dataflow id="216" from="StgValue_215" to="tmp_3_cast" fromId="215" toId="47">
</dataflow>
<dataflow id="217" from="tmp_11" to="tmp_3_cast" fromId="46" toId="47">
</dataflow>
<dataflow id="218" from="tmp_4" to="umax" fromId="42" toId="48">
</dataflow>
<dataflow id="219" from="tmp_3_cast" to="umax" fromId="47" toId="48">
</dataflow>
<dataflow id="221" from="StgValue_220" to="umax" fromId="220" toId="48">
</dataflow>
<dataflow id="222" from="umax" to="umax_cast" fromId="48" toId="49">
</dataflow>
<dataflow id="223" from="umax" to="i_3" fromId="48" toId="50">
</dataflow>
<dataflow id="225" from="StgValue_224" to="i_3" fromId="224" toId="50">
</dataflow>
<dataflow id="226" from="tmp_1" to="k_2" fromId="45" toId="51">
</dataflow>
<dataflow id="227" from="umax_cast" to="k_2" fromId="49" toId="51">
</dataflow>
<dataflow id="228" from="StgValue_211" to="tmp_7" fromId="211" toId="52">
</dataflow>
<dataflow id="229" from="l" to="tmp_7" fromId="37" toId="52">
</dataflow>
<dataflow id="230" from="tmp_7" to="tmp_8" fromId="52" toId="53">
</dataflow>
<dataflow id="231" from="umax_cast" to="tmp_8" fromId="49" toId="53">
</dataflow>
<dataflow id="232" from="tmp_9" to="k_1" fromId="60" toId="55">
<BackEdge/>
<condition id="87">
<or_exp><and_exp></and_exp></or_exp>
</condition>
</dataflow>
<dataflow id="233" from="StgValue_67" to="k_1" fromId="67" toId="55">
<BackEdge/>
</dataflow>
<dataflow id="234" from="k" to="k_1" fromId="38" toId="55">
<condition id="88">
<or_exp><and_exp></and_exp></or_exp>
</condition>
</dataflow>
<dataflow id="235" from="StgValue_54" to="k_1" fromId="54" toId="55">
</dataflow>
<dataflow id="236" from="tmp_s" to="i_2" fromId="58" toId="56">
<BackEdge/>
<condition id="89">
<or_exp><and_exp></and_exp></or_exp>
</condition>
</dataflow>
<dataflow id="237" from="StgValue_67" to="i_2" fromId="67" toId="56">
<BackEdge/>
</dataflow>
<dataflow id="238" from="StgValue_120" to="i_2" fromId="120" toId="56">
<condition id="90">
<or_exp><and_exp></and_exp></or_exp>
</condition>
</dataflow>
<dataflow id="239" from="StgValue_54" to="i_2" fromId="54" toId="56">
</dataflow>
<dataflow id="240" from="k_1" to="exitcond2" fromId="55" toId="57">
</dataflow>
<dataflow id="241" from="k_2" to="exitcond2" fromId="51" toId="57">
</dataflow>
<dataflow id="242" from="i_2" to="tmp_s" fromId="56" toId="58">
</dataflow>
<dataflow id="243" from="StgValue_126" to="tmp_s" fromId="126" toId="58">
</dataflow>
<dataflow id="244" from="exitcond2" to="StgValue_59" fromId="57" toId="59">
</dataflow>
<dataflow id="245" from="k_1" to="tmp_9" fromId="55" toId="60">
</dataflow>
<dataflow id="246" from="StgValue_126" to="tmp_9" fromId="126" toId="60">
</dataflow>
<dataflow id="247" from="in_key" to="in_key_addr" fromId="116" toId="61">
</dataflow>
<dataflow id="248" from="StgValue_120" to="in_key_addr" fromId="120" toId="61">
</dataflow>
<dataflow id="249" from="k_1" to="in_key_addr" fromId="55" toId="61">
</dataflow>
<dataflow id="250" from="in_key_addr" to="in_key_load" fromId="61" toId="62">
</dataflow>
<dataflow id="252" from="BF_cfb64_encrypt" to="num_1" fromId="251" toId="63">
</dataflow>
<dataflow id="253" from="indata" to="num_1" fromId="15" toId="63">
</dataflow>
<dataflow id="254" from="outdata" to="num_1" fromId="16" toId="63">
</dataflow>
<dataflow id="255" from="i_3" to="num_1" fromId="50" toId="63">
</dataflow>
<dataflow id="256" from="ivec" to="num_1" fromId="17" toId="63">
</dataflow>
<dataflow id="257" from="num" to="num_1" fromId="36" toId="63">
</dataflow>
<dataflow id="258" from="key_S" to="num_1" fromId="114" toId="63">
</dataflow>
<dataflow id="259" from="key_P" to="num_1" fromId="112" toId="63">
</dataflow>
<dataflow id="260" from="in_key_addr" to="in_key_load" fromId="61" toId="64">
</dataflow>
<dataflow id="261" from="indata" to="indata_addr" fromId="15" toId="65">
</dataflow>
<dataflow id="262" from="StgValue_120" to="indata_addr" fromId="120" toId="65">
</dataflow>
<dataflow id="263" from="i_2" to="indata_addr" fromId="56" toId="65">
</dataflow>
<dataflow id="264" from="in_key_load" to="StgValue_66" fromId="64" toId="66">
</dataflow>
<dataflow id="265" from="indata_addr" to="StgValue_66" fromId="65" toId="66">
</dataflow>
<dataflow id="266" from="BF_cfb64_encrypt" to="num_1" fromId="251" toId="68">
</dataflow>
<dataflow id="267" from="indata" to="num_1" fromId="15" toId="68">
</dataflow>
<dataflow id="268" from="outdata" to="num_1" fromId="16" toId="68">
</dataflow>
<dataflow id="269" from="i_3" to="num_1" fromId="50" toId="68">
</dataflow>
<dataflow id="270" from="ivec" to="num_1" fromId="17" toId="68">
</dataflow>
<dataflow id="271" from="num" to="num_1" fromId="36" toId="68">
</dataflow>
<dataflow id="272" from="key_S" to="num_1" fromId="114" toId="68">
</dataflow>
<dataflow id="273" from="key_P" to="num_1" fromId="112" toId="68">
</dataflow>
<dataflow id="274" from="l" to="l_1" fromId="37" toId="70">
<condition id="91">
<or_exp><and_exp></and_exp></or_exp>
</condition>
</dataflow>
<dataflow id="275" from="StgValue_69" to="l_1" fromId="69" toId="70">
</dataflow>
<dataflow id="276" from="tmp_5" to="l_1" fromId="77" toId="70">
<BackEdge/>
<condition id="92">
<or_exp><and_exp></and_exp></or_exp>
</condition>
</dataflow>
<dataflow id="277" from="StgValue_88" to="l_1" fromId="88" toId="70">
<BackEdge/>
</dataflow>
<dataflow id="278" from="StgValue_120" to="j" fromId="120" toId="71">
<condition id="93">
<or_exp><and_exp></and_exp></or_exp>
</condition>
</dataflow>
<dataflow id="279" from="StgValue_69" to="j" fromId="69" toId="71">
</dataflow>
<dataflow id="280" from="j_1" to="j" fromId="73" toId="71">
<BackEdge/>
<condition id="94">
<or_exp><and_exp></and_exp></or_exp>
</condition>
</dataflow>
<dataflow id="281" from="StgValue_88" to="j" fromId="88" toId="71">
<BackEdge/>
</dataflow>
<dataflow id="282" from="l_1" to="exitcond" fromId="70" toId="72">
</dataflow>
<dataflow id="283" from="tmp_8" to="exitcond" fromId="53" toId="72">
</dataflow>
<dataflow id="284" from="j" to="j_1" fromId="71" toId="73">
</dataflow>
<dataflow id="285" from="StgValue_126" to="j_1" fromId="126" toId="73">
</dataflow>
<dataflow id="286" from="exitcond" to="StgValue_74" fromId="72" toId="74">
</dataflow>
<dataflow id="287" from="outdata" to="outdata_addr" fromId="16" toId="75">
</dataflow>
<dataflow id="288" from="StgValue_120" to="outdata_addr" fromId="120" toId="75">
</dataflow>
<dataflow id="289" from="j" to="outdata_addr" fromId="71" toId="75">
</dataflow>
<dataflow id="290" from="outdata_addr" to="outdata_load" fromId="75" toId="76">
</dataflow>
<dataflow id="291" from="l_1" to="tmp_5" fromId="70" toId="77">
</dataflow>
<dataflow id="292" from="StgValue_126" to="tmp_5" fromId="126" toId="77">
</dataflow>
<dataflow id="293" from="out_key" to="out_key_addr" fromId="117" toId="78">
</dataflow>
<dataflow id="294" from="StgValue_120" to="out_key_addr" fromId="120" toId="78">
</dataflow>
<dataflow id="295" from="l_1" to="out_key_addr" fromId="70" toId="78">
</dataflow>
<dataflow id="296" from="out_key_addr" to="out_key_load" fromId="78" toId="79">
</dataflow>
<dataflow id="297" from="outdata_addr" to="outdata_load" fromId="75" toId="81">
</dataflow>
<dataflow id="298" from="out_key_addr" to="out_key_load" fromId="78" toId="82">
</dataflow>
<dataflow id="299" from="outdata_load" to="tmp_6" fromId="81" toId="83">
</dataflow>
<dataflow id="300" from="out_key_load" to="tmp_6" fromId="82" toId="83">
</dataflow>
<dataflow id="301" from="check" to="check_load_1" fromId="31" toId="84">
</dataflow>
<dataflow id="302" from="tmp_6" to="tmp_10" fromId="83" toId="85">
</dataflow>
<dataflow id="303" from="tmp_10" to="check_1" fromId="85" toId="86">
</dataflow>
<dataflow id="304" from="check_load_1" to="check_1" fromId="84" toId="86">
</dataflow>
<dataflow id="305" from="check_1" to="StgValue_87" fromId="86" toId="87">
</dataflow>
<dataflow id="306" from="check" to="StgValue_87" fromId="31" toId="87">
</dataflow>
<dataflow id="307" from="exitcond1" to="StgValue_2" fromId="20" toId="2">
</dataflow>
<dataflow id="308" from="tmp" to="StgValue_5" fromId="39" toId="5">
</dataflow>
<dataflow id="309" from="tmp_4" to="StgValue_6" fromId="42" toId="6">
</dataflow>
<dataflow id="310" from="exitcond2" to="StgValue_7" fromId="57" toId="7">
</dataflow>
<dataflow id="311" from="exitcond" to="StgValue_10" fromId="72" toId="10">
</dataflow>
</dataflows>


</stg>
