<profile>

<section name = "Vivado HLS Report for 'blowfish_main'" level="0">
<item name = "Date">Sat Apr 10 21:53:48 2021
</item>
<item name = "Version">2019.1 (Build 2552052 on Fri May 24 15:28:33 MDT 2019)</item>
<item name = "Project">Blowfish.prj</item>
<item name = "Solution">Opt_Area</item>
<item name = "Product family">zynq</item>
<item name = "Target device">xc7z020-clg484-1</item>
</section>

<section name = "Performance Estimates" level="0">
<item name = "Timing (ns)">
<section name = "" level="1">
<item name = "Summary"><table name="" hasTotal="0">
<keys size="4">Clock, Target, Estimated, Uncertainty</keys>
<column name="ap_clk">10.00, 8.750, 1.25</column>
</table>
</item>
</section>
</item>
<item name = "Latency (clock cycles)">
<section name = "" level="1">
<item name = "Summary"><table name="" hasTotal="0">
<keys size="6">, min, max, min, max, Type</keys>
<column name="">35998, 2595901984, 35998, 2595901984, none</column>
</table>
</item>
<item name = "Detail">
<section name = "" level="1">
<item name = "Instance"><table name="" hasTotal="0">
<keys size="7">Instance, Module, min, max, min, max, Type</keys>
<column name="grp_BF_encrypt_fu_594">BF_encrypt, 63, 63, 32, 32, function</column>
</table>
</item>
<item name = "Loop"><table name="" hasTotal="0">
<keys size="8">Loop Name, min, max, Latency, achieved, target, Count, Pipelined</keys>
<column name="- Loop 1">8, 8, 1, -, -, 8, no</column>
<column name="- Loop 2">36, 36, 2, -, -, 18, no</column>
<column name="- Loop 3">2048, 2048, 2, -, -, 1024, no</column>
<column name="- Loop 4">18, 18, 1, -, -, 19, no</column>
<column name="- Loop 5">585, 585, 66, 65, 1, 9, yes</column>
<column name="- Loop 6">33280, 33280, 66, 65, 1, 512, yes</column>
<column name="- Loop 7">14, 2595866000, 14 ~ 499205, -, -, 1 ~ 5200, no</column>
<column name=" + Loop 7.1">2, 10400, 2, -, -, 1 ~ 5200, no</column>
<column name=" + Loop 7.2">4, 473200, 4 ~ 91, -, -, 1 ~ 5200, no</column>
<column name=" + Loop 7.3">3, 15600, 3, -, -, 1 ~ 5200, no</column>
</table>
</item>
</section>
</item>
</section>
</item>
</section>
</profile>
