<profile>

<section name = "Vivado HLS Report for 'blowfish_main'" level="0">
<item name = "Date">Sat Apr 10 21:53:50 2021
</item>
<item name = "Version">2019.1 (Build 2552052 on Fri May 24 15:28:33 MDT 2019)</item>
<item name = "Project">Blowfish.prj</item>
<item name = "Solution">Opt_Area</item>
<item name = "Product family">zynq</item>
<item name = "Target device">xc7z020-clg484-1</item>
</section>

<section name = "Performance Estimates" level="0">
<item name = "Timing (ns)">
<section name = "" level="1">
<item name = "Summary"><table name="" hasTotal="0">
<keys size="4">Clock, Target, Estimated, Uncertainty</keys>
<column name="ap_clk">10.00, 8.750, 1.25</column>
</table>
</item>
</section>
</item>
<item name = "Latency (clock cycles)">
<section name = "" level="1">
<item name = "Summary"><table name="" hasTotal="0">
<keys size="6">, min, max, min, max, Type</keys>
<column name="">35998, 2595901984, 35998, 2595901984, none</column>
</table>
</item>
<item name = "Detail">
<section name = "" level="1">
<item name = "Instance"><table name="" hasTotal="0">
<keys size="7">Instance, Module, min, max, min, max, Type</keys>
<column name="grp_BF_encrypt_fu_594">BF_encrypt, 63, 63, 32, 32, function</column>
</table>
</item>
<item name = "Loop"><table name="" hasTotal="0">
<keys size="8">Loop Name, min, max, Latency, achieved, target, Count, Pipelined</keys>
<column name="- Loop 1">8, 8, 1, -, -, 8, no</column>
<column name="- Loop 2">36, 36, 2, -, -, 18, no</column>
<column name="- Loop 3">2048, 2048, 2, -, -, 1024, no</column>
<column name="- Loop 4">18, 18, 1, -, -, 19, no</column>
<column name="- Loop 5">585, 585, 66, 65, 1, 9, yes</column>
<column name="- Loop 6">33280, 33280, 66, 65, 1, 512, yes</column>
<column name="- Loop 7">14, 2595866000, 14 ~ 499205, -, -, 1 ~ 5200, no</column>
<column name=" + Loop 7.1">2, 10400, 2, -, -, 1 ~ 5200, no</column>
<column name=" + Loop 7.2">4, 473200, 4 ~ 91, -, -, 1 ~ 5200, no</column>
<column name=" + Loop 7.3">3, 15600, 3, -, -, 1 ~ 5200, no</column>
</table>
</item>
</section>
</item>
</section>
</item>
</section>

<section name = "Utilization Estimates" level="0">
<item name = "Summary"><table name="" hasTotal="1">
<keys size="6">Name, BRAM_18K, DSP48E, FF, LUT, URAM</keys>
<column name="DSP">-, -, -, -, -</column>
<column name="Expression">-, -, 0, 768, -</column>
<column name="FIFO">-, -, -, -, -</column>
<column name="Instance">-, -, 2866, 7119, -</column>
<column name="Memory">15, -, 62, 19, 0</column>
<column name="Multiplexer">-, -, -, 1611, -</column>
<column name="Register">-, -, 1233, -, -</column>
<specialColumn name="Available">280, 220, 106400, 53200, 0</specialColumn>
<specialColumn name="Utilization (%)">5, 0, 3, 17, 0</specialColumn>
</table>
</item>
<item name = "Detail">
<section name = "" level="1">
<item name = "Instance"><table name="" hasTotal="1">
<keys size="7">Instance, Module, BRAM_18K, DSP48E, FF, LUT, URAM</keys>
<column name="grp_BF_encrypt_fu_594">BF_encrypt, 0, 0, 2866, 7119, 0</column>
</table>
</item>
<item name = "DSP48E"><table name="" hasTotal="0">
<keys size="3">Instance, Module, Expression</keys>
</table>
</item>
<item name = "Memory"><table name="" hasTotal="1">
<keys size="10">Memory, Module, BRAM_18K, FF, LUT, URAM, Words, Bits, Banks, W*Bits*Banks</keys>
<column name="bf_init_P_U">blowfish_main_bf_bkb, 0, 32, 9, 0, 18, 32, 1, 576</column>
<column name="bf_init_S_U">blowfish_main_bf_cud, 2, 0, 0, 0, 1024, 32, 1, 32768</column>
<column name="in_key_U">blowfish_main_in_dEe, 4, 0, 0, 0, 5200, 7, 1, 36400</column>
<column name="indata_U">blowfish_main_indfYi, 0, 14, 5, 0, 40, 7, 1, 280</column>
<column name="ivec_U">blowfish_main_ivec, 1, 0, 0, 0, 8, 8, 1, 64</column>
<column name="key_P_U">blowfish_main_key_P, 2, 0, 0, 0, 18, 32, 1, 576</column>
<column name="key_S_U">blowfish_main_key_S, 2, 0, 0, 0, 1024, 32, 1, 32768</column>
<column name="out_key_U">blowfish_main_outeOg, 4, 0, 0, 0, 5200, 8, 1, 41600</column>
<column name="outdata_U">blowfish_main_outg8j, 0, 16, 5, 0, 40, 8, 1, 320</column>
</table>
</item>
<item name = "FIFO"><table name="" hasTotal="1">
<keys size="8">Name, BRAM_18K, FF, LUT, URAM, Depth, Bits, Size:D*B</keys>
</table>
</item>
<item name = "Expression"><table name="" hasTotal="1">
<keys size="7">Variable Name, Operation, DSP48E, FF, LUT, Bitwidth P0, Bitwidth P1</keys>
<column name="add_ln121_fu_893_p2">+, 0, 0, 39, 32, 1</column>
<column name="add_ln851_1_fu_836_p2">+, 0, 0, 32, 2, 32</column>
<column name="add_ln851_2_cast_fu_803_p2">+, 0, 0, 15, 6, 7</column>
<column name="add_ln851_2_fu_781_p2">+, 0, 0, 39, 14, 32</column>
<column name="add_ln851_fu_793_p2">+, 0, 0, 32, 2, 32</column>
<column name="add_ln854_1_fu_853_p2">+, 0, 0, 39, 32, 1</column>
<column name="add_ln854_fu_859_p2">+, 0, 0, 39, 32, 1</column>
<column name="add_ln863_fu_1045_p2">+, 0, 0, 39, 32, 1</column>
<column name="add_ln89_1_fu_685_p2">+, 0, 0, 13, 11, 1</column>
<column name="add_ln89_fu_667_p2">+, 0, 0, 15, 5, 1</column>
<column name="check_fu_1065_p2">+, 0, 0, 39, 32, 32</column>
<column name="i_1_fu_697_p2">+, 0, 0, 15, 5, 1</column>
<column name="i_3_fu_709_p2">+, 0, 0, 15, 5, 2</column>
<column name="i_4_fu_739_p2">+, 0, 0, 13, 2, 11</column>
<column name="i_fu_644_p2">+, 0, 0, 13, 4, 1</column>
<column name="j_fu_1034_p2">+, 0, 0, 39, 32, 1</column>
<column name="l_fu_881_p2">+, 0, 0, 39, 32, 2</column>
<column name="n_1_fu_1002_p2">+, 0, 0, 12, 1, 3</column>
<column name="k_fu_830_p2">-, 0, 0, 32, 32, 32</column>
<column name="sub_ln851_fu_842_p2">-, 0, 0, 32, 32, 32</column>
<column name="empty_12_fu_787_p2">icmp, 0, 0, 18, 32, 7</column>
<column name="exitcond1_fu_848_p2">icmp, 0, 0, 18, 32, 32</column>
<column name="icmp_ln102_fu_887_p2">icmp, 0, 0, 18, 32, 1</column>
<column name="icmp_ln105_fu_899_p2">icmp, 0, 0, 18, 32, 1</column>
<column name="icmp_ln110_fu_691_p2">icmp, 0, 0, 11, 5, 5</column>
<column name="icmp_ln136_fu_703_p2">icmp, 0, 0, 11, 5, 5</column>
<column name="icmp_ln837_fu_638_p2">icmp, 0, 0, 11, 4, 5</column>
<column name="icmp_ln846_fu_775_p2">icmp, 0, 0, 18, 32, 13</column>
<column name="icmp_ln859_fu_1029_p2">icmp, 0, 0, 18, 32, 32</column>
<column name="icmp_ln863_fu_1056_p2">icmp, 0, 0, 11, 8, 8</column>
<column name="icmp_ln86_1_fu_679_p2">icmp, 0, 0, 13, 11, 12</column>
<column name="icmp_ln86_fu_661_p2">icmp, 0, 0, 11, 5, 5</column>
<column name="or_ln141_fu_720_p2">or, 0, 0, 5, 5, 1</column>
<column name="or_ln150_fu_754_p2">or, 0, 0, 10, 10, 1</column>
<column name="umax_fu_809_p3">select, 0, 0, 7, 1, 7</column>
<column name="ap_enable_pp0">xor, 0, 0, 2, 1, 2</column>
<column name="ap_enable_pp1">xor, 0, 0, 2, 1, 2</column>
<column name="c_fu_1021_p2">xor, 0, 0, 8, 8, 8</column>
<column name="l_3_fu_820_p2">xor, 0, 0, 7, 7, 2</column>
</table>
</item>
<item name = "Multiplexer"><table name="" hasTotal="1">
<keys size="5">Name, LUT, Input Size, Bits, Total Bits</keys>
<column name="ap_NS_fsm">1017, 238, 1, 238</column>
<column name="ap_enable_reg_pp0_iter1">9, 2, 1, 2</column>
<column name="ap_enable_reg_pp1_iter1">9, 2, 1, 2</column>
<column name="ap_phi_mux_i_1_i_phi_fu_465_p4">9, 2, 5, 10</column>
<column name="ap_phi_mux_i_2_i_phi_fu_499_p4">9, 2, 11, 22</column>
<column name="check_1_fu_150">9, 2, 32, 64</column>
<column name="grp_BF_encrypt_fu_594_data_0_read">21, 4, 32, 128</column>
<column name="grp_BF_encrypt_fu_594_data_1_read">21, 4, 32, 128</column>
<column name="i_0_i_reg_426">9, 2, 5, 10</column>
<column name="i_0_reg_393">9, 2, 4, 8</column>
<column name="i_1_i_reg_461">9, 2, 5, 10</column>
<column name="i_2_i_reg_495">9, 2, 11, 22</column>
<column name="i_2_reg_541">9, 2, 32, 64</column>
<column name="in_0_0_reg_437">9, 2, 32, 64</column>
<column name="in_0_1_reg_473">9, 2, 32, 64</column>
<column name="in_1_0_reg_449">9, 2, 32, 64</column>
<column name="in_1_1_reg_484">9, 2, 32, 64</column>
<column name="indata_address0">15, 3, 6, 18</column>
<column name="ivec_address0">41, 8, 3, 24</column>
<column name="ivec_address1">38, 7, 3, 21</column>
<column name="ivec_d0">38, 7, 8, 56</column>
<column name="ivec_d1">27, 5, 8, 40</column>
<column name="j_0_reg_583">9, 2, 32, 64</column>
<column name="k_0_reg_519">9, 2, 32, 64</column>
<column name="k_1_reg_531">9, 2, 32, 64</column>
<column name="key_P_address0">21, 4, 5, 20</column>
<column name="key_P_address1">15, 3, 5, 15</column>
<column name="key_P_ce0">15, 3, 1, 3</column>
<column name="key_P_ce1">15, 3, 1, 3</column>
<column name="key_P_d0">15, 3, 32, 96</column>
<column name="key_S_address0">21, 4, 10, 40</column>
<column name="key_S_address1">15, 3, 10, 30</column>
<column name="key_S_ce0">15, 3, 1, 3</column>
<column name="key_S_ce1">15, 3, 1, 3</column>
<column name="key_S_d0">15, 3, 32, 96</column>
<column name="l_0_i_reg_553">9, 2, 32, 64</column>
<column name="l_0_reg_507">9, 2, 32, 64</column>
<column name="l_1_reg_573">9, 2, 32, 64</column>
<column name="n_fu_154">9, 2, 3, 6</column>
<column name="outdata_address0">15, 3, 6, 18</column>
<column name="p1_0_rec_i38_reg_415">9, 2, 11, 22</column>
<column name="p1_0_rec_i_reg_404">9, 2, 5, 10</column>
<column name="p_01_rec_i_reg_562">9, 2, 32, 64</column>
</table>
</item>
<item name = "Register"><table name="" hasTotal="1">
<keys size="5">Name, FF, LUT, Bits, Const Bits</keys>
<column name="add_ln121_reg_1264">32, 0, 32, 0</column>
<column name="add_ln854_1_reg_1231">32, 0, 32, 0</column>
<column name="add_ln854_reg_1236">32, 0, 32, 0</column>
<column name="add_ln863_reg_1372">32, 0, 32, 0</column>
<column name="add_ln89_1_reg_1115">11, 0, 11, 0</column>
<column name="add_ln89_reg_1097">5, 0, 5, 0</column>
<column name="ap_CS_fsm">237, 0, 237, 0</column>
<column name="ap_enable_reg_pp0_iter0">1, 0, 1, 0</column>
<column name="ap_enable_reg_pp0_iter1">1, 0, 1, 0</column>
<column name="ap_enable_reg_pp1_iter0">1, 0, 1, 0</column>
<column name="ap_enable_reg_pp1_iter1">1, 0, 1, 0</column>
<column name="check_1_fu_150">32, 0, 32, 0</column>
<column name="empty_12_reg_1206">1, 0, 1, 0</column>
<column name="grp_BF_encrypt_fu_594_ap_start_reg">1, 0, 1, 0</column>
<column name="i_0_i_reg_426">5, 0, 5, 0</column>
<column name="i_0_reg_393">4, 0, 4, 0</column>
<column name="i_1_i_reg_461">5, 0, 5, 0</column>
<column name="i_2_i_reg_495">11, 0, 11, 0</column>
<column name="i_2_reg_541">32, 0, 32, 0</column>
<column name="i_3_reg_1133">5, 0, 5, 0</column>
<column name="i_4_reg_1142">11, 0, 11, 0</column>
<column name="icmp_ln105_reg_1269">1, 0, 1, 0</column>
<column name="icmp_ln136_reg_1129">1, 0, 1, 0</column>
<column name="icmp_ln863_reg_1382">1, 0, 1, 0</column>
<column name="in_0_0_reg_437">32, 0, 32, 0</column>
<column name="in_0_1_reg_473">32, 0, 32, 0</column>
<column name="in_1_0_reg_449">32, 0, 32, 0</column>
<column name="in_1_1_reg_484">32, 0, 32, 0</column>
<column name="indata_addr_1_reg_1246">6, 0, 6, 0</column>
<column name="iv_1_load_reg_1273">8, 0, 8, 0</column>
<column name="iv_2_load_reg_1283">8, 0, 8, 0</column>
<column name="iv_3_load_reg_1288">8, 0, 8, 0</column>
<column name="iv_4_load_reg_1293">8, 0, 8, 0</column>
<column name="iv_5_load_reg_1298">8, 0, 8, 0</column>
<column name="iv_load_reg_1278">8, 0, 8, 0</column>
<column name="ivec_addr_9_reg_1353">3, 0, 3, 0</column>
<column name="j_0_reg_583">32, 0, 32, 0</column>
<column name="j_reg_1362">32, 0, 32, 0</column>
<column name="k_0_reg_519">32, 0, 32, 0</column>
<column name="k_1_reg_531">32, 0, 32, 0</column>
<column name="k_reg_1216">32, 0, 32, 0</column>
<column name="key_P_addr_reg_1089">5, 0, 5, 0</column>
<column name="key_S_addr_2_reg_1107">10, 0, 10, 0</column>
<column name="l_0_i_reg_553">32, 0, 32, 0</column>
<column name="l_0_reg_507">32, 0, 32, 0</column>
<column name="l_1_reg_573">32, 0, 32, 0</column>
<column name="l_reg_1256">32, 0, 32, 0</column>
<column name="n_fu_154">3, 0, 32, 29</column>
<column name="outdata_addr_reg_1251">6, 0, 6, 0</column>
<column name="p1_0_rec_i38_reg_415">11, 0, 11, 0</column>
<column name="p1_0_rec_i_reg_404">5, 0, 5, 0</column>
<column name="p_01_rec_i_reg_562">32, 0, 32, 0</column>
<column name="reg_622">32, 0, 32, 0</column>
<column name="reg_630">32, 0, 32, 0</column>
<column name="sext_ln854_2_reg_1211">32, 0, 32, 0</column>
<column name="sub_ln851_reg_1222">32, 0, 32, 0</column>
<column name="tmp_6_reg_1138">1, 0, 1, 0</column>
<column name="trunc_ln114_1_reg_1318">8, 0, 8, 0</column>
<column name="trunc_ln114_2_reg_1323">8, 0, 8, 0</column>
<column name="trunc_ln114_reg_1328">8, 0, 8, 0</column>
<column name="trunc_ln116_1_reg_1338">8, 0, 8, 0</column>
<column name="trunc_ln116_2_reg_1343">8, 0, 8, 0</column>
<column name="trunc_ln116_reg_1348">8, 0, 8, 0</column>
<column name="trunc_ln2_reg_1313">8, 0, 8, 0</column>
<column name="trunc_ln3_reg_1333">8, 0, 8, 0</column>
</table>
</item>
</section>
</item>
</section>

<section name = "Interface" level="0">
<item name = "Summary"><table name="" hasTotal="0">
<keys size="6">RTL Ports, Dir, Bits, Protocol, Source Object, C Type</keys>
<column name="ap_clk">in, 1, ap_ctrl_hs, blowfish_main, return value</column>
<column name="ap_rst">in, 1, ap_ctrl_hs, blowfish_main, return value</column>
<column name="ap_start">in, 1, ap_ctrl_hs, blowfish_main, return value</column>
<column name="ap_done">out, 1, ap_ctrl_hs, blowfish_main, return value</column>
<column name="ap_idle">out, 1, ap_ctrl_hs, blowfish_main, return value</column>
<column name="ap_ready">out, 1, ap_ctrl_hs, blowfish_main, return value</column>
<column name="ap_return">out, 32, ap_ctrl_hs, blowfish_main, return value</column>
</table>
</item>
</section>
</profile>
