<stg><name>BF_cfb64_encrypt</name>


<trans_list>

<trans id="243" from="1" to="2">
<condition id="-1">
<or_exp><and_exp></and_exp></or_exp>
</condition>
</trans>

<trans id="244" from="2" to="3">
<condition id="-1">
<or_exp><and_exp><literal name="icmp_ln101" val="0"/>
<literal name="icmp_ln103" val="1"/>
</and_exp></or_exp>
</condition>
</trans>

<trans id="245" from="2" to="100">
<condition id="-1">
<or_exp><and_exp><literal name="icmp_ln101" val="0"/>
<literal name="icmp_ln103" val="0"/>
</and_exp></or_exp>
</condition>
</trans>

<trans id="247" from="3" to="4">
<condition id="-1">
<or_exp><and_exp></and_exp></or_exp>
</condition>
</trans>

<trans id="248" from="4" to="5">
<condition id="-1">
<or_exp><and_exp></and_exp></or_exp>
</condition>
</trans>

<trans id="249" from="5" to="6">
<condition id="-1">
<or_exp><and_exp></and_exp></or_exp>
</condition>
</trans>

<trans id="250" from="6" to="7">
<condition id="-1">
<or_exp><and_exp></and_exp></or_exp>
</condition>
</trans>

<trans id="251" from="7" to="8">
<condition id="-1">
<or_exp><and_exp></and_exp></or_exp>
</condition>
</trans>

<trans id="252" from="8" to="9">
<condition id="-1">
<or_exp><and_exp></and_exp></or_exp>
</condition>
</trans>

<trans id="253" from="9" to="10">
<condition id="-1">
<or_exp><and_exp></and_exp></or_exp>
</condition>
</trans>

<trans id="254" from="10" to="11">
<condition id="-1">
<or_exp><and_exp></and_exp></or_exp>
</condition>
</trans>

<trans id="255" from="11" to="12">
<condition id="-1">
<or_exp><and_exp></and_exp></or_exp>
</condition>
</trans>

<trans id="256" from="12" to="13">
<condition id="-1">
<or_exp><and_exp></and_exp></or_exp>
</condition>
</trans>

<trans id="257" from="13" to="14">
<condition id="-1">
<or_exp><and_exp></and_exp></or_exp>
</condition>
</trans>

<trans id="258" from="14" to="15">
<condition id="-1">
<or_exp><and_exp></and_exp></or_exp>
</condition>
</trans>

<trans id="259" from="15" to="16">
<condition id="-1">
<or_exp><and_exp></and_exp></or_exp>
</condition>
</trans>

<trans id="260" from="16" to="17">
<condition id="-1">
<or_exp><and_exp></and_exp></or_exp>
</condition>
</trans>

<trans id="261" from="17" to="18">
<condition id="-1">
<or_exp><and_exp></and_exp></or_exp>
</condition>
</trans>

<trans id="262" from="18" to="19">
<condition id="-1">
<or_exp><and_exp></and_exp></or_exp>
</condition>
</trans>

<trans id="263" from="19" to="20">
<condition id="-1">
<or_exp><and_exp></and_exp></or_exp>
</condition>
</trans>

<trans id="264" from="20" to="21">
<condition id="-1">
<or_exp><and_exp></and_exp></or_exp>
</condition>
</trans>

<trans id="265" from="21" to="22">
<condition id="-1">
<or_exp><and_exp></and_exp></or_exp>
</condition>
</trans>

<trans id="266" from="22" to="23">
<condition id="-1">
<or_exp><and_exp></and_exp></or_exp>
</condition>
</trans>

<trans id="267" from="23" to="24">
<condition id="-1">
<or_exp><and_exp></and_exp></or_exp>
</condition>
</trans>

<trans id="268" from="24" to="25">
<condition id="-1">
<or_exp><and_exp></and_exp></or_exp>
</condition>
</trans>

<trans id="269" from="25" to="26">
<condition id="-1">
<or_exp><and_exp></and_exp></or_exp>
</condition>
</trans>

<trans id="270" from="26" to="27">
<condition id="-1">
<or_exp><and_exp></and_exp></or_exp>
</condition>
</trans>

<trans id="271" from="27" to="28">
<condition id="-1">
<or_exp><and_exp></and_exp></or_exp>
</condition>
</trans>

<trans id="272" from="28" to="29">
<condition id="-1">
<or_exp><and_exp></and_exp></or_exp>
</condition>
</trans>

<trans id="273" from="29" to="30">
<condition id="-1">
<or_exp><and_exp></and_exp></or_exp>
</condition>
</trans>

<trans id="274" from="30" to="31">
<condition id="-1">
<or_exp><and_exp></and_exp></or_exp>
</condition>
</trans>

<trans id="275" from="31" to="32">
<condition id="-1">
<or_exp><and_exp></and_exp></or_exp>
</condition>
</trans>

<trans id="276" from="32" to="33">
<condition id="-1">
<or_exp><and_exp></and_exp></or_exp>
</condition>
</trans>

<trans id="277" from="33" to="34">
<condition id="-1">
<or_exp><and_exp></and_exp></or_exp>
</condition>
</trans>

<trans id="278" from="34" to="35">
<condition id="-1">
<or_exp><and_exp></and_exp></or_exp>
</condition>
</trans>

<trans id="279" from="35" to="36">
<condition id="-1">
<or_exp><and_exp></and_exp></or_exp>
</condition>
</trans>

<trans id="280" from="36" to="37">
<condition id="-1">
<or_exp><and_exp></and_exp></or_exp>
</condition>
</trans>

<trans id="281" from="37" to="38">
<condition id="-1">
<or_exp><and_exp></and_exp></or_exp>
</condition>
</trans>

<trans id="282" from="38" to="39">
<condition id="-1">
<or_exp><and_exp></and_exp></or_exp>
</condition>
</trans>

<trans id="283" from="39" to="40">
<condition id="-1">
<or_exp><and_exp></and_exp></or_exp>
</condition>
</trans>

<trans id="284" from="40" to="41">
<condition id="-1">
<or_exp><and_exp></and_exp></or_exp>
</condition>
</trans>

<trans id="285" from="41" to="42">
<condition id="-1">
<or_exp><and_exp></and_exp></or_exp>
</condition>
</trans>

<trans id="286" from="42" to="43">
<condition id="-1">
<or_exp><and_exp></and_exp></or_exp>
</condition>
</trans>

<trans id="287" from="43" to="44">
<condition id="-1">
<or_exp><and_exp></and_exp></or_exp>
</condition>
</trans>

<trans id="288" from="44" to="45">
<condition id="-1">
<or_exp><and_exp></and_exp></or_exp>
</condition>
</trans>

<trans id="289" from="45" to="46">
<condition id="-1">
<or_exp><and_exp></and_exp></or_exp>
</condition>
</trans>

<trans id="290" from="46" to="47">
<condition id="-1">
<or_exp><and_exp></and_exp></or_exp>
</condition>
</trans>

<trans id="291" from="47" to="48">
<condition id="-1">
<or_exp><and_exp></and_exp></or_exp>
</condition>
</trans>

<trans id="292" from="48" to="49">
<condition id="-1">
<or_exp><and_exp></and_exp></or_exp>
</condition>
</trans>

<trans id="293" from="49" to="50">
<condition id="-1">
<or_exp><and_exp></and_exp></or_exp>
</condition>
</trans>

<trans id="294" from="50" to="51">
<condition id="-1">
<or_exp><and_exp></and_exp></or_exp>
</condition>
</trans>

<trans id="295" from="51" to="52">
<condition id="-1">
<or_exp><and_exp></and_exp></or_exp>
</condition>
</trans>

<trans id="296" from="52" to="53">
<condition id="-1">
<or_exp><and_exp></and_exp></or_exp>
</condition>
</trans>

<trans id="297" from="53" to="54">
<condition id="-1">
<or_exp><and_exp></and_exp></or_exp>
</condition>
</trans>

<trans id="298" from="54" to="55">
<condition id="-1">
<or_exp><and_exp></and_exp></or_exp>
</condition>
</trans>

<trans id="299" from="55" to="56">
<condition id="-1">
<or_exp><and_exp></and_exp></or_exp>
</condition>
</trans>

<trans id="300" from="56" to="57">
<condition id="-1">
<or_exp><and_exp></and_exp></or_exp>
</condition>
</trans>

<trans id="301" from="57" to="58">
<condition id="-1">
<or_exp><and_exp></and_exp></or_exp>
</condition>
</trans>

<trans id="302" from="58" to="59">
<condition id="-1">
<or_exp><and_exp></and_exp></or_exp>
</condition>
</trans>

<trans id="303" from="59" to="60">
<condition id="-1">
<or_exp><and_exp></and_exp></or_exp>
</condition>
</trans>

<trans id="304" from="60" to="61">
<condition id="-1">
<or_exp><and_exp></and_exp></or_exp>
</condition>
</trans>

<trans id="305" from="61" to="62">
<condition id="-1">
<or_exp><and_exp></and_exp></or_exp>
</condition>
</trans>

<trans id="306" from="62" to="63">
<condition id="-1">
<or_exp><and_exp></and_exp></or_exp>
</condition>
</trans>

<trans id="307" from="63" to="64">
<condition id="-1">
<or_exp><and_exp></and_exp></or_exp>
</condition>
</trans>

<trans id="308" from="64" to="65">
<condition id="-1">
<or_exp><and_exp></and_exp></or_exp>
</condition>
</trans>

<trans id="309" from="65" to="66">
<condition id="-1">
<or_exp><and_exp></and_exp></or_exp>
</condition>
</trans>

<trans id="310" from="66" to="67">
<condition id="-1">
<or_exp><and_exp></and_exp></or_exp>
</condition>
</trans>

<trans id="311" from="67" to="68">
<condition id="-1">
<or_exp><and_exp></and_exp></or_exp>
</condition>
</trans>

<trans id="312" from="68" to="69">
<condition id="-1">
<or_exp><and_exp></and_exp></or_exp>
</condition>
</trans>

<trans id="313" from="69" to="70">
<condition id="-1">
<or_exp><and_exp></and_exp></or_exp>
</condition>
</trans>

<trans id="314" from="70" to="71">
<condition id="-1">
<or_exp><and_exp></and_exp></or_exp>
</condition>
</trans>

<trans id="315" from="71" to="72">
<condition id="-1">
<or_exp><and_exp></and_exp></or_exp>
</condition>
</trans>

<trans id="316" from="72" to="73">
<condition id="-1">
<or_exp><and_exp></and_exp></or_exp>
</condition>
</trans>

<trans id="317" from="73" to="74">
<condition id="-1">
<or_exp><and_exp></and_exp></or_exp>
</condition>
</trans>

<trans id="318" from="74" to="75">
<condition id="-1">
<or_exp><and_exp></and_exp></or_exp>
</condition>
</trans>

<trans id="319" from="75" to="76">
<condition id="-1">
<or_exp><and_exp></and_exp></or_exp>
</condition>
</trans>

<trans id="320" from="76" to="77">
<condition id="-1">
<or_exp><and_exp></and_exp></or_exp>
</condition>
</trans>

<trans id="321" from="77" to="78">
<condition id="-1">
<or_exp><and_exp></and_exp></or_exp>
</condition>
</trans>

<trans id="322" from="78" to="79">
<condition id="-1">
<or_exp><and_exp></and_exp></or_exp>
</condition>
</trans>

<trans id="323" from="79" to="80">
<condition id="-1">
<or_exp><and_exp></and_exp></or_exp>
</condition>
</trans>

<trans id="324" from="80" to="81">
<condition id="-1">
<or_exp><and_exp></and_exp></or_exp>
</condition>
</trans>

<trans id="325" from="81" to="82">
<condition id="-1">
<or_exp><and_exp></and_exp></or_exp>
</condition>
</trans>

<trans id="326" from="82" to="83">
<condition id="-1">
<or_exp><and_exp></and_exp></or_exp>
</condition>
</trans>

<trans id="327" from="83" to="84">
<condition id="-1">
<or_exp><and_exp></and_exp></or_exp>
</condition>
</trans>

<trans id="328" from="84" to="85">
<condition id="-1">
<or_exp><and_exp></and_exp></or_exp>
</condition>
</trans>

<trans id="329" from="85" to="86">
<condition id="-1">
<or_exp><and_exp></and_exp></or_exp>
</condition>
</trans>

<trans id="330" from="86" to="87">
<condition id="-1">
<or_exp><and_exp></and_exp></or_exp>
</condition>
</trans>

<trans id="331" from="87" to="88">
<condition id="-1">
<or_exp><and_exp></and_exp></or_exp>
</condition>
</trans>

<trans id="332" from="88" to="89">
<condition id="-1">
<or_exp><and_exp></and_exp></or_exp>
</condition>
</trans>

<trans id="333" from="89" to="90">
<condition id="-1">
<or_exp><and_exp></and_exp></or_exp>
</condition>
</trans>

<trans id="334" from="90" to="91">
<condition id="-1">
<or_exp><and_exp></and_exp></or_exp>
</condition>
</trans>

<trans id="335" from="91" to="92">
<condition id="-1">
<or_exp><and_exp></and_exp></or_exp>
</condition>
</trans>

<trans id="336" from="92" to="93">
<condition id="-1">
<or_exp><and_exp></and_exp></or_exp>
</condition>
</trans>

<trans id="337" from="93" to="94">
<condition id="-1">
<or_exp><and_exp></and_exp></or_exp>
</condition>
</trans>

<trans id="338" from="94" to="95">
<condition id="-1">
<or_exp><and_exp></and_exp></or_exp>
</condition>
</trans>

<trans id="339" from="95" to="96">
<condition id="-1">
<or_exp><and_exp></and_exp></or_exp>
</condition>
</trans>

<trans id="340" from="96" to="97">
<condition id="-1">
<or_exp><and_exp></and_exp></or_exp>
</condition>
</trans>

<trans id="341" from="97" to="98">
<condition id="-1">
<or_exp><and_exp></and_exp></or_exp>
</condition>
</trans>

<trans id="342" from="98" to="99">
<condition id="-1">
<or_exp><and_exp></and_exp></or_exp>
</condition>
</trans>

<trans id="343" from="99" to="100">
<condition id="-1">
<or_exp><and_exp></and_exp></or_exp>
</condition>
</trans>

<trans id="344" from="100" to="101">
<condition id="-1">
<or_exp><and_exp></and_exp></or_exp>
</condition>
</trans>

<trans id="346" from="101" to="102">
<condition id="-1">
<or_exp><and_exp></and_exp></or_exp>
</condition>
</trans>

<trans id="347" from="102" to="2">
<condition id="-1">
<or_exp><and_exp></and_exp></or_exp>
</condition>
</trans>
</trans_list>



<state_list>

<state id="1" st_id="1">

<operation id="103" st_id="1" stage="1" lat="1">
<core>NULL</core>
<MemPortIdVec></MemPortIdVec>
<condition id="-1">
<or_exp><and_exp></and_exp></or_exp>
</condition>

<Node id="8" bw="32" op_0_bw="32" op_1_bw="32">
<![CDATA[
:0  %num_read_1 = call i32 @_ssdm_op_Read.ap_auto.i32(i32 %num_read)

]]></Node>
<StgValue><ssdm name="num_read_1"/></StgValue>
</operation>

<operation id="104" st_id="1" stage="1" lat="1">
<core>NULL</core>
<MemPortIdVec></MemPortIdVec>
<condition id="-1">
<or_exp><and_exp></and_exp></or_exp>
</condition>

<Node id="9" bw="7" op_0_bw="7" op_1_bw="7">
<![CDATA[
:1  %length_read = call i7 @_ssdm_op_Read.ap_auto.i7(i7 %length_r)

]]></Node>
<StgValue><ssdm name="length_read"/></StgValue>
</operation>

<operation id="105" st_id="1" stage="1" lat="1">
<core>NULL</core>
<MemPortIdVec></MemPortIdVec>
<condition id="-1">
<or_exp><and_exp></and_exp></or_exp>
</condition>

<Node id="10" bw="32" op_0_bw="7">
<![CDATA[
:2  %sext_ln116 = sext i7 %length_read to i32

]]></Node>
<StgValue><ssdm name="sext_ln116"/></StgValue>
</operation>

<operation id="106" st_id="1" stage="1" lat="1">
<core>NULL</core>
<MemPortIdVec></MemPortIdVec>
<condition id="-1">
<or_exp><and_exp></and_exp></or_exp>
</condition>

<Node id="11" bw="3" op_0_bw="8" op_1_bw="64" op_2_bw="64">
<![CDATA[
:3  %ivec_addr = getelementptr [8 x i8]* %ivec, i64 0, i64 0

]]></Node>
<StgValue><ssdm name="ivec_addr"/></StgValue>
</operation>

<operation id="107" st_id="1" stage="1" lat="1">
<core>NULL</core>
<MemPortIdVec></MemPortIdVec>
<condition id="-1">
<or_exp><and_exp></and_exp></or_exp>
</condition>

<Node id="12" bw="3" op_0_bw="8" op_1_bw="64" op_2_bw="64">
<![CDATA[
:4  %iv = getelementptr [8 x i8]* %ivec, i64 0, i64 1

]]></Node>
<StgValue><ssdm name="iv"/></StgValue>
</operation>

<operation id="108" st_id="1" stage="1" lat="1">
<core>NULL</core>
<MemPortIdVec></MemPortIdVec>
<condition id="-1">
<or_exp><and_exp></and_exp></or_exp>
</condition>

<Node id="13" bw="3" op_0_bw="8" op_1_bw="64" op_2_bw="64">
<![CDATA[
:5  %iv_1 = getelementptr [8 x i8]* %ivec, i64 0, i64 2

]]></Node>
<StgValue><ssdm name="iv_1"/></StgValue>
</operation>

<operation id="109" st_id="1" stage="1" lat="1">
<core>NULL</core>
<MemPortIdVec></MemPortIdVec>
<condition id="-1">
<or_exp><and_exp></and_exp></or_exp>
</condition>

<Node id="14" bw="3" op_0_bw="8" op_1_bw="64" op_2_bw="64">
<![CDATA[
:6  %iv_2 = getelementptr [8 x i8]* %ivec, i64 0, i64 3

]]></Node>
<StgValue><ssdm name="iv_2"/></StgValue>
</operation>

<operation id="110" st_id="1" stage="1" lat="1">
<core>NULL</core>
<MemPortIdVec></MemPortIdVec>
<condition id="-1">
<or_exp><and_exp></and_exp></or_exp>
</condition>

<Node id="15" bw="3" op_0_bw="8" op_1_bw="64" op_2_bw="64">
<![CDATA[
:7  %iv_3 = getelementptr [8 x i8]* %ivec, i64 0, i64 4

]]></Node>
<StgValue><ssdm name="iv_3"/></StgValue>
</operation>

<operation id="111" st_id="1" stage="1" lat="1">
<core>NULL</core>
<MemPortIdVec></MemPortIdVec>
<condition id="-1">
<or_exp><and_exp></and_exp></or_exp>
</condition>

<Node id="16" bw="3" op_0_bw="8" op_1_bw="64" op_2_bw="64">
<![CDATA[
:8  %iv_4 = getelementptr [8 x i8]* %ivec, i64 0, i64 5

]]></Node>
<StgValue><ssdm name="iv_4"/></StgValue>
</operation>

<operation id="112" st_id="1" stage="1" lat="1">
<core>NULL</core>
<MemPortIdVec></MemPortIdVec>
<condition id="-1">
<or_exp><and_exp></and_exp></or_exp>
</condition>

<Node id="17" bw="3" op_0_bw="8" op_1_bw="64" op_2_bw="64">
<![CDATA[
:9  %iv_5 = getelementptr [8 x i8]* %ivec, i64 0, i64 6

]]></Node>
<StgValue><ssdm name="iv_5"/></StgValue>
</operation>

<operation id="113" st_id="1" stage="1" lat="1">
<core>NULL</core>
<MemPortIdVec></MemPortIdVec>
<condition id="-1">
<or_exp><and_exp></and_exp></or_exp>
</condition>

<Node id="18" bw="3" op_0_bw="8" op_1_bw="64" op_2_bw="64">
<![CDATA[
:10  %iv_6 = getelementptr [8 x i8]* %ivec, i64 0, i64 7

]]></Node>
<StgValue><ssdm name="iv_6"/></StgValue>
</operation>

<operation id="114" st_id="1" stage="1" lat="1">
<core>NULL</core>
<MemPortIdVec></MemPortIdVec>
<condition id="-1">
<or_exp><and_exp></and_exp></or_exp>
</condition>

<Node id="19" bw="0" op_0_bw="0">
<![CDATA[
:11  br label %.preheader6

]]></Node>
<StgValue><ssdm name="br_ln99"/></StgValue>
</operation>
</state>

<state id="2" st_id="2">

<operation id="115" st_id="2" stage="1" lat="1">
<core>NULL</core>
<MemPortIdVec></MemPortIdVec>
<condition id="-1">
<or_exp><and_exp></and_exp></or_exp>
</condition>

<Node id="21" bw="32" op_0_bw="32" op_1_bw="0" op_2_bw="32" op_3_bw="0">
<![CDATA[
.preheader6:0  %num_write_assign = phi i32 [ %zext_ln121, %._crit_edge ], [ %num_read_1, %0 ]

]]></Node>
<StgValue><ssdm name="num_write_assign"/></StgValue>
</operation>

<operation id="116" st_id="2" stage="1" lat="1">
<core>NULL</core>
<MemPortIdVec></MemPortIdVec>
<condition id="-1">
<or_exp><and_exp></and_exp></or_exp>
</condition>

<Node id="22" bw="32" op_0_bw="32" op_1_bw="0" op_2_bw="32" op_3_bw="0">
<![CDATA[
.preheader6:1  %l_0 = phi i32 [ %l, %._crit_edge ], [ %sext_ln116, %0 ]

]]></Node>
<StgValue><ssdm name="l_0"/></StgValue>
</operation>

<operation id="117" st_id="2" stage="1" lat="1">
<core>NULL</core>
<MemPortIdVec></MemPortIdVec>
<condition id="-1">
<or_exp><and_exp></and_exp></or_exp>
</condition>

<Node id="23" bw="32" op_0_bw="32" op_1_bw="0" op_2_bw="32" op_3_bw="0">
<![CDATA[
.preheader6:2  %p_01_rec = phi i32 [ %add_ln119, %._crit_edge ], [ 0, %0 ]

]]></Node>
<StgValue><ssdm name="p_01_rec"/></StgValue>
</operation>

<operation id="118" st_id="2" stage="1" lat="1">
<core>NULL</core>
<MemPortIdVec></MemPortIdVec>
<condition id="-1">
<or_exp><and_exp></and_exp></or_exp>
</condition>

<Node id="24" bw="64" op_0_bw="32">
<![CDATA[
.preheader6:3  %p_01_rec_cast = zext i32 %p_01_rec to i64

]]></Node>
<StgValue><ssdm name="p_01_rec_cast"/></StgValue>
</operation>

<operation id="119" st_id="2" stage="1" lat="1">
<core>NULL</core>
<MemPortIdVec></MemPortIdVec>
<condition id="-1">
<or_exp><and_exp></and_exp></or_exp>
</condition>

<Node id="25" bw="6" op_0_bw="7" op_1_bw="64" op_2_bw="64">
<![CDATA[
.preheader6:4  %in_addr = getelementptr [40 x i7]* %in_r, i64 0, i64 %p_01_rec_cast

]]></Node>
<StgValue><ssdm name="in_addr"/></StgValue>
</operation>

<operation id="120" st_id="2" stage="1" lat="1">
<core>NULL</core>
<MemPortIdVec></MemPortIdVec>
<condition id="-1">
<or_exp><and_exp></and_exp></or_exp>
</condition>

<Node id="26" bw="6" op_0_bw="8" op_1_bw="64" op_2_bw="64">
<![CDATA[
.preheader6:5  %out_addr = getelementptr [40 x i8]* %out_r, i64 0, i64 %p_01_rec_cast

]]></Node>
<StgValue><ssdm name="out_addr"/></StgValue>
</operation>

<operation id="121" st_id="2" stage="1" lat="1">
<core>AddSub</core>
<MemPortIdVec></MemPortIdVec>
<condition id="-1">
<or_exp><and_exp></and_exp></or_exp>
</condition>

<Node id="27" bw="32" op_0_bw="32" op_1_bw="32">
<![CDATA[
.preheader6:6  %l = add nsw i32 %l_0, -1

]]></Node>
<StgValue><ssdm name="l"/></StgValue>
</operation>

<operation id="122" st_id="2" stage="1" lat="1">
<core>Cmp</core>
<MemPortIdVec></MemPortIdVec>
<condition id="-1">
<or_exp><and_exp></and_exp></or_exp>
</condition>

<Node id="28" bw="1" op_0_bw="32" op_1_bw="32">
<![CDATA[
.preheader6:7  %icmp_ln101 = icmp eq i32 %l_0, 0

]]></Node>
<StgValue><ssdm name="icmp_ln101"/></StgValue>
</operation>

<operation id="123" st_id="2" stage="1" lat="1">
<core>AddSub</core>
<MemPortIdVec></MemPortIdVec>
<condition id="-1">
<or_exp><and_exp></and_exp></or_exp>
</condition>

<Node id="29" bw="32" op_0_bw="32" op_1_bw="32">
<![CDATA[
.preheader6:8  %add_ln119 = add i32 %p_01_rec, 1

]]></Node>
<StgValue><ssdm name="add_ln119"/></StgValue>
</operation>

<operation id="124" st_id="2" stage="1" lat="1">
<core>NULL</core>
<MemPortIdVec></MemPortIdVec>
<condition id="-1">
<or_exp><and_exp></and_exp></or_exp>
</condition>

<Node id="30" bw="0" op_0_bw="1" op_1_bw="0" op_2_bw="0">
<![CDATA[
.preheader6:9  br i1 %icmp_ln101, label %.loopexit, label %1

]]></Node>
<StgValue><ssdm name="br_ln101"/></StgValue>
</operation>

<operation id="125" st_id="2" stage="1" lat="1">
<core>Cmp</core>
<MemPortIdVec></MemPortIdVec>
<condition id="-1">
<or_exp><and_exp><literal name="icmp_ln101" val="0"/>
</and_exp></or_exp>
</condition>

<Node id="32" bw="1" op_0_bw="32" op_1_bw="32">
<![CDATA[
:0  %icmp_ln103 = icmp eq i32 %num_write_assign, 0

]]></Node>
<StgValue><ssdm name="icmp_ln103"/></StgValue>
</operation>

<operation id="126" st_id="2" stage="1" lat="1">
<core>NULL</core>
<MemPortIdVec></MemPortIdVec>
<condition id="-1">
<or_exp><and_exp><literal name="icmp_ln101" val="0"/>
</and_exp></or_exp>
</condition>

<Node id="33" bw="0" op_0_bw="1" op_1_bw="0" op_2_bw="0">
<![CDATA[
:1  br i1 %icmp_ln103, label %2, label %._crit_edge

]]></Node>
<StgValue><ssdm name="br_ln103"/></StgValue>
</operation>

<operation id="127" st_id="2" stage="1" lat="1">
<core>NULL</core>
<MemPortIdVec></MemPortIdVec>
<condition id="-1">
<or_exp><and_exp><literal name="icmp_ln101" val="1"/>
</and_exp></or_exp>
</condition>

<Node id="79" bw="0" op_0_bw="32">
<![CDATA[
.loopexit:0  ret i32 %num_write_assign

]]></Node>
<StgValue><ssdm name="ret_ln151"/></StgValue>
</operation>
</state>

<state id="3" st_id="3">
</state>

<state id="4" st_id="4">
</state>

<state id="5" st_id="5">
</state>

<state id="6" st_id="6">
</state>

<state id="7" st_id="7">
</state>

<state id="8" st_id="8">
</state>

<state id="9" st_id="9">
</state>

<state id="10" st_id="10">
</state>

<state id="11" st_id="11">
</state>

<state id="12" st_id="12">
</state>

<state id="13" st_id="13">
</state>

<state id="14" st_id="14">
</state>

<state id="15" st_id="15">
</state>

<state id="16" st_id="16">
</state>

<state id="17" st_id="17">
</state>

<state id="18" st_id="18">
</state>

<state id="19" st_id="19">
</state>

<state id="20" st_id="20">
</state>

<state id="21" st_id="21">
</state>

<state id="22" st_id="22">
</state>

<state id="23" st_id="23">
</state>

<state id="24" st_id="24">
</state>

<state id="25" st_id="25">
</state>

<state id="26" st_id="26">
</state>

<state id="27" st_id="27">
</state>

<state id="28" st_id="28">
</state>

<state id="29" st_id="29">

<operation id="128" st_id="29" stage="2" lat="2">
<core>RAM</core>
<MemPortIdVec></MemPortIdVec>
<condition id="-1">
<or_exp><and_exp></and_exp></or_exp>
</condition>

<Node id="35" bw="8" op_0_bw="3">
<![CDATA[
:0  %ivec_load = load i8* %ivec_addr, align 1

]]></Node>
<StgValue><ssdm name="ivec_load"/></StgValue>
</operation>

<operation id="129" st_id="29" stage="2" lat="2">
<core>RAM</core>
<MemPortIdVec></MemPortIdVec>
<condition id="-1">
<or_exp><and_exp></and_exp></or_exp>
</condition>

<Node id="36" bw="8" op_0_bw="3">
<![CDATA[
:1  %iv_load = load i8* %iv, align 1

]]></Node>
<StgValue><ssdm name="iv_load"/></StgValue>
</operation>
</state>

<state id="30" st_id="30">

<operation id="130" st_id="30" stage="1" lat="2">
<core>RAM</core>
<MemPortIdVec></MemPortIdVec>
<condition id="-1">
<or_exp><and_exp></and_exp></or_exp>
</condition>

<Node id="35" bw="8" op_0_bw="3">
<![CDATA[
:0  %ivec_load = load i8* %ivec_addr, align 1

]]></Node>
<StgValue><ssdm name="ivec_load"/></StgValue>
</operation>

<operation id="131" st_id="30" stage="1" lat="2">
<core>RAM</core>
<MemPortIdVec></MemPortIdVec>
<condition id="-1">
<or_exp><and_exp></and_exp></or_exp>
</condition>

<Node id="36" bw="8" op_0_bw="3">
<![CDATA[
:1  %iv_load = load i8* %iv, align 1

]]></Node>
<StgValue><ssdm name="iv_load"/></StgValue>
</operation>

<operation id="132" st_id="30" stage="2" lat="2">
<core>RAM</core>
<MemPortIdVec></MemPortIdVec>
<condition id="-1">
<or_exp><and_exp></and_exp></or_exp>
</condition>

<Node id="37" bw="8" op_0_bw="3">
<![CDATA[
:2  %iv_1_load = load i8* %iv_1, align 1

]]></Node>
<StgValue><ssdm name="iv_1_load"/></StgValue>
</operation>

<operation id="133" st_id="30" stage="2" lat="2">
<core>RAM</core>
<MemPortIdVec></MemPortIdVec>
<condition id="-1">
<or_exp><and_exp></and_exp></or_exp>
</condition>

<Node id="38" bw="8" op_0_bw="3">
<![CDATA[
:3  %iv_2_load = load i8* %iv_2, align 1

]]></Node>
<StgValue><ssdm name="iv_2_load"/></StgValue>
</operation>
</state>

<state id="31" st_id="31">

<operation id="134" st_id="31" stage="1" lat="2">
<core>RAM</core>
<MemPortIdVec></MemPortIdVec>
<condition id="-1">
<or_exp><and_exp></and_exp></or_exp>
</condition>

<Node id="37" bw="8" op_0_bw="3">
<![CDATA[
:2  %iv_1_load = load i8* %iv_1, align 1

]]></Node>
<StgValue><ssdm name="iv_1_load"/></StgValue>
</operation>

<operation id="135" st_id="31" stage="1" lat="2">
<core>RAM</core>
<MemPortIdVec></MemPortIdVec>
<condition id="-1">
<or_exp><and_exp></and_exp></or_exp>
</condition>

<Node id="38" bw="8" op_0_bw="3">
<![CDATA[
:3  %iv_2_load = load i8* %iv_2, align 1

]]></Node>
<StgValue><ssdm name="iv_2_load"/></StgValue>
</operation>

<operation id="136" st_id="31" stage="2" lat="2">
<core>RAM</core>
<MemPortIdVec></MemPortIdVec>
<condition id="-1">
<or_exp><and_exp></and_exp></or_exp>
</condition>

<Node id="40" bw="8" op_0_bw="3">
<![CDATA[
:5  %iv_3_load = load i8* %iv_3, align 1

]]></Node>
<StgValue><ssdm name="iv_3_load"/></StgValue>
</operation>

<operation id="137" st_id="31" stage="2" lat="2">
<core>RAM</core>
<MemPortIdVec></MemPortIdVec>
<condition id="-1">
<or_exp><and_exp></and_exp></or_exp>
</condition>

<Node id="41" bw="8" op_0_bw="3">
<![CDATA[
:6  %iv_4_load = load i8* %iv_4, align 1

]]></Node>
<StgValue><ssdm name="iv_4_load"/></StgValue>
</operation>
</state>

<state id="32" st_id="32">

<operation id="138" st_id="32" stage="1" lat="2">
<core>RAM</core>
<MemPortIdVec></MemPortIdVec>
<condition id="-1">
<or_exp><and_exp></and_exp></or_exp>
</condition>

<Node id="40" bw="8" op_0_bw="3">
<![CDATA[
:5  %iv_3_load = load i8* %iv_3, align 1

]]></Node>
<StgValue><ssdm name="iv_3_load"/></StgValue>
</operation>

<operation id="139" st_id="32" stage="1" lat="2">
<core>RAM</core>
<MemPortIdVec></MemPortIdVec>
<condition id="-1">
<or_exp><and_exp></and_exp></or_exp>
</condition>

<Node id="41" bw="8" op_0_bw="3">
<![CDATA[
:6  %iv_4_load = load i8* %iv_4, align 1

]]></Node>
<StgValue><ssdm name="iv_4_load"/></StgValue>
</operation>

<operation id="140" st_id="32" stage="2" lat="2">
<core>RAM</core>
<MemPortIdVec></MemPortIdVec>
<condition id="-1">
<or_exp><and_exp></and_exp></or_exp>
</condition>

<Node id="42" bw="8" op_0_bw="3">
<![CDATA[
:7  %iv_5_load = load i8* %iv_5, align 1

]]></Node>
<StgValue><ssdm name="iv_5_load"/></StgValue>
</operation>

<operation id="141" st_id="32" stage="2" lat="2">
<core>RAM</core>
<MemPortIdVec></MemPortIdVec>
<condition id="-1">
<or_exp><and_exp></and_exp></or_exp>
</condition>

<Node id="43" bw="8" op_0_bw="3">
<![CDATA[
:8  %iv_6_load = load i8* %iv_6, align 1

]]></Node>
<StgValue><ssdm name="iv_6_load"/></StgValue>
</operation>
</state>

<state id="33" st_id="33">

<operation id="142" st_id="33" stage="1" lat="1">
<core>NULL</core>
<MemPortIdVec></MemPortIdVec>
<condition id="-1">
<or_exp><and_exp></and_exp></or_exp>
</condition>

<Node id="39" bw="32" op_0_bw="32" op_1_bw="8" op_2_bw="8" op_3_bw="8" op_4_bw="8">
<![CDATA[
:4  %v0 = call i32 @_ssdm_op_BitConcatenate.i32.i8.i8.i8.i8(i8 %ivec_load, i8 %iv_load, i8 %iv_1_load, i8 %iv_2_load)

]]></Node>
<StgValue><ssdm name="v0"/></StgValue>
</operation>

<operation id="143" st_id="33" stage="1" lat="2">
<core>RAM</core>
<MemPortIdVec></MemPortIdVec>
<condition id="-1">
<or_exp><and_exp></and_exp></or_exp>
</condition>

<Node id="42" bw="8" op_0_bw="3">
<![CDATA[
:7  %iv_5_load = load i8* %iv_5, align 1

]]></Node>
<StgValue><ssdm name="iv_5_load"/></StgValue>
</operation>

<operation id="144" st_id="33" stage="1" lat="2">
<core>RAM</core>
<MemPortIdVec></MemPortIdVec>
<condition id="-1">
<or_exp><and_exp></and_exp></or_exp>
</condition>

<Node id="43" bw="8" op_0_bw="3">
<![CDATA[
:8  %iv_6_load = load i8* %iv_6, align 1

]]></Node>
<StgValue><ssdm name="iv_6_load"/></StgValue>
</operation>

<operation id="145" st_id="33" stage="1" lat="1">
<core>NULL</core>
<MemPortIdVec></MemPortIdVec>
<condition id="-1">
<or_exp><and_exp></and_exp></or_exp>
</condition>

<Node id="44" bw="32" op_0_bw="32" op_1_bw="8" op_2_bw="8" op_3_bw="8" op_4_bw="8">
<![CDATA[
:9  %v1 = call i32 @_ssdm_op_BitConcatenate.i32.i8.i8.i8.i8(i8 %iv_3_load, i8 %iv_4_load, i8 %iv_5_load, i8 %iv_6_load)

]]></Node>
<StgValue><ssdm name="v1"/></StgValue>
</operation>

<operation id="146" st_id="33" stage="64" lat="64">
<core></core>
<MemPortIdVec></MemPortIdVec>
<condition id="-1">
<or_exp><and_exp></and_exp></or_exp>
</condition>

<Node id="45" bw="64" op_0_bw="64" op_1_bw="32" op_2_bw="32" op_3_bw="32" op_4_bw="32">
<![CDATA[
:10  %call_ret = call fastcc { i32, i32 } @BF_encrypt(i32 %v0, i32 %v1)

]]></Node>
<StgValue><ssdm name="call_ret"/></StgValue>
</operation>
</state>

<state id="34" st_id="34">

<operation id="147" st_id="34" stage="63" lat="64">
<core></core>
<MemPortIdVec></MemPortIdVec>
<condition id="-1">
<or_exp><and_exp></and_exp></or_exp>
</condition>

<Node id="45" bw="64" op_0_bw="64" op_1_bw="32" op_2_bw="32" op_3_bw="32" op_4_bw="32">
<![CDATA[
:10  %call_ret = call fastcc { i32, i32 } @BF_encrypt(i32 %v0, i32 %v1)

]]></Node>
<StgValue><ssdm name="call_ret"/></StgValue>
</operation>
</state>

<state id="35" st_id="35">

<operation id="148" st_id="35" stage="62" lat="64">
<core></core>
<MemPortIdVec></MemPortIdVec>
<condition id="-1">
<or_exp><and_exp></and_exp></or_exp>
</condition>

<Node id="45" bw="64" op_0_bw="64" op_1_bw="32" op_2_bw="32" op_3_bw="32" op_4_bw="32">
<![CDATA[
:10  %call_ret = call fastcc { i32, i32 } @BF_encrypt(i32 %v0, i32 %v1)

]]></Node>
<StgValue><ssdm name="call_ret"/></StgValue>
</operation>
</state>

<state id="36" st_id="36">

<operation id="149" st_id="36" stage="61" lat="64">
<core></core>
<MemPortIdVec></MemPortIdVec>
<condition id="-1">
<or_exp><and_exp></and_exp></or_exp>
</condition>

<Node id="45" bw="64" op_0_bw="64" op_1_bw="32" op_2_bw="32" op_3_bw="32" op_4_bw="32">
<![CDATA[
:10  %call_ret = call fastcc { i32, i32 } @BF_encrypt(i32 %v0, i32 %v1)

]]></Node>
<StgValue><ssdm name="call_ret"/></StgValue>
</operation>
</state>

<state id="37" st_id="37">

<operation id="150" st_id="37" stage="60" lat="64">
<core></core>
<MemPortIdVec></MemPortIdVec>
<condition id="-1">
<or_exp><and_exp></and_exp></or_exp>
</condition>

<Node id="45" bw="64" op_0_bw="64" op_1_bw="32" op_2_bw="32" op_3_bw="32" op_4_bw="32">
<![CDATA[
:10  %call_ret = call fastcc { i32, i32 } @BF_encrypt(i32 %v0, i32 %v1)

]]></Node>
<StgValue><ssdm name="call_ret"/></StgValue>
</operation>
</state>

<state id="38" st_id="38">

<operation id="151" st_id="38" stage="59" lat="64">
<core></core>
<MemPortIdVec></MemPortIdVec>
<condition id="-1">
<or_exp><and_exp></and_exp></or_exp>
</condition>

<Node id="45" bw="64" op_0_bw="64" op_1_bw="32" op_2_bw="32" op_3_bw="32" op_4_bw="32">
<![CDATA[
:10  %call_ret = call fastcc { i32, i32 } @BF_encrypt(i32 %v0, i32 %v1)

]]></Node>
<StgValue><ssdm name="call_ret"/></StgValue>
</operation>
</state>

<state id="39" st_id="39">

<operation id="152" st_id="39" stage="58" lat="64">
<core></core>
<MemPortIdVec></MemPortIdVec>
<condition id="-1">
<or_exp><and_exp></and_exp></or_exp>
</condition>

<Node id="45" bw="64" op_0_bw="64" op_1_bw="32" op_2_bw="32" op_3_bw="32" op_4_bw="32">
<![CDATA[
:10  %call_ret = call fastcc { i32, i32 } @BF_encrypt(i32 %v0, i32 %v1)

]]></Node>
<StgValue><ssdm name="call_ret"/></StgValue>
</operation>
</state>

<state id="40" st_id="40">

<operation id="153" st_id="40" stage="57" lat="64">
<core></core>
<MemPortIdVec></MemPortIdVec>
<condition id="-1">
<or_exp><and_exp></and_exp></or_exp>
</condition>

<Node id="45" bw="64" op_0_bw="64" op_1_bw="32" op_2_bw="32" op_3_bw="32" op_4_bw="32">
<![CDATA[
:10  %call_ret = call fastcc { i32, i32 } @BF_encrypt(i32 %v0, i32 %v1)

]]></Node>
<StgValue><ssdm name="call_ret"/></StgValue>
</operation>
</state>

<state id="41" st_id="41">

<operation id="154" st_id="41" stage="56" lat="64">
<core></core>
<MemPortIdVec></MemPortIdVec>
<condition id="-1">
<or_exp><and_exp></and_exp></or_exp>
</condition>

<Node id="45" bw="64" op_0_bw="64" op_1_bw="32" op_2_bw="32" op_3_bw="32" op_4_bw="32">
<![CDATA[
:10  %call_ret = call fastcc { i32, i32 } @BF_encrypt(i32 %v0, i32 %v1)

]]></Node>
<StgValue><ssdm name="call_ret"/></StgValue>
</operation>
</state>

<state id="42" st_id="42">

<operation id="155" st_id="42" stage="55" lat="64">
<core></core>
<MemPortIdVec></MemPortIdVec>
<condition id="-1">
<or_exp><and_exp></and_exp></or_exp>
</condition>

<Node id="45" bw="64" op_0_bw="64" op_1_bw="32" op_2_bw="32" op_3_bw="32" op_4_bw="32">
<![CDATA[
:10  %call_ret = call fastcc { i32, i32 } @BF_encrypt(i32 %v0, i32 %v1)

]]></Node>
<StgValue><ssdm name="call_ret"/></StgValue>
</operation>
</state>

<state id="43" st_id="43">

<operation id="156" st_id="43" stage="54" lat="64">
<core></core>
<MemPortIdVec></MemPortIdVec>
<condition id="-1">
<or_exp><and_exp></and_exp></or_exp>
</condition>

<Node id="45" bw="64" op_0_bw="64" op_1_bw="32" op_2_bw="32" op_3_bw="32" op_4_bw="32">
<![CDATA[
:10  %call_ret = call fastcc { i32, i32 } @BF_encrypt(i32 %v0, i32 %v1)

]]></Node>
<StgValue><ssdm name="call_ret"/></StgValue>
</operation>
</state>

<state id="44" st_id="44">

<operation id="157" st_id="44" stage="53" lat="64">
<core></core>
<MemPortIdVec></MemPortIdVec>
<condition id="-1">
<or_exp><and_exp></and_exp></or_exp>
</condition>

<Node id="45" bw="64" op_0_bw="64" op_1_bw="32" op_2_bw="32" op_3_bw="32" op_4_bw="32">
<![CDATA[
:10  %call_ret = call fastcc { i32, i32 } @BF_encrypt(i32 %v0, i32 %v1)

]]></Node>
<StgValue><ssdm name="call_ret"/></StgValue>
</operation>
</state>

<state id="45" st_id="45">

<operation id="158" st_id="45" stage="52" lat="64">
<core></core>
<MemPortIdVec></MemPortIdVec>
<condition id="-1">
<or_exp><and_exp></and_exp></or_exp>
</condition>

<Node id="45" bw="64" op_0_bw="64" op_1_bw="32" op_2_bw="32" op_3_bw="32" op_4_bw="32">
<![CDATA[
:10  %call_ret = call fastcc { i32, i32 } @BF_encrypt(i32 %v0, i32 %v1)

]]></Node>
<StgValue><ssdm name="call_ret"/></StgValue>
</operation>
</state>

<state id="46" st_id="46">

<operation id="159" st_id="46" stage="51" lat="64">
<core></core>
<MemPortIdVec></MemPortIdVec>
<condition id="-1">
<or_exp><and_exp></and_exp></or_exp>
</condition>

<Node id="45" bw="64" op_0_bw="64" op_1_bw="32" op_2_bw="32" op_3_bw="32" op_4_bw="32">
<![CDATA[
:10  %call_ret = call fastcc { i32, i32 } @BF_encrypt(i32 %v0, i32 %v1)

]]></Node>
<StgValue><ssdm name="call_ret"/></StgValue>
</operation>
</state>

<state id="47" st_id="47">

<operation id="160" st_id="47" stage="50" lat="64">
<core></core>
<MemPortIdVec></MemPortIdVec>
<condition id="-1">
<or_exp><and_exp></and_exp></or_exp>
</condition>

<Node id="45" bw="64" op_0_bw="64" op_1_bw="32" op_2_bw="32" op_3_bw="32" op_4_bw="32">
<![CDATA[
:10  %call_ret = call fastcc { i32, i32 } @BF_encrypt(i32 %v0, i32 %v1)

]]></Node>
<StgValue><ssdm name="call_ret"/></StgValue>
</operation>
</state>

<state id="48" st_id="48">

<operation id="161" st_id="48" stage="49" lat="64">
<core></core>
<MemPortIdVec></MemPortIdVec>
<condition id="-1">
<or_exp><and_exp></and_exp></or_exp>
</condition>

<Node id="45" bw="64" op_0_bw="64" op_1_bw="32" op_2_bw="32" op_3_bw="32" op_4_bw="32">
<![CDATA[
:10  %call_ret = call fastcc { i32, i32 } @BF_encrypt(i32 %v0, i32 %v1)

]]></Node>
<StgValue><ssdm name="call_ret"/></StgValue>
</operation>
</state>

<state id="49" st_id="49">

<operation id="162" st_id="49" stage="48" lat="64">
<core></core>
<MemPortIdVec></MemPortIdVec>
<condition id="-1">
<or_exp><and_exp></and_exp></or_exp>
</condition>

<Node id="45" bw="64" op_0_bw="64" op_1_bw="32" op_2_bw="32" op_3_bw="32" op_4_bw="32">
<![CDATA[
:10  %call_ret = call fastcc { i32, i32 } @BF_encrypt(i32 %v0, i32 %v1)

]]></Node>
<StgValue><ssdm name="call_ret"/></StgValue>
</operation>
</state>

<state id="50" st_id="50">

<operation id="163" st_id="50" stage="47" lat="64">
<core></core>
<MemPortIdVec></MemPortIdVec>
<condition id="-1">
<or_exp><and_exp></and_exp></or_exp>
</condition>

<Node id="45" bw="64" op_0_bw="64" op_1_bw="32" op_2_bw="32" op_3_bw="32" op_4_bw="32">
<![CDATA[
:10  %call_ret = call fastcc { i32, i32 } @BF_encrypt(i32 %v0, i32 %v1)

]]></Node>
<StgValue><ssdm name="call_ret"/></StgValue>
</operation>
</state>

<state id="51" st_id="51">

<operation id="164" st_id="51" stage="46" lat="64">
<core></core>
<MemPortIdVec></MemPortIdVec>
<condition id="-1">
<or_exp><and_exp></and_exp></or_exp>
</condition>

<Node id="45" bw="64" op_0_bw="64" op_1_bw="32" op_2_bw="32" op_3_bw="32" op_4_bw="32">
<![CDATA[
:10  %call_ret = call fastcc { i32, i32 } @BF_encrypt(i32 %v0, i32 %v1)

]]></Node>
<StgValue><ssdm name="call_ret"/></StgValue>
</operation>
</state>

<state id="52" st_id="52">

<operation id="165" st_id="52" stage="45" lat="64">
<core></core>
<MemPortIdVec></MemPortIdVec>
<condition id="-1">
<or_exp><and_exp></and_exp></or_exp>
</condition>

<Node id="45" bw="64" op_0_bw="64" op_1_bw="32" op_2_bw="32" op_3_bw="32" op_4_bw="32">
<![CDATA[
:10  %call_ret = call fastcc { i32, i32 } @BF_encrypt(i32 %v0, i32 %v1)

]]></Node>
<StgValue><ssdm name="call_ret"/></StgValue>
</operation>
</state>

<state id="53" st_id="53">

<operation id="166" st_id="53" stage="44" lat="64">
<core></core>
<MemPortIdVec></MemPortIdVec>
<condition id="-1">
<or_exp><and_exp></and_exp></or_exp>
</condition>

<Node id="45" bw="64" op_0_bw="64" op_1_bw="32" op_2_bw="32" op_3_bw="32" op_4_bw="32">
<![CDATA[
:10  %call_ret = call fastcc { i32, i32 } @BF_encrypt(i32 %v0, i32 %v1)

]]></Node>
<StgValue><ssdm name="call_ret"/></StgValue>
</operation>
</state>

<state id="54" st_id="54">

<operation id="167" st_id="54" stage="43" lat="64">
<core></core>
<MemPortIdVec></MemPortIdVec>
<condition id="-1">
<or_exp><and_exp></and_exp></or_exp>
</condition>

<Node id="45" bw="64" op_0_bw="64" op_1_bw="32" op_2_bw="32" op_3_bw="32" op_4_bw="32">
<![CDATA[
:10  %call_ret = call fastcc { i32, i32 } @BF_encrypt(i32 %v0, i32 %v1)

]]></Node>
<StgValue><ssdm name="call_ret"/></StgValue>
</operation>
</state>

<state id="55" st_id="55">

<operation id="168" st_id="55" stage="42" lat="64">
<core></core>
<MemPortIdVec></MemPortIdVec>
<condition id="-1">
<or_exp><and_exp></and_exp></or_exp>
</condition>

<Node id="45" bw="64" op_0_bw="64" op_1_bw="32" op_2_bw="32" op_3_bw="32" op_4_bw="32">
<![CDATA[
:10  %call_ret = call fastcc { i32, i32 } @BF_encrypt(i32 %v0, i32 %v1)

]]></Node>
<StgValue><ssdm name="call_ret"/></StgValue>
</operation>
</state>

<state id="56" st_id="56">

<operation id="169" st_id="56" stage="41" lat="64">
<core></core>
<MemPortIdVec></MemPortIdVec>
<condition id="-1">
<or_exp><and_exp></and_exp></or_exp>
</condition>

<Node id="45" bw="64" op_0_bw="64" op_1_bw="32" op_2_bw="32" op_3_bw="32" op_4_bw="32">
<![CDATA[
:10  %call_ret = call fastcc { i32, i32 } @BF_encrypt(i32 %v0, i32 %v1)

]]></Node>
<StgValue><ssdm name="call_ret"/></StgValue>
</operation>
</state>

<state id="57" st_id="57">

<operation id="170" st_id="57" stage="40" lat="64">
<core></core>
<MemPortIdVec></MemPortIdVec>
<condition id="-1">
<or_exp><and_exp></and_exp></or_exp>
</condition>

<Node id="45" bw="64" op_0_bw="64" op_1_bw="32" op_2_bw="32" op_3_bw="32" op_4_bw="32">
<![CDATA[
:10  %call_ret = call fastcc { i32, i32 } @BF_encrypt(i32 %v0, i32 %v1)

]]></Node>
<StgValue><ssdm name="call_ret"/></StgValue>
</operation>
</state>

<state id="58" st_id="58">

<operation id="171" st_id="58" stage="39" lat="64">
<core></core>
<MemPortIdVec></MemPortIdVec>
<condition id="-1">
<or_exp><and_exp></and_exp></or_exp>
</condition>

<Node id="45" bw="64" op_0_bw="64" op_1_bw="32" op_2_bw="32" op_3_bw="32" op_4_bw="32">
<![CDATA[
:10  %call_ret = call fastcc { i32, i32 } @BF_encrypt(i32 %v0, i32 %v1)

]]></Node>
<StgValue><ssdm name="call_ret"/></StgValue>
</operation>
</state>

<state id="59" st_id="59">

<operation id="172" st_id="59" stage="38" lat="64">
<core></core>
<MemPortIdVec></MemPortIdVec>
<condition id="-1">
<or_exp><and_exp></and_exp></or_exp>
</condition>

<Node id="45" bw="64" op_0_bw="64" op_1_bw="32" op_2_bw="32" op_3_bw="32" op_4_bw="32">
<![CDATA[
:10  %call_ret = call fastcc { i32, i32 } @BF_encrypt(i32 %v0, i32 %v1)

]]></Node>
<StgValue><ssdm name="call_ret"/></StgValue>
</operation>
</state>

<state id="60" st_id="60">

<operation id="173" st_id="60" stage="37" lat="64">
<core></core>
<MemPortIdVec></MemPortIdVec>
<condition id="-1">
<or_exp><and_exp></and_exp></or_exp>
</condition>

<Node id="45" bw="64" op_0_bw="64" op_1_bw="32" op_2_bw="32" op_3_bw="32" op_4_bw="32">
<![CDATA[
:10  %call_ret = call fastcc { i32, i32 } @BF_encrypt(i32 %v0, i32 %v1)

]]></Node>
<StgValue><ssdm name="call_ret"/></StgValue>
</operation>
</state>

<state id="61" st_id="61">

<operation id="174" st_id="61" stage="36" lat="64">
<core></core>
<MemPortIdVec></MemPortIdVec>
<condition id="-1">
<or_exp><and_exp></and_exp></or_exp>
</condition>

<Node id="45" bw="64" op_0_bw="64" op_1_bw="32" op_2_bw="32" op_3_bw="32" op_4_bw="32">
<![CDATA[
:10  %call_ret = call fastcc { i32, i32 } @BF_encrypt(i32 %v0, i32 %v1)

]]></Node>
<StgValue><ssdm name="call_ret"/></StgValue>
</operation>
</state>

<state id="62" st_id="62">

<operation id="175" st_id="62" stage="35" lat="64">
<core></core>
<MemPortIdVec></MemPortIdVec>
<condition id="-1">
<or_exp><and_exp></and_exp></or_exp>
</condition>

<Node id="45" bw="64" op_0_bw="64" op_1_bw="32" op_2_bw="32" op_3_bw="32" op_4_bw="32">
<![CDATA[
:10  %call_ret = call fastcc { i32, i32 } @BF_encrypt(i32 %v0, i32 %v1)

]]></Node>
<StgValue><ssdm name="call_ret"/></StgValue>
</operation>
</state>

<state id="63" st_id="63">

<operation id="176" st_id="63" stage="34" lat="64">
<core></core>
<MemPortIdVec></MemPortIdVec>
<condition id="-1">
<or_exp><and_exp></and_exp></or_exp>
</condition>

<Node id="45" bw="64" op_0_bw="64" op_1_bw="32" op_2_bw="32" op_3_bw="32" op_4_bw="32">
<![CDATA[
:10  %call_ret = call fastcc { i32, i32 } @BF_encrypt(i32 %v0, i32 %v1)

]]></Node>
<StgValue><ssdm name="call_ret"/></StgValue>
</operation>
</state>

<state id="64" st_id="64">

<operation id="177" st_id="64" stage="33" lat="64">
<core></core>
<MemPortIdVec></MemPortIdVec>
<condition id="-1">
<or_exp><and_exp></and_exp></or_exp>
</condition>

<Node id="45" bw="64" op_0_bw="64" op_1_bw="32" op_2_bw="32" op_3_bw="32" op_4_bw="32">
<![CDATA[
:10  %call_ret = call fastcc { i32, i32 } @BF_encrypt(i32 %v0, i32 %v1)

]]></Node>
<StgValue><ssdm name="call_ret"/></StgValue>
</operation>
</state>

<state id="65" st_id="65">

<operation id="178" st_id="65" stage="32" lat="64">
<core></core>
<MemPortIdVec></MemPortIdVec>
<condition id="-1">
<or_exp><and_exp></and_exp></or_exp>
</condition>

<Node id="45" bw="64" op_0_bw="64" op_1_bw="32" op_2_bw="32" op_3_bw="32" op_4_bw="32">
<![CDATA[
:10  %call_ret = call fastcc { i32, i32 } @BF_encrypt(i32 %v0, i32 %v1)

]]></Node>
<StgValue><ssdm name="call_ret"/></StgValue>
</operation>
</state>

<state id="66" st_id="66">

<operation id="179" st_id="66" stage="31" lat="64">
<core></core>
<MemPortIdVec></MemPortIdVec>
<condition id="-1">
<or_exp><and_exp></and_exp></or_exp>
</condition>

<Node id="45" bw="64" op_0_bw="64" op_1_bw="32" op_2_bw="32" op_3_bw="32" op_4_bw="32">
<![CDATA[
:10  %call_ret = call fastcc { i32, i32 } @BF_encrypt(i32 %v0, i32 %v1)

]]></Node>
<StgValue><ssdm name="call_ret"/></StgValue>
</operation>
</state>

<state id="67" st_id="67">

<operation id="180" st_id="67" stage="30" lat="64">
<core></core>
<MemPortIdVec></MemPortIdVec>
<condition id="-1">
<or_exp><and_exp></and_exp></or_exp>
</condition>

<Node id="45" bw="64" op_0_bw="64" op_1_bw="32" op_2_bw="32" op_3_bw="32" op_4_bw="32">
<![CDATA[
:10  %call_ret = call fastcc { i32, i32 } @BF_encrypt(i32 %v0, i32 %v1)

]]></Node>
<StgValue><ssdm name="call_ret"/></StgValue>
</operation>
</state>

<state id="68" st_id="68">

<operation id="181" st_id="68" stage="29" lat="64">
<core></core>
<MemPortIdVec></MemPortIdVec>
<condition id="-1">
<or_exp><and_exp></and_exp></or_exp>
</condition>

<Node id="45" bw="64" op_0_bw="64" op_1_bw="32" op_2_bw="32" op_3_bw="32" op_4_bw="32">
<![CDATA[
:10  %call_ret = call fastcc { i32, i32 } @BF_encrypt(i32 %v0, i32 %v1)

]]></Node>
<StgValue><ssdm name="call_ret"/></StgValue>
</operation>
</state>

<state id="69" st_id="69">

<operation id="182" st_id="69" stage="28" lat="64">
<core></core>
<MemPortIdVec></MemPortIdVec>
<condition id="-1">
<or_exp><and_exp></and_exp></or_exp>
</condition>

<Node id="45" bw="64" op_0_bw="64" op_1_bw="32" op_2_bw="32" op_3_bw="32" op_4_bw="32">
<![CDATA[
:10  %call_ret = call fastcc { i32, i32 } @BF_encrypt(i32 %v0, i32 %v1)

]]></Node>
<StgValue><ssdm name="call_ret"/></StgValue>
</operation>
</state>

<state id="70" st_id="70">

<operation id="183" st_id="70" stage="27" lat="64">
<core></core>
<MemPortIdVec></MemPortIdVec>
<condition id="-1">
<or_exp><and_exp></and_exp></or_exp>
</condition>

<Node id="45" bw="64" op_0_bw="64" op_1_bw="32" op_2_bw="32" op_3_bw="32" op_4_bw="32">
<![CDATA[
:10  %call_ret = call fastcc { i32, i32 } @BF_encrypt(i32 %v0, i32 %v1)

]]></Node>
<StgValue><ssdm name="call_ret"/></StgValue>
</operation>
</state>

<state id="71" st_id="71">

<operation id="184" st_id="71" stage="26" lat="64">
<core></core>
<MemPortIdVec></MemPortIdVec>
<condition id="-1">
<or_exp><and_exp></and_exp></or_exp>
</condition>

<Node id="45" bw="64" op_0_bw="64" op_1_bw="32" op_2_bw="32" op_3_bw="32" op_4_bw="32">
<![CDATA[
:10  %call_ret = call fastcc { i32, i32 } @BF_encrypt(i32 %v0, i32 %v1)

]]></Node>
<StgValue><ssdm name="call_ret"/></StgValue>
</operation>
</state>

<state id="72" st_id="72">

<operation id="185" st_id="72" stage="25" lat="64">
<core></core>
<MemPortIdVec></MemPortIdVec>
<condition id="-1">
<or_exp><and_exp></and_exp></or_exp>
</condition>

<Node id="45" bw="64" op_0_bw="64" op_1_bw="32" op_2_bw="32" op_3_bw="32" op_4_bw="32">
<![CDATA[
:10  %call_ret = call fastcc { i32, i32 } @BF_encrypt(i32 %v0, i32 %v1)

]]></Node>
<StgValue><ssdm name="call_ret"/></StgValue>
</operation>
</state>

<state id="73" st_id="73">

<operation id="186" st_id="73" stage="24" lat="64">
<core></core>
<MemPortIdVec></MemPortIdVec>
<condition id="-1">
<or_exp><and_exp></and_exp></or_exp>
</condition>

<Node id="45" bw="64" op_0_bw="64" op_1_bw="32" op_2_bw="32" op_3_bw="32" op_4_bw="32">
<![CDATA[
:10  %call_ret = call fastcc { i32, i32 } @BF_encrypt(i32 %v0, i32 %v1)

]]></Node>
<StgValue><ssdm name="call_ret"/></StgValue>
</operation>
</state>

<state id="74" st_id="74">

<operation id="187" st_id="74" stage="23" lat="64">
<core></core>
<MemPortIdVec></MemPortIdVec>
<condition id="-1">
<or_exp><and_exp></and_exp></or_exp>
</condition>

<Node id="45" bw="64" op_0_bw="64" op_1_bw="32" op_2_bw="32" op_3_bw="32" op_4_bw="32">
<![CDATA[
:10  %call_ret = call fastcc { i32, i32 } @BF_encrypt(i32 %v0, i32 %v1)

]]></Node>
<StgValue><ssdm name="call_ret"/></StgValue>
</operation>
</state>

<state id="75" st_id="75">

<operation id="188" st_id="75" stage="22" lat="64">
<core></core>
<MemPortIdVec></MemPortIdVec>
<condition id="-1">
<or_exp><and_exp></and_exp></or_exp>
</condition>

<Node id="45" bw="64" op_0_bw="64" op_1_bw="32" op_2_bw="32" op_3_bw="32" op_4_bw="32">
<![CDATA[
:10  %call_ret = call fastcc { i32, i32 } @BF_encrypt(i32 %v0, i32 %v1)

]]></Node>
<StgValue><ssdm name="call_ret"/></StgValue>
</operation>
</state>

<state id="76" st_id="76">

<operation id="189" st_id="76" stage="21" lat="64">
<core></core>
<MemPortIdVec></MemPortIdVec>
<condition id="-1">
<or_exp><and_exp></and_exp></or_exp>
</condition>

<Node id="45" bw="64" op_0_bw="64" op_1_bw="32" op_2_bw="32" op_3_bw="32" op_4_bw="32">
<![CDATA[
:10  %call_ret = call fastcc { i32, i32 } @BF_encrypt(i32 %v0, i32 %v1)

]]></Node>
<StgValue><ssdm name="call_ret"/></StgValue>
</operation>
</state>

<state id="77" st_id="77">

<operation id="190" st_id="77" stage="20" lat="64">
<core></core>
<MemPortIdVec></MemPortIdVec>
<condition id="-1">
<or_exp><and_exp></and_exp></or_exp>
</condition>

<Node id="45" bw="64" op_0_bw="64" op_1_bw="32" op_2_bw="32" op_3_bw="32" op_4_bw="32">
<![CDATA[
:10  %call_ret = call fastcc { i32, i32 } @BF_encrypt(i32 %v0, i32 %v1)

]]></Node>
<StgValue><ssdm name="call_ret"/></StgValue>
</operation>
</state>

<state id="78" st_id="78">

<operation id="191" st_id="78" stage="19" lat="64">
<core></core>
<MemPortIdVec></MemPortIdVec>
<condition id="-1">
<or_exp><and_exp></and_exp></or_exp>
</condition>

<Node id="45" bw="64" op_0_bw="64" op_1_bw="32" op_2_bw="32" op_3_bw="32" op_4_bw="32">
<![CDATA[
:10  %call_ret = call fastcc { i32, i32 } @BF_encrypt(i32 %v0, i32 %v1)

]]></Node>
<StgValue><ssdm name="call_ret"/></StgValue>
</operation>
</state>

<state id="79" st_id="79">

<operation id="192" st_id="79" stage="18" lat="64">
<core></core>
<MemPortIdVec></MemPortIdVec>
<condition id="-1">
<or_exp><and_exp></and_exp></or_exp>
</condition>

<Node id="45" bw="64" op_0_bw="64" op_1_bw="32" op_2_bw="32" op_3_bw="32" op_4_bw="32">
<![CDATA[
:10  %call_ret = call fastcc { i32, i32 } @BF_encrypt(i32 %v0, i32 %v1)

]]></Node>
<StgValue><ssdm name="call_ret"/></StgValue>
</operation>
</state>

<state id="80" st_id="80">

<operation id="193" st_id="80" stage="17" lat="64">
<core></core>
<MemPortIdVec></MemPortIdVec>
<condition id="-1">
<or_exp><and_exp></and_exp></or_exp>
</condition>

<Node id="45" bw="64" op_0_bw="64" op_1_bw="32" op_2_bw="32" op_3_bw="32" op_4_bw="32">
<![CDATA[
:10  %call_ret = call fastcc { i32, i32 } @BF_encrypt(i32 %v0, i32 %v1)

]]></Node>
<StgValue><ssdm name="call_ret"/></StgValue>
</operation>
</state>

<state id="81" st_id="81">

<operation id="194" st_id="81" stage="16" lat="64">
<core></core>
<MemPortIdVec></MemPortIdVec>
<condition id="-1">
<or_exp><and_exp></and_exp></or_exp>
</condition>

<Node id="45" bw="64" op_0_bw="64" op_1_bw="32" op_2_bw="32" op_3_bw="32" op_4_bw="32">
<![CDATA[
:10  %call_ret = call fastcc { i32, i32 } @BF_encrypt(i32 %v0, i32 %v1)

]]></Node>
<StgValue><ssdm name="call_ret"/></StgValue>
</operation>
</state>

<state id="82" st_id="82">

<operation id="195" st_id="82" stage="15" lat="64">
<core></core>
<MemPortIdVec></MemPortIdVec>
<condition id="-1">
<or_exp><and_exp></and_exp></or_exp>
</condition>

<Node id="45" bw="64" op_0_bw="64" op_1_bw="32" op_2_bw="32" op_3_bw="32" op_4_bw="32">
<![CDATA[
:10  %call_ret = call fastcc { i32, i32 } @BF_encrypt(i32 %v0, i32 %v1)

]]></Node>
<StgValue><ssdm name="call_ret"/></StgValue>
</operation>
</state>

<state id="83" st_id="83">

<operation id="196" st_id="83" stage="14" lat="64">
<core></core>
<MemPortIdVec></MemPortIdVec>
<condition id="-1">
<or_exp><and_exp></and_exp></or_exp>
</condition>

<Node id="45" bw="64" op_0_bw="64" op_1_bw="32" op_2_bw="32" op_3_bw="32" op_4_bw="32">
<![CDATA[
:10  %call_ret = call fastcc { i32, i32 } @BF_encrypt(i32 %v0, i32 %v1)

]]></Node>
<StgValue><ssdm name="call_ret"/></StgValue>
</operation>
</state>

<state id="84" st_id="84">

<operation id="197" st_id="84" stage="13" lat="64">
<core></core>
<MemPortIdVec></MemPortIdVec>
<condition id="-1">
<or_exp><and_exp></and_exp></or_exp>
</condition>

<Node id="45" bw="64" op_0_bw="64" op_1_bw="32" op_2_bw="32" op_3_bw="32" op_4_bw="32">
<![CDATA[
:10  %call_ret = call fastcc { i32, i32 } @BF_encrypt(i32 %v0, i32 %v1)

]]></Node>
<StgValue><ssdm name="call_ret"/></StgValue>
</operation>
</state>

<state id="85" st_id="85">

<operation id="198" st_id="85" stage="12" lat="64">
<core></core>
<MemPortIdVec></MemPortIdVec>
<condition id="-1">
<or_exp><and_exp></and_exp></or_exp>
</condition>

<Node id="45" bw="64" op_0_bw="64" op_1_bw="32" op_2_bw="32" op_3_bw="32" op_4_bw="32">
<![CDATA[
:10  %call_ret = call fastcc { i32, i32 } @BF_encrypt(i32 %v0, i32 %v1)

]]></Node>
<StgValue><ssdm name="call_ret"/></StgValue>
</operation>
</state>

<state id="86" st_id="86">

<operation id="199" st_id="86" stage="11" lat="64">
<core></core>
<MemPortIdVec></MemPortIdVec>
<condition id="-1">
<or_exp><and_exp></and_exp></or_exp>
</condition>

<Node id="45" bw="64" op_0_bw="64" op_1_bw="32" op_2_bw="32" op_3_bw="32" op_4_bw="32">
<![CDATA[
:10  %call_ret = call fastcc { i32, i32 } @BF_encrypt(i32 %v0, i32 %v1)

]]></Node>
<StgValue><ssdm name="call_ret"/></StgValue>
</operation>
</state>

<state id="87" st_id="87">

<operation id="200" st_id="87" stage="10" lat="64">
<core></core>
<MemPortIdVec></MemPortIdVec>
<condition id="-1">
<or_exp><and_exp></and_exp></or_exp>
</condition>

<Node id="45" bw="64" op_0_bw="64" op_1_bw="32" op_2_bw="32" op_3_bw="32" op_4_bw="32">
<![CDATA[
:10  %call_ret = call fastcc { i32, i32 } @BF_encrypt(i32 %v0, i32 %v1)

]]></Node>
<StgValue><ssdm name="call_ret"/></StgValue>
</operation>
</state>

<state id="88" st_id="88">

<operation id="201" st_id="88" stage="9" lat="64">
<core></core>
<MemPortIdVec></MemPortIdVec>
<condition id="-1">
<or_exp><and_exp></and_exp></or_exp>
</condition>

<Node id="45" bw="64" op_0_bw="64" op_1_bw="32" op_2_bw="32" op_3_bw="32" op_4_bw="32">
<![CDATA[
:10  %call_ret = call fastcc { i32, i32 } @BF_encrypt(i32 %v0, i32 %v1)

]]></Node>
<StgValue><ssdm name="call_ret"/></StgValue>
</operation>
</state>

<state id="89" st_id="89">

<operation id="202" st_id="89" stage="8" lat="64">
<core></core>
<MemPortIdVec></MemPortIdVec>
<condition id="-1">
<or_exp><and_exp></and_exp></or_exp>
</condition>

<Node id="45" bw="64" op_0_bw="64" op_1_bw="32" op_2_bw="32" op_3_bw="32" op_4_bw="32">
<![CDATA[
:10  %call_ret = call fastcc { i32, i32 } @BF_encrypt(i32 %v0, i32 %v1)

]]></Node>
<StgValue><ssdm name="call_ret"/></StgValue>
</operation>
</state>

<state id="90" st_id="90">

<operation id="203" st_id="90" stage="7" lat="64">
<core></core>
<MemPortIdVec></MemPortIdVec>
<condition id="-1">
<or_exp><and_exp></and_exp></or_exp>
</condition>

<Node id="45" bw="64" op_0_bw="64" op_1_bw="32" op_2_bw="32" op_3_bw="32" op_4_bw="32">
<![CDATA[
:10  %call_ret = call fastcc { i32, i32 } @BF_encrypt(i32 %v0, i32 %v1)

]]></Node>
<StgValue><ssdm name="call_ret"/></StgValue>
</operation>
</state>

<state id="91" st_id="91">

<operation id="204" st_id="91" stage="6" lat="64">
<core></core>
<MemPortIdVec></MemPortIdVec>
<condition id="-1">
<or_exp><and_exp></and_exp></or_exp>
</condition>

<Node id="45" bw="64" op_0_bw="64" op_1_bw="32" op_2_bw="32" op_3_bw="32" op_4_bw="32">
<![CDATA[
:10  %call_ret = call fastcc { i32, i32 } @BF_encrypt(i32 %v0, i32 %v1)

]]></Node>
<StgValue><ssdm name="call_ret"/></StgValue>
</operation>
</state>

<state id="92" st_id="92">

<operation id="205" st_id="92" stage="5" lat="64">
<core></core>
<MemPortIdVec></MemPortIdVec>
<condition id="-1">
<or_exp><and_exp></and_exp></or_exp>
</condition>

<Node id="45" bw="64" op_0_bw="64" op_1_bw="32" op_2_bw="32" op_3_bw="32" op_4_bw="32">
<![CDATA[
:10  %call_ret = call fastcc { i32, i32 } @BF_encrypt(i32 %v0, i32 %v1)

]]></Node>
<StgValue><ssdm name="call_ret"/></StgValue>
</operation>
</state>

<state id="93" st_id="93">

<operation id="206" st_id="93" stage="4" lat="64">
<core></core>
<MemPortIdVec></MemPortIdVec>
<condition id="-1">
<or_exp><and_exp></and_exp></or_exp>
</condition>

<Node id="45" bw="64" op_0_bw="64" op_1_bw="32" op_2_bw="32" op_3_bw="32" op_4_bw="32">
<![CDATA[
:10  %call_ret = call fastcc { i32, i32 } @BF_encrypt(i32 %v0, i32 %v1)

]]></Node>
<StgValue><ssdm name="call_ret"/></StgValue>
</operation>
</state>

<state id="94" st_id="94">

<operation id="207" st_id="94" stage="3" lat="64">
<core></core>
<MemPortIdVec></MemPortIdVec>
<condition id="-1">
<or_exp><and_exp></and_exp></or_exp>
</condition>

<Node id="45" bw="64" op_0_bw="64" op_1_bw="32" op_2_bw="32" op_3_bw="32" op_4_bw="32">
<![CDATA[
:10  %call_ret = call fastcc { i32, i32 } @BF_encrypt(i32 %v0, i32 %v1)

]]></Node>
<StgValue><ssdm name="call_ret"/></StgValue>
</operation>
</state>

<state id="95" st_id="95">

<operation id="208" st_id="95" stage="2" lat="64">
<core></core>
<MemPortIdVec></MemPortIdVec>
<condition id="-1">
<or_exp><and_exp></and_exp></or_exp>
</condition>

<Node id="45" bw="64" op_0_bw="64" op_1_bw="32" op_2_bw="32" op_3_bw="32" op_4_bw="32">
<![CDATA[
:10  %call_ret = call fastcc { i32, i32 } @BF_encrypt(i32 %v0, i32 %v1)

]]></Node>
<StgValue><ssdm name="call_ret"/></StgValue>
</operation>
</state>

<state id="96" st_id="96">

<operation id="209" st_id="96" stage="1" lat="64">
<core></core>
<MemPortIdVec></MemPortIdVec>
<condition id="-1">
<or_exp><and_exp></and_exp></or_exp>
</condition>

<Node id="45" bw="64" op_0_bw="64" op_1_bw="32" op_2_bw="32" op_3_bw="32" op_4_bw="32">
<![CDATA[
:10  %call_ret = call fastcc { i32, i32 } @BF_encrypt(i32 %v0, i32 %v1)

]]></Node>
<StgValue><ssdm name="call_ret"/></StgValue>
</operation>

<operation id="210" st_id="96" stage="1" lat="1">
<core>NULL</core>
<MemPortIdVec></MemPortIdVec>
<condition id="-1">
<or_exp><and_exp></and_exp></or_exp>
</condition>

<Node id="46" bw="32" op_0_bw="64">
<![CDATA[
:11  %ti_0 = extractvalue { i32, i32 } %call_ret, 0

]]></Node>
<StgValue><ssdm name="ti_0"/></StgValue>
</operation>

<operation id="211" st_id="96" stage="1" lat="1">
<core>NULL</core>
<MemPortIdVec></MemPortIdVec>
<condition id="-1">
<or_exp><and_exp></and_exp></or_exp>
</condition>

<Node id="47" bw="32" op_0_bw="64">
<![CDATA[
:12  %ti_1 = extractvalue { i32, i32 } %call_ret, 1

]]></Node>
<StgValue><ssdm name="ti_1"/></StgValue>
</operation>

<operation id="212" st_id="96" stage="1" lat="1">
<core>NULL</core>
<MemPortIdVec></MemPortIdVec>
<condition id="-1">
<or_exp><and_exp></and_exp></or_exp>
</condition>

<Node id="48" bw="8" op_0_bw="8" op_1_bw="32" op_2_bw="32" op_3_bw="32">
<![CDATA[
:13  %trunc_ln = call i8 @_ssdm_op_PartSelect.i8.i32.i32.i32(i32 %ti_0, i32 24, i32 31)

]]></Node>
<StgValue><ssdm name="trunc_ln"/></StgValue>
</operation>

<operation id="213" st_id="96" stage="1" lat="1">
<core>NULL</core>
<MemPortIdVec></MemPortIdVec>
<condition id="-1">
<or_exp><and_exp></and_exp></or_exp>
</condition>

<Node id="50" bw="8" op_0_bw="8" op_1_bw="32" op_2_bw="32" op_3_bw="32">
<![CDATA[
:15  %trunc_ln112_1 = call i8 @_ssdm_op_PartSelect.i8.i32.i32.i32(i32 %ti_0, i32 16, i32 23)

]]></Node>
<StgValue><ssdm name="trunc_ln112_1"/></StgValue>
</operation>

<operation id="214" st_id="96" stage="1" lat="1">
<core>NULL</core>
<MemPortIdVec></MemPortIdVec>
<condition id="-1">
<or_exp><and_exp></and_exp></or_exp>
</condition>

<Node id="52" bw="8" op_0_bw="8" op_1_bw="32" op_2_bw="32" op_3_bw="32">
<![CDATA[
:17  %trunc_ln112_2 = call i8 @_ssdm_op_PartSelect.i8.i32.i32.i32(i32 %ti_0, i32 8, i32 15)

]]></Node>
<StgValue><ssdm name="trunc_ln112_2"/></StgValue>
</operation>

<operation id="215" st_id="96" stage="1" lat="1">
<core>NULL</core>
<MemPortIdVec></MemPortIdVec>
<condition id="-1">
<or_exp><and_exp></and_exp></or_exp>
</condition>

<Node id="54" bw="8" op_0_bw="32">
<![CDATA[
:19  %trunc_ln112 = trunc i32 %ti_0 to i8

]]></Node>
<StgValue><ssdm name="trunc_ln112"/></StgValue>
</operation>

<operation id="216" st_id="96" stage="1" lat="1">
<core>NULL</core>
<MemPortIdVec></MemPortIdVec>
<condition id="-1">
<or_exp><and_exp></and_exp></or_exp>
</condition>

<Node id="56" bw="8" op_0_bw="8" op_1_bw="32" op_2_bw="32" op_3_bw="32">
<![CDATA[
:21  %trunc_ln16 = call i8 @_ssdm_op_PartSelect.i8.i32.i32.i32(i32 %ti_1, i32 24, i32 31)

]]></Node>
<StgValue><ssdm name="trunc_ln16"/></StgValue>
</operation>

<operation id="217" st_id="96" stage="1" lat="1">
<core>NULL</core>
<MemPortIdVec></MemPortIdVec>
<condition id="-1">
<or_exp><and_exp></and_exp></or_exp>
</condition>

<Node id="58" bw="8" op_0_bw="8" op_1_bw="32" op_2_bw="32" op_3_bw="32">
<![CDATA[
:23  %trunc_ln114_1 = call i8 @_ssdm_op_PartSelect.i8.i32.i32.i32(i32 %ti_1, i32 16, i32 23)

]]></Node>
<StgValue><ssdm name="trunc_ln114_1"/></StgValue>
</operation>

<operation id="218" st_id="96" stage="1" lat="1">
<core>NULL</core>
<MemPortIdVec></MemPortIdVec>
<condition id="-1">
<or_exp><and_exp></and_exp></or_exp>
</condition>

<Node id="60" bw="8" op_0_bw="8" op_1_bw="32" op_2_bw="32" op_3_bw="32">
<![CDATA[
:25  %trunc_ln114_2 = call i8 @_ssdm_op_PartSelect.i8.i32.i32.i32(i32 %ti_1, i32 8, i32 15)

]]></Node>
<StgValue><ssdm name="trunc_ln114_2"/></StgValue>
</operation>

<operation id="219" st_id="96" stage="1" lat="1">
<core>NULL</core>
<MemPortIdVec></MemPortIdVec>
<condition id="-1">
<or_exp><and_exp></and_exp></or_exp>
</condition>

<Node id="62" bw="8" op_0_bw="32">
<![CDATA[
:27  %trunc_ln114 = trunc i32 %ti_1 to i8

]]></Node>
<StgValue><ssdm name="trunc_ln114"/></StgValue>
</operation>
</state>

<state id="97" st_id="97">

<operation id="220" st_id="97" stage="1" lat="1">
<core>RAM</core>
<MemPortIdVec></MemPortIdVec>
<condition id="-1">
<or_exp><and_exp></and_exp></or_exp>
</condition>

<Node id="49" bw="0" op_0_bw="8" op_1_bw="3" op_2_bw="8">
<![CDATA[
:14  store i8 %trunc_ln, i8* %ivec_addr, align 1

]]></Node>
<StgValue><ssdm name="store_ln112"/></StgValue>
</operation>

<operation id="221" st_id="97" stage="1" lat="1">
<core>RAM</core>
<MemPortIdVec></MemPortIdVec>
<condition id="-1">
<or_exp><and_exp></and_exp></or_exp>
</condition>

<Node id="51" bw="0" op_0_bw="8" op_1_bw="3" op_2_bw="8">
<![CDATA[
:16  store i8 %trunc_ln112_1, i8* %iv, align 1

]]></Node>
<StgValue><ssdm name="store_ln112"/></StgValue>
</operation>
</state>

<state id="98" st_id="98">

<operation id="222" st_id="98" stage="1" lat="1">
<core>RAM</core>
<MemPortIdVec></MemPortIdVec>
<condition id="-1">
<or_exp><and_exp></and_exp></or_exp>
</condition>

<Node id="53" bw="0" op_0_bw="8" op_1_bw="3" op_2_bw="8">
<![CDATA[
:18  store i8 %trunc_ln112_2, i8* %iv_1, align 1

]]></Node>
<StgValue><ssdm name="store_ln112"/></StgValue>
</operation>

<operation id="223" st_id="98" stage="1" lat="1">
<core>RAM</core>
<MemPortIdVec></MemPortIdVec>
<condition id="-1">
<or_exp><and_exp></and_exp></or_exp>
</condition>

<Node id="55" bw="0" op_0_bw="8" op_1_bw="3" op_2_bw="8">
<![CDATA[
:20  store i8 %trunc_ln112, i8* %iv_2, align 1

]]></Node>
<StgValue><ssdm name="store_ln112"/></StgValue>
</operation>
</state>

<state id="99" st_id="99">

<operation id="224" st_id="99" stage="1" lat="1">
<core>RAM</core>
<MemPortIdVec></MemPortIdVec>
<condition id="-1">
<or_exp><and_exp></and_exp></or_exp>
</condition>

<Node id="57" bw="0" op_0_bw="8" op_1_bw="3" op_2_bw="8">
<![CDATA[
:22  store i8 %trunc_ln16, i8* %iv_3, align 1

]]></Node>
<StgValue><ssdm name="store_ln114"/></StgValue>
</operation>

<operation id="225" st_id="99" stage="1" lat="1">
<core>RAM</core>
<MemPortIdVec></MemPortIdVec>
<condition id="-1">
<or_exp><and_exp></and_exp></or_exp>
</condition>

<Node id="59" bw="0" op_0_bw="8" op_1_bw="3" op_2_bw="8">
<![CDATA[
:24  store i8 %trunc_ln114_1, i8* %iv_4, align 1

]]></Node>
<StgValue><ssdm name="store_ln114"/></StgValue>
</operation>
</state>

<state id="100" st_id="100">

<operation id="226" st_id="100" stage="1" lat="1">
<core>RAM</core>
<MemPortIdVec></MemPortIdVec>
<condition id="-1">
<or_exp><and_exp><literal name="icmp_ln103" val="1"/>
</and_exp></or_exp>
</condition>

<Node id="61" bw="0" op_0_bw="8" op_1_bw="3" op_2_bw="8">
<![CDATA[
:26  store i8 %trunc_ln114_2, i8* %iv_5, align 1

]]></Node>
<StgValue><ssdm name="store_ln114"/></StgValue>
</operation>

<operation id="227" st_id="100" stage="1" lat="1">
<core>RAM</core>
<MemPortIdVec></MemPortIdVec>
<condition id="-1">
<or_exp><and_exp><literal name="icmp_ln103" val="1"/>
</and_exp></or_exp>
</condition>

<Node id="63" bw="0" op_0_bw="8" op_1_bw="3" op_2_bw="8">
<![CDATA[
:28  store i8 %trunc_ln114, i8* %iv_6, align 1

]]></Node>
<StgValue><ssdm name="store_ln114"/></StgValue>
</operation>

<operation id="228" st_id="100" stage="1" lat="1">
<core>NULL</core>
<MemPortIdVec></MemPortIdVec>
<condition id="-1">
<or_exp><and_exp><literal name="icmp_ln103" val="1"/>
</and_exp></or_exp>
</condition>

<Node id="64" bw="0" op_0_bw="0">
<![CDATA[
:29  br label %._crit_edge

]]></Node>
<StgValue><ssdm name="br_ln117"/></StgValue>
</operation>

<operation id="229" st_id="100" stage="1" lat="1">
<core>NULL</core>
<MemPortIdVec></MemPortIdVec>
<condition id="-1">
<or_exp><and_exp></and_exp></or_exp>
</condition>

<Node id="68" bw="64" op_0_bw="32">
<![CDATA[
._crit_edge:2  %sext_ln118 = sext i32 %num_write_assign to i64

]]></Node>
<StgValue><ssdm name="sext_ln118"/></StgValue>
</operation>

<operation id="230" st_id="100" stage="1" lat="1">
<core>NULL</core>
<MemPortIdVec></MemPortIdVec>
<condition id="-1">
<or_exp><and_exp></and_exp></or_exp>
</condition>

<Node id="69" bw="3" op_0_bw="8" op_1_bw="64" op_2_bw="64">
<![CDATA[
._crit_edge:3  %ivec_addr14 = getelementptr [8 x i8]* %ivec, i64 0, i64 %sext_ln118

]]></Node>
<StgValue><ssdm name="ivec_addr14"/></StgValue>
</operation>

<operation id="231" st_id="100" stage="1" lat="1">
<core>NULL</core>
<MemPortIdVec></MemPortIdVec>
<condition id="-1">
<or_exp><and_exp></and_exp></or_exp>
</condition>

<Node id="74" bw="3" op_0_bw="32">
<![CDATA[
._crit_edge:8  %trunc_ln121 = trunc i32 %num_write_assign to i3

]]></Node>
<StgValue><ssdm name="trunc_ln121"/></StgValue>
</operation>

<operation id="232" st_id="100" stage="1" lat="1">
<core>AddSub</core>
<MemPortIdVec></MemPortIdVec>
<condition id="-1">
<or_exp><and_exp></and_exp></or_exp>
</condition>

<Node id="75" bw="3" op_0_bw="3" op_1_bw="3">
<![CDATA[
._crit_edge:9  %n = add i3 1, %trunc_ln121

]]></Node>
<StgValue><ssdm name="n"/></StgValue>
</operation>

<operation id="233" st_id="100" stage="1" lat="1">
<core>NULL</core>
<MemPortIdVec></MemPortIdVec>
<condition id="-1">
<or_exp><and_exp></and_exp></or_exp>
</condition>

<Node id="76" bw="32" op_0_bw="3">
<![CDATA[
._crit_edge:10  %zext_ln121 = zext i3 %n to i32

]]></Node>
<StgValue><ssdm name="zext_ln121"/></StgValue>
</operation>
</state>

<state id="101" st_id="101">

<operation id="234" st_id="101" stage="2" lat="2">
<core>RAM</core>
<MemPortIdVec></MemPortIdVec>
<condition id="-1">
<or_exp><and_exp></and_exp></or_exp>
</condition>

<Node id="66" bw="7" op_0_bw="6">
<![CDATA[
._crit_edge:0  %in_load = load i7* %in_addr, align 1

]]></Node>
<StgValue><ssdm name="in_load"/></StgValue>
</operation>

<operation id="235" st_id="101" stage="2" lat="2">
<core>RAM</core>
<MemPortIdVec></MemPortIdVec>
<condition id="-1">
<or_exp><and_exp></and_exp></or_exp>
</condition>

<Node id="70" bw="8" op_0_bw="3" op_1_bw="0" op_2_bw="0" op_3_bw="0" op_4_bw="0" op_5_bw="0" op_6_bw="0" op_7_bw="0" op_8_bw="0">
<![CDATA[
._crit_edge:4  %ivec_load_1 = load i8* %ivec_addr14, align 1

]]></Node>
<StgValue><ssdm name="ivec_load_1"/></StgValue>
</operation>
</state>

<state id="102" st_id="102">

<operation id="236" st_id="102" stage="1" lat="2">
<core>RAM</core>
<MemPortIdVec></MemPortIdVec>
<condition id="-1">
<or_exp><and_exp></and_exp></or_exp>
</condition>

<Node id="66" bw="7" op_0_bw="6">
<![CDATA[
._crit_edge:0  %in_load = load i7* %in_addr, align 1

]]></Node>
<StgValue><ssdm name="in_load"/></StgValue>
</operation>

<operation id="237" st_id="102" stage="1" lat="1">
<core>NULL</core>
<MemPortIdVec></MemPortIdVec>
<condition id="-1">
<or_exp><and_exp></and_exp></or_exp>
</condition>

<Node id="67" bw="8" op_0_bw="7">
<![CDATA[
._crit_edge:1  %zext_ln118 = zext i7 %in_load to i8

]]></Node>
<StgValue><ssdm name="zext_ln118"/></StgValue>
</operation>

<operation id="238" st_id="102" stage="1" lat="2">
<core>RAM</core>
<MemPortIdVec></MemPortIdVec>
<condition id="-1">
<or_exp><and_exp></and_exp></or_exp>
</condition>

<Node id="70" bw="8" op_0_bw="3" op_1_bw="0" op_2_bw="0" op_3_bw="0" op_4_bw="0" op_5_bw="0" op_6_bw="0" op_7_bw="0" op_8_bw="0">
<![CDATA[
._crit_edge:4  %ivec_load_1 = load i8* %ivec_addr14, align 1

]]></Node>
<StgValue><ssdm name="ivec_load_1"/></StgValue>
</operation>

<operation id="239" st_id="102" stage="1" lat="1">
<core>LogicGate</core>
<MemPortIdVec></MemPortIdVec>
<condition id="-1">
<or_exp><and_exp></and_exp></or_exp>
</condition>

<Node id="71" bw="8" op_0_bw="8" op_1_bw="8">
<![CDATA[
._crit_edge:5  %c = xor i8 %ivec_load_1, %zext_ln118

]]></Node>
<StgValue><ssdm name="c"/></StgValue>
</operation>

<operation id="240" st_id="102" stage="1" lat="1">
<core>RAM</core>
<MemPortIdVec></MemPortIdVec>
<condition id="-1">
<or_exp><and_exp></and_exp></or_exp>
</condition>

<Node id="72" bw="0" op_0_bw="8" op_1_bw="6">
<![CDATA[
._crit_edge:6  store i8 %c, i8* %out_addr, align 1

]]></Node>
<StgValue><ssdm name="store_ln119"/></StgValue>
</operation>

<operation id="241" st_id="102" stage="1" lat="1">
<core>RAM</core>
<MemPortIdVec></MemPortIdVec>
<condition id="-1">
<or_exp><and_exp></and_exp></or_exp>
</condition>

<Node id="73" bw="0" op_0_bw="8" op_1_bw="3" op_2_bw="8" op_3_bw="8" op_4_bw="8" op_5_bw="8" op_6_bw="8" op_7_bw="8" op_8_bw="8" op_9_bw="8" op_10_bw="8">
<![CDATA[
._crit_edge:7  store i8 %c, i8* %ivec_addr14, align 1

]]></Node>
<StgValue><ssdm name="store_ln120"/></StgValue>
</operation>

<operation id="242" st_id="102" stage="1" lat="1">
<core>NULL</core>
<MemPortIdVec></MemPortIdVec>
<condition id="-1">
<or_exp><and_exp></and_exp></or_exp>
</condition>

<Node id="77" bw="0" op_0_bw="0">
<![CDATA[
._crit_edge:11  br label %.preheader6

]]></Node>
<StgValue><ssdm name="br_ln122"/></StgValue>
</operation>
</state>
</state_list>


<ports>
</ports>


<dataflows>
</dataflows>


</stg>
