<profile>

<section name = "Vivado HLS Report for 'BF_encrypt'" level="0">
<item name = "Date">Tue Apr  6 22:01:54 2021
</item>
<item name = "Version">2019.1 (Build 2552052 on Fri May 24 15:28:33 MDT 2019)</item>
<item name = "Project">pro</item>
<item name = "Solution">solution1</item>
<item name = "Product family">zynq</item>
<item name = "Target device">xc7z020-clg484-1</item>
</section>

<section name = "Performance Estimates" level="0">
<item name = "Timing (ns)">
<section name = "" level="1">
<item name = "Summary"><table name="" hasTotal="0">
<keys size="4">Clock, Target, Estimated, Uncertainty</keys>
<column name="ap_clk">10.00, 7.792, 1.25</column>
</table>
</item>
</section>
</item>
<item name = "Latency (clock cycles)">
<section name = "" level="1">
<item name = "Summary"><table name="" hasTotal="0">
<keys size="6">, min, max, min, max, Type</keys>
<column name="">63, 63, 32, 32, function</column>
</table>
</item>
<item name = "Detail">
<section name = "" level="1">
<item name = "Instance"><table name="" hasTotal="0">
<keys size="7">Instance, Module, min, max, min, max, Type</keys>
</table>
</item>
<item name = "Loop"><table name="" hasTotal="0">
<keys size="8">Loop Name, min, max, Latency, achieved, target, Count, Pipelined</keys>
</table>
</item>
</section>
</item>
</section>
</item>
</section>

<section name = "Utilization Estimates" level="0">
<item name = "Summary"><table name="" hasTotal="1">
<keys size="6">Name, BRAM_18K, DSP48E, FF, LUT, URAM</keys>
<column name="DSP">-, -, -, -, -</column>
<column name="Expression">-, -, 0, 6551, -</column>
<column name="FIFO">-, -, -, -, -</column>
<column name="Instance">-, -, -, -, -</column>
<column name="Memory">-, -, -, -, -</column>
<column name="Multiplexer">-, -, -, 568, -</column>
<column name="Register">-, -, 2866, -, -</column>
<specialColumn name="Available">280, 220, 106400, 53200, 0</specialColumn>
<specialColumn name="Utilization (%)">0, 0, 2, 13, 0</specialColumn>
</table>
</item>
<item name = "Detail">
<section name = "" level="1">
<item name = "Instance"><table name="" hasTotal="1">
<keys size="7">Instance, Module, BRAM_18K, DSP48E, FF, LUT, URAM</keys>
</table>
</item>
<item name = "DSP48E"><table name="" hasTotal="0">
<keys size="3">Instance, Module, Expression</keys>
</table>
</item>
<item name = "Memory"><table name="" hasTotal="1">
<keys size="10">Memory, Module, BRAM_18K, FF, LUT, URAM, Words, Bits, Banks, W*Bits*Banks</keys>
</table>
</item>
<item name = "FIFO"><table name="" hasTotal="1">
<keys size="8">Name, BRAM_18K, FF, LUT, URAM, Depth, Bits, Size:D*B</keys>
</table>
</item>
<item name = "Expression"><table name="" hasTotal="1">
<keys size="7">Variable Name, Operation, DSP48E, FF, LUT, Bitwidth P0, Bitwidth P1</keys>
<column name="add_ln100_1_fu_1837_p2">+, 0, 0, 39, 32, 32</column>
<column name="add_ln100_2_fu_1762_p2">+, 0, 0, 23, 16, 16</column>
<column name="add_ln100_3_fu_1768_p2">+, 0, 0, 31, 24, 24</column>
<column name="add_ln100_4_fu_1774_p2">+, 0, 0, 15, 8, 8</column>
<column name="add_ln100_5_fu_1843_p2">+, 0, 0, 23, 16, 16</column>
<column name="add_ln100_6_fu_1849_p2">+, 0, 0, 31, 24, 24</column>
<column name="add_ln100_7_fu_1855_p2">+, 0, 0, 15, 8, 8</column>
<column name="add_ln101_1_fu_2070_p2">+, 0, 0, 39, 32, 32</column>
<column name="add_ln101_2_fu_1995_p2">+, 0, 0, 23, 16, 16</column>
<column name="add_ln101_3_fu_2001_p2">+, 0, 0, 31, 24, 24</column>
<column name="add_ln101_4_fu_2007_p2">+, 0, 0, 15, 8, 8</column>
<column name="add_ln101_5_fu_2076_p2">+, 0, 0, 23, 16, 16</column>
<column name="add_ln101_6_fu_2082_p2">+, 0, 0, 31, 24, 24</column>
<column name="add_ln101_7_fu_2088_p2">+, 0, 0, 15, 8, 8</column>
<column name="add_ln102_1_fu_2303_p2">+, 0, 0, 39, 32, 32</column>
<column name="add_ln102_2_fu_2228_p2">+, 0, 0, 23, 16, 16</column>
<column name="add_ln102_3_fu_2234_p2">+, 0, 0, 31, 24, 24</column>
<column name="add_ln102_4_fu_2240_p2">+, 0, 0, 15, 8, 8</column>
<column name="add_ln102_5_fu_2309_p2">+, 0, 0, 23, 16, 16</column>
<column name="add_ln102_6_fu_2315_p2">+, 0, 0, 31, 24, 24</column>
<column name="add_ln102_7_fu_2321_p2">+, 0, 0, 15, 8, 8</column>
<column name="add_ln103_1_fu_2536_p2">+, 0, 0, 39, 32, 32</column>
<column name="add_ln103_2_fu_2461_p2">+, 0, 0, 23, 16, 16</column>
<column name="add_ln103_3_fu_2467_p2">+, 0, 0, 31, 24, 24</column>
<column name="add_ln103_4_fu_2473_p2">+, 0, 0, 15, 8, 8</column>
<column name="add_ln103_5_fu_2542_p2">+, 0, 0, 23, 16, 16</column>
<column name="add_ln103_6_fu_2548_p2">+, 0, 0, 31, 24, 24</column>
<column name="add_ln103_7_fu_2554_p2">+, 0, 0, 15, 8, 8</column>
<column name="add_ln104_1_fu_2769_p2">+, 0, 0, 39, 32, 32</column>
<column name="add_ln104_2_fu_2694_p2">+, 0, 0, 23, 16, 16</column>
<column name="add_ln104_3_fu_2700_p2">+, 0, 0, 31, 24, 24</column>
<column name="add_ln104_4_fu_2706_p2">+, 0, 0, 15, 8, 8</column>
<column name="add_ln104_5_fu_2775_p2">+, 0, 0, 23, 16, 16</column>
<column name="add_ln104_6_fu_2781_p2">+, 0, 0, 31, 24, 24</column>
<column name="add_ln104_7_fu_2787_p2">+, 0, 0, 15, 8, 8</column>
<column name="add_ln105_1_fu_3002_p2">+, 0, 0, 39, 32, 32</column>
<column name="add_ln105_2_fu_2927_p2">+, 0, 0, 23, 16, 16</column>
<column name="add_ln105_3_fu_2933_p2">+, 0, 0, 31, 24, 24</column>
<column name="add_ln105_4_fu_2939_p2">+, 0, 0, 15, 8, 8</column>
<column name="add_ln105_5_fu_3008_p2">+, 0, 0, 23, 16, 16</column>
<column name="add_ln105_6_fu_3014_p2">+, 0, 0, 31, 24, 24</column>
<column name="add_ln105_7_fu_3020_p2">+, 0, 0, 15, 8, 8</column>
<column name="add_ln106_1_fu_3239_p2">+, 0, 0, 39, 32, 32</column>
<column name="add_ln106_2_fu_3164_p2">+, 0, 0, 23, 16, 16</column>
<column name="add_ln106_3_fu_3170_p2">+, 0, 0, 31, 24, 24</column>
<column name="add_ln106_4_fu_3176_p2">+, 0, 0, 15, 8, 8</column>
<column name="add_ln106_5_fu_3245_p2">+, 0, 0, 23, 16, 16</column>
<column name="add_ln106_6_fu_3251_p2">+, 0, 0, 31, 24, 24</column>
<column name="add_ln106_7_fu_3257_p2">+, 0, 0, 15, 8, 8</column>
<column name="add_ln107_1_fu_3472_p2">+, 0, 0, 39, 32, 32</column>
<column name="add_ln107_2_fu_3385_p2">+, 0, 0, 23, 16, 16</column>
<column name="add_ln107_3_fu_3391_p2">+, 0, 0, 31, 24, 24</column>
<column name="add_ln107_4_fu_3397_p2">+, 0, 0, 15, 8, 8</column>
<column name="add_ln107_5_fu_3478_p2">+, 0, 0, 23, 16, 16</column>
<column name="add_ln107_6_fu_3484_p2">+, 0, 0, 31, 24, 24</column>
<column name="add_ln107_7_fu_3490_p2">+, 0, 0, 15, 8, 8</column>
<column name="add_ln108_1_fu_3709_p2">+, 0, 0, 39, 32, 32</column>
<column name="add_ln108_2_fu_3622_p2">+, 0, 0, 23, 16, 16</column>
<column name="add_ln108_3_fu_3628_p2">+, 0, 0, 31, 24, 24</column>
<column name="add_ln108_4_fu_3634_p2">+, 0, 0, 15, 8, 8</column>
<column name="add_ln108_5_fu_3715_p2">+, 0, 0, 23, 16, 16</column>
<column name="add_ln108_6_fu_3721_p2">+, 0, 0, 31, 24, 24</column>
<column name="add_ln108_7_fu_3727_p2">+, 0, 0, 15, 8, 8</column>
<column name="add_ln109_1_fu_3942_p2">+, 0, 0, 39, 32, 32</column>
<column name="add_ln109_2_fu_3855_p2">+, 0, 0, 23, 16, 16</column>
<column name="add_ln109_3_fu_3861_p2">+, 0, 0, 31, 24, 24</column>
<column name="add_ln109_4_fu_3867_p2">+, 0, 0, 15, 8, 8</column>
<column name="add_ln109_5_fu_3948_p2">+, 0, 0, 23, 16, 16</column>
<column name="add_ln109_6_fu_3954_p2">+, 0, 0, 31, 24, 24</column>
<column name="add_ln109_7_fu_3960_p2">+, 0, 0, 15, 8, 8</column>
<column name="add_ln110_1_fu_4175_p2">+, 0, 0, 39, 32, 32</column>
<column name="add_ln110_2_fu_4088_p2">+, 0, 0, 23, 16, 16</column>
<column name="add_ln110_3_fu_4094_p2">+, 0, 0, 31, 24, 24</column>
<column name="add_ln110_4_fu_4100_p2">+, 0, 0, 15, 8, 8</column>
<column name="add_ln110_5_fu_4181_p2">+, 0, 0, 23, 16, 16</column>
<column name="add_ln110_6_fu_4187_p2">+, 0, 0, 31, 24, 24</column>
<column name="add_ln110_7_fu_4193_p2">+, 0, 0, 15, 8, 8</column>
<column name="add_ln111_1_fu_4332_p2">+, 0, 0, 39, 32, 32</column>
<column name="add_ln96_1_fu_873_p2">+, 0, 0, 39, 32, 32</column>
<column name="add_ln96_2_fu_798_p2">+, 0, 0, 23, 16, 16</column>
<column name="add_ln96_3_fu_804_p2">+, 0, 0, 31, 24, 24</column>
<column name="add_ln96_4_fu_810_p2">+, 0, 0, 15, 8, 8</column>
<column name="add_ln96_5_fu_883_p2">+, 0, 0, 23, 16, 16</column>
<column name="add_ln96_6_fu_893_p2">+, 0, 0, 31, 24, 24</column>
<column name="add_ln96_7_fu_903_p2">+, 0, 0, 15, 8, 8</column>
<column name="add_ln97_1_fu_1126_p2">+, 0, 0, 39, 32, 32</column>
<column name="add_ln97_2_fu_1051_p2">+, 0, 0, 23, 16, 16</column>
<column name="add_ln97_3_fu_1057_p2">+, 0, 0, 31, 24, 24</column>
<column name="add_ln97_4_fu_1063_p2">+, 0, 0, 15, 8, 8</column>
<column name="add_ln97_5_fu_1132_p2">+, 0, 0, 23, 16, 16</column>
<column name="add_ln97_6_fu_1138_p2">+, 0, 0, 31, 24, 24</column>
<column name="add_ln97_7_fu_1144_p2">+, 0, 0, 15, 8, 8</column>
<column name="add_ln98_1_fu_1363_p2">+, 0, 0, 39, 32, 32</column>
<column name="add_ln98_2_fu_1288_p2">+, 0, 0, 23, 16, 16</column>
<column name="add_ln98_3_fu_1294_p2">+, 0, 0, 31, 24, 24</column>
<column name="add_ln98_4_fu_1300_p2">+, 0, 0, 15, 8, 8</column>
<column name="add_ln98_5_fu_1369_p2">+, 0, 0, 23, 16, 16</column>
<column name="add_ln98_6_fu_1375_p2">+, 0, 0, 31, 24, 24</column>
<column name="add_ln98_7_fu_1381_p2">+, 0, 0, 15, 8, 8</column>
<column name="add_ln99_1_fu_1600_p2">+, 0, 0, 39, 32, 32</column>
<column name="add_ln99_2_fu_1525_p2">+, 0, 0, 23, 16, 16</column>
<column name="add_ln99_3_fu_1531_p2">+, 0, 0, 31, 24, 24</column>
<column name="add_ln99_4_fu_1537_p2">+, 0, 0, 15, 8, 8</column>
<column name="add_ln99_5_fu_1606_p2">+, 0, 0, 23, 16, 16</column>
<column name="add_ln99_6_fu_1612_p2">+, 0, 0, 31, 24, 24</column>
<column name="add_ln99_7_fu_1618_p2">+, 0, 0, 15, 8, 8</column>
<column name="grp_fu_638_p2">+, 0, 0, 39, 32, 32</column>
<column name="ap_block_pp0_stage0_11001">and, 0, 0, 2, 1, 1</column>
<column name="ap_condition_148">and, 0, 0, 2, 1, 1</column>
<column name="ap_condition_314">and, 0, 0, 2, 1, 1</column>
<column name="ap_block_pp0_stage0_subdone">or, 0, 0, 2, 1, 1</column>
<column name="ap_enable_pp0">xor, 0, 0, 2, 1, 2</column>
<column name="l_1_fu_1182_p2">xor, 0, 0, 32, 32, 32</column>
<column name="l_2_fu_1656_p2">xor, 0, 0, 32, 32, 32</column>
<column name="l_3_fu_2123_p2">xor, 0, 0, 32, 32, 32</column>
<column name="l_4_fu_2589_p2">xor, 0, 0, 32, 32, 32</column>
<column name="l_5_fu_3058_p2">xor, 0, 0, 32, 32, 32</column>
<column name="l_6_fu_3528_p2">xor, 0, 0, 32, 32, 32</column>
<column name="l_7_fu_3995_p2">xor, 0, 0, 32, 32, 32</column>
<column name="l_8_fu_4343_p2">xor, 0, 0, 32, 32, 32</column>
<column name="l_fu_690_p2">xor, 0, 0, 32, 32, 32</column>
<column name="r_1_fu_1419_p2">xor, 0, 0, 32, 32, 32</column>
<column name="r_2_fu_1890_p2">xor, 0, 0, 32, 32, 32</column>
<column name="r_3_fu_2356_p2">xor, 0, 0, 32, 32, 32</column>
<column name="r_4_fu_2822_p2">xor, 0, 0, 32, 32, 32</column>
<column name="r_5_fu_3292_p2">xor, 0, 0, 32, 32, 32</column>
<column name="r_6_fu_3762_p2">xor, 0, 0, 32, 32, 32</column>
<column name="r_7_fu_4228_p2">xor, 0, 0, 32, 32, 32</column>
<column name="r_8_fu_4281_p2">xor, 0, 0, 32, 32, 32</column>
<column name="r_fu_945_p2">xor, 0, 0, 32, 32, 32</column>
<column name="xor_ln100_10_fu_1901_p2">xor, 0, 0, 24, 24, 24</column>
<column name="xor_ln100_11_fu_1907_p2">xor, 0, 0, 8, 8, 8</column>
<column name="xor_ln100_1_fu_1810_p2">xor, 0, 0, 8, 8, 8</column>
<column name="xor_ln100_2_fu_1819_p2">xor, 0, 0, 24, 24, 24</column>
<column name="xor_ln100_3_fu_1828_p2">xor, 0, 0, 16, 16, 16</column>
<column name="xor_ln100_4_fu_1861_p2">xor, 0, 0, 32, 32, 32</column>
<column name="xor_ln100_5_fu_1869_p2">xor, 0, 0, 8, 8, 8</column>
<column name="xor_ln100_6_fu_1877_p2">xor, 0, 0, 24, 24, 24</column>
<column name="xor_ln100_7_fu_1885_p2">xor, 0, 0, 16, 16, 16</column>
<column name="xor_ln100_9_fu_1895_p2">xor, 0, 0, 16, 16, 16</column>
<column name="xor_ln100_fu_1804_p2">xor, 0, 0, 32, 32, 32</column>
<column name="xor_ln101_10_fu_2134_p2">xor, 0, 0, 24, 24, 24</column>
<column name="xor_ln101_11_fu_2140_p2">xor, 0, 0, 8, 8, 8</column>
<column name="xor_ln101_1_fu_2043_p2">xor, 0, 0, 8, 8, 8</column>
<column name="xor_ln101_2_fu_2052_p2">xor, 0, 0, 24, 24, 24</column>
<column name="xor_ln101_3_fu_2061_p2">xor, 0, 0, 16, 16, 16</column>
<column name="xor_ln101_4_fu_2094_p2">xor, 0, 0, 32, 32, 32</column>
<column name="xor_ln101_5_fu_2102_p2">xor, 0, 0, 8, 8, 8</column>
<column name="xor_ln101_6_fu_2110_p2">xor, 0, 0, 24, 24, 24</column>
<column name="xor_ln101_7_fu_2118_p2">xor, 0, 0, 16, 16, 16</column>
<column name="xor_ln101_9_fu_2128_p2">xor, 0, 0, 16, 16, 16</column>
<column name="xor_ln101_fu_2037_p2">xor, 0, 0, 32, 32, 32</column>
<column name="xor_ln102_10_fu_2367_p2">xor, 0, 0, 24, 24, 24</column>
<column name="xor_ln102_11_fu_2373_p2">xor, 0, 0, 8, 8, 8</column>
<column name="xor_ln102_1_fu_2276_p2">xor, 0, 0, 8, 8, 8</column>
<column name="xor_ln102_2_fu_2285_p2">xor, 0, 0, 24, 24, 24</column>
<column name="xor_ln102_3_fu_2294_p2">xor, 0, 0, 16, 16, 16</column>
<column name="xor_ln102_4_fu_2327_p2">xor, 0, 0, 32, 32, 32</column>
<column name="xor_ln102_5_fu_2335_p2">xor, 0, 0, 8, 8, 8</column>
<column name="xor_ln102_6_fu_2343_p2">xor, 0, 0, 24, 24, 24</column>
<column name="xor_ln102_7_fu_2351_p2">xor, 0, 0, 16, 16, 16</column>
<column name="xor_ln102_9_fu_2361_p2">xor, 0, 0, 16, 16, 16</column>
<column name="xor_ln102_fu_2270_p2">xor, 0, 0, 32, 32, 32</column>
<column name="xor_ln103_10_fu_2600_p2">xor, 0, 0, 24, 24, 24</column>
<column name="xor_ln103_11_fu_2606_p2">xor, 0, 0, 8, 8, 8</column>
<column name="xor_ln103_1_fu_2509_p2">xor, 0, 0, 8, 8, 8</column>
<column name="xor_ln103_2_fu_2518_p2">xor, 0, 0, 24, 24, 24</column>
<column name="xor_ln103_3_fu_2527_p2">xor, 0, 0, 16, 16, 16</column>
<column name="xor_ln103_4_fu_2560_p2">xor, 0, 0, 32, 32, 32</column>
<column name="xor_ln103_5_fu_2568_p2">xor, 0, 0, 8, 8, 8</column>
<column name="xor_ln103_6_fu_2576_p2">xor, 0, 0, 24, 24, 24</column>
<column name="xor_ln103_7_fu_2584_p2">xor, 0, 0, 16, 16, 16</column>
<column name="xor_ln103_9_fu_2594_p2">xor, 0, 0, 16, 16, 16</column>
<column name="xor_ln103_fu_2503_p2">xor, 0, 0, 32, 32, 32</column>
<column name="xor_ln104_10_fu_2833_p2">xor, 0, 0, 24, 24, 24</column>
<column name="xor_ln104_11_fu_2839_p2">xor, 0, 0, 8, 8, 8</column>
<column name="xor_ln104_1_fu_2742_p2">xor, 0, 0, 8, 8, 8</column>
<column name="xor_ln104_2_fu_2751_p2">xor, 0, 0, 24, 24, 24</column>
<column name="xor_ln104_3_fu_2760_p2">xor, 0, 0, 16, 16, 16</column>
<column name="xor_ln104_4_fu_2793_p2">xor, 0, 0, 32, 32, 32</column>
<column name="xor_ln104_5_fu_2801_p2">xor, 0, 0, 8, 8, 8</column>
<column name="xor_ln104_6_fu_2809_p2">xor, 0, 0, 24, 24, 24</column>
<column name="xor_ln104_7_fu_2817_p2">xor, 0, 0, 16, 16, 16</column>
<column name="xor_ln104_9_fu_2827_p2">xor, 0, 0, 16, 16, 16</column>
<column name="xor_ln104_fu_2736_p2">xor, 0, 0, 32, 32, 32</column>
<column name="xor_ln105_10_fu_3070_p2">xor, 0, 0, 24, 24, 24</column>
<column name="xor_ln105_11_fu_3076_p2">xor, 0, 0, 8, 8, 8</column>
<column name="xor_ln105_1_fu_2975_p2">xor, 0, 0, 8, 8, 8</column>
<column name="xor_ln105_2_fu_2984_p2">xor, 0, 0, 24, 24, 24</column>
<column name="xor_ln105_3_fu_2993_p2">xor, 0, 0, 16, 16, 16</column>
<column name="xor_ln105_4_fu_3026_p2">xor, 0, 0, 32, 32, 32</column>
<column name="xor_ln105_5_fu_3035_p2">xor, 0, 0, 8, 8, 8</column>
<column name="xor_ln105_6_fu_3044_p2">xor, 0, 0, 24, 24, 24</column>
<column name="xor_ln105_7_fu_3053_p2">xor, 0, 0, 16, 16, 16</column>
<column name="xor_ln105_9_fu_3064_p2">xor, 0, 0, 16, 16, 16</column>
<column name="xor_ln105_fu_2969_p2">xor, 0, 0, 32, 32, 32</column>
<column name="xor_ln106_10_fu_3303_p2">xor, 0, 0, 24, 24, 24</column>
<column name="xor_ln106_11_fu_3309_p2">xor, 0, 0, 8, 8, 8</column>
<column name="xor_ln106_1_fu_3212_p2">xor, 0, 0, 8, 8, 8</column>
<column name="xor_ln106_2_fu_3221_p2">xor, 0, 0, 24, 24, 24</column>
<column name="xor_ln106_3_fu_3230_p2">xor, 0, 0, 16, 16, 16</column>
<column name="xor_ln106_4_fu_3263_p2">xor, 0, 0, 32, 32, 32</column>
<column name="xor_ln106_5_fu_3271_p2">xor, 0, 0, 8, 8, 8</column>
<column name="xor_ln106_6_fu_3279_p2">xor, 0, 0, 24, 24, 24</column>
<column name="xor_ln106_7_fu_3287_p2">xor, 0, 0, 16, 16, 16</column>
<column name="xor_ln106_9_fu_3297_p2">xor, 0, 0, 16, 16, 16</column>
<column name="xor_ln106_fu_3206_p2">xor, 0, 0, 32, 32, 32</column>
<column name="xor_ln107_10_fu_3540_p2">xor, 0, 0, 24, 24, 24</column>
<column name="xor_ln107_11_fu_3546_p2">xor, 0, 0, 8, 8, 8</column>
<column name="xor_ln107_1_fu_3445_p2">xor, 0, 0, 8, 8, 8</column>
<column name="xor_ln107_2_fu_3454_p2">xor, 0, 0, 24, 24, 24</column>
<column name="xor_ln107_3_fu_3463_p2">xor, 0, 0, 16, 16, 16</column>
<column name="xor_ln107_4_fu_3496_p2">xor, 0, 0, 32, 32, 32</column>
<column name="xor_ln107_5_fu_3505_p2">xor, 0, 0, 8, 8, 8</column>
<column name="xor_ln107_6_fu_3514_p2">xor, 0, 0, 24, 24, 24</column>
<column name="xor_ln107_7_fu_3523_p2">xor, 0, 0, 16, 16, 16</column>
<column name="xor_ln107_9_fu_3534_p2">xor, 0, 0, 16, 16, 16</column>
<column name="xor_ln107_fu_3439_p2">xor, 0, 0, 32, 32, 32</column>
<column name="xor_ln108_10_fu_3773_p2">xor, 0, 0, 24, 24, 24</column>
<column name="xor_ln108_11_fu_3779_p2">xor, 0, 0, 8, 8, 8</column>
<column name="xor_ln108_1_fu_3682_p2">xor, 0, 0, 8, 8, 8</column>
<column name="xor_ln108_2_fu_3691_p2">xor, 0, 0, 24, 24, 24</column>
<column name="xor_ln108_3_fu_3700_p2">xor, 0, 0, 16, 16, 16</column>
<column name="xor_ln108_4_fu_3733_p2">xor, 0, 0, 32, 32, 32</column>
<column name="xor_ln108_5_fu_3741_p2">xor, 0, 0, 8, 8, 8</column>
<column name="xor_ln108_6_fu_3749_p2">xor, 0, 0, 24, 24, 24</column>
<column name="xor_ln108_7_fu_3757_p2">xor, 0, 0, 16, 16, 16</column>
<column name="xor_ln108_9_fu_3767_p2">xor, 0, 0, 16, 16, 16</column>
<column name="xor_ln108_fu_3676_p2">xor, 0, 0, 32, 32, 32</column>
<column name="xor_ln109_10_fu_4006_p2">xor, 0, 0, 24, 24, 24</column>
<column name="xor_ln109_11_fu_4012_p2">xor, 0, 0, 8, 8, 8</column>
<column name="xor_ln109_1_fu_3915_p2">xor, 0, 0, 8, 8, 8</column>
<column name="xor_ln109_2_fu_3924_p2">xor, 0, 0, 24, 24, 24</column>
<column name="xor_ln109_3_fu_3933_p2">xor, 0, 0, 16, 16, 16</column>
<column name="xor_ln109_4_fu_3966_p2">xor, 0, 0, 32, 32, 32</column>
<column name="xor_ln109_5_fu_3974_p2">xor, 0, 0, 8, 8, 8</column>
<column name="xor_ln109_6_fu_3982_p2">xor, 0, 0, 24, 24, 24</column>
<column name="xor_ln109_7_fu_3990_p2">xor, 0, 0, 16, 16, 16</column>
<column name="xor_ln109_9_fu_4000_p2">xor, 0, 0, 16, 16, 16</column>
<column name="xor_ln109_fu_3909_p2">xor, 0, 0, 32, 32, 32</column>
<column name="xor_ln110_10_fu_4239_p2">xor, 0, 0, 24, 24, 24</column>
<column name="xor_ln110_11_fu_4245_p2">xor, 0, 0, 8, 8, 8</column>
<column name="xor_ln110_1_fu_4148_p2">xor, 0, 0, 8, 8, 8</column>
<column name="xor_ln110_2_fu_4157_p2">xor, 0, 0, 24, 24, 24</column>
<column name="xor_ln110_3_fu_4166_p2">xor, 0, 0, 16, 16, 16</column>
<column name="xor_ln110_4_fu_4199_p2">xor, 0, 0, 32, 32, 32</column>
<column name="xor_ln110_5_fu_4207_p2">xor, 0, 0, 8, 8, 8</column>
<column name="xor_ln110_6_fu_4215_p2">xor, 0, 0, 24, 24, 24</column>
<column name="xor_ln110_7_fu_4223_p2">xor, 0, 0, 16, 16, 16</column>
<column name="xor_ln110_9_fu_4233_p2">xor, 0, 0, 16, 16, 16</column>
<column name="xor_ln110_fu_4142_p2">xor, 0, 0, 32, 32, 32</column>
<column name="xor_ln111_1_fu_4338_p2">xor, 0, 0, 32, 32, 32</column>
<column name="xor_ln111_fu_4326_p2">xor, 0, 0, 32, 32, 32</column>
<column name="xor_ln94_1_fu_696_p2">xor, 0, 0, 16, 16, 16</column>
<column name="xor_ln94_2_fu_702_p2">xor, 0, 0, 24, 24, 24</column>
<column name="xor_ln94_3_fu_708_p2">xor, 0, 0, 8, 8, 8</column>
<column name="xor_ln96_10_fu_957_p2">xor, 0, 0, 24, 24, 24</column>
<column name="xor_ln96_11_fu_963_p2">xor, 0, 0, 8, 8, 8</column>
<column name="xor_ln96_1_fu_846_p2">xor, 0, 0, 8, 8, 8</column>
<column name="xor_ln96_2_fu_855_p2">xor, 0, 0, 24, 24, 24</column>
<column name="xor_ln96_3_fu_864_p2">xor, 0, 0, 16, 16, 16</column>
<column name="xor_ln96_4_fu_909_p2">xor, 0, 0, 32, 32, 32</column>
<column name="xor_ln96_5_fu_919_p2">xor, 0, 0, 8, 8, 8</column>
<column name="xor_ln96_6_fu_929_p2">xor, 0, 0, 24, 24, 24</column>
<column name="xor_ln96_7_fu_939_p2">xor, 0, 0, 16, 16, 16</column>
<column name="xor_ln96_9_fu_951_p2">xor, 0, 0, 16, 16, 16</column>
<column name="xor_ln96_fu_840_p2">xor, 0, 0, 32, 32, 32</column>
<column name="xor_ln97_10_fu_1194_p2">xor, 0, 0, 24, 24, 24</column>
<column name="xor_ln97_11_fu_1200_p2">xor, 0, 0, 8, 8, 8</column>
<column name="xor_ln97_1_fu_1099_p2">xor, 0, 0, 8, 8, 8</column>
<column name="xor_ln97_2_fu_1108_p2">xor, 0, 0, 24, 24, 24</column>
<column name="xor_ln97_3_fu_1117_p2">xor, 0, 0, 16, 16, 16</column>
<column name="xor_ln97_4_fu_1150_p2">xor, 0, 0, 32, 32, 32</column>
<column name="xor_ln97_5_fu_1159_p2">xor, 0, 0, 8, 8, 8</column>
<column name="xor_ln97_6_fu_1168_p2">xor, 0, 0, 24, 24, 24</column>
<column name="xor_ln97_7_fu_1177_p2">xor, 0, 0, 16, 16, 16</column>
<column name="xor_ln97_9_fu_1188_p2">xor, 0, 0, 16, 16, 16</column>
<column name="xor_ln97_fu_1093_p2">xor, 0, 0, 32, 32, 32</column>
<column name="xor_ln98_10_fu_1431_p2">xor, 0, 0, 24, 24, 24</column>
<column name="xor_ln98_11_fu_1437_p2">xor, 0, 0, 8, 8, 8</column>
<column name="xor_ln98_1_fu_1336_p2">xor, 0, 0, 8, 8, 8</column>
<column name="xor_ln98_2_fu_1345_p2">xor, 0, 0, 24, 24, 24</column>
<column name="xor_ln98_3_fu_1354_p2">xor, 0, 0, 16, 16, 16</column>
<column name="xor_ln98_4_fu_1387_p2">xor, 0, 0, 32, 32, 32</column>
<column name="xor_ln98_5_fu_1396_p2">xor, 0, 0, 8, 8, 8</column>
<column name="xor_ln98_6_fu_1405_p2">xor, 0, 0, 24, 24, 24</column>
<column name="xor_ln98_7_fu_1414_p2">xor, 0, 0, 16, 16, 16</column>
<column name="xor_ln98_9_fu_1425_p2">xor, 0, 0, 16, 16, 16</column>
<column name="xor_ln98_fu_1330_p2">xor, 0, 0, 32, 32, 32</column>
<column name="xor_ln99_10_fu_1668_p2">xor, 0, 0, 24, 24, 24</column>
<column name="xor_ln99_11_fu_1674_p2">xor, 0, 0, 8, 8, 8</column>
<column name="xor_ln99_1_fu_1573_p2">xor, 0, 0, 8, 8, 8</column>
<column name="xor_ln99_2_fu_1582_p2">xor, 0, 0, 24, 24, 24</column>
<column name="xor_ln99_3_fu_1591_p2">xor, 0, 0, 16, 16, 16</column>
<column name="xor_ln99_4_fu_1624_p2">xor, 0, 0, 32, 32, 32</column>
<column name="xor_ln99_5_fu_1633_p2">xor, 0, 0, 8, 8, 8</column>
<column name="xor_ln99_6_fu_1642_p2">xor, 0, 0, 24, 24, 24</column>
<column name="xor_ln99_7_fu_1651_p2">xor, 0, 0, 16, 16, 16</column>
<column name="xor_ln99_9_fu_1662_p2">xor, 0, 0, 16, 16, 16</column>
<column name="xor_ln99_fu_1567_p2">xor, 0, 0, 32, 32, 32</column>
</table>
</item>
<item name = "Multiplexer"><table name="" hasTotal="1">
<keys size="5">Name, LUT, Input Size, Bits, Total Bits</keys>
<column name="ap_NS_fsm">149, 33, 1, 33</column>
<column name="ap_enable_reg_pp0_iter0">9, 2, 1, 2</column>
<column name="key_P_address0">47, 10, 5, 50</column>
<column name="key_P_address1">47, 10, 5, 50</column>
<column name="key_S_address0">149, 33, 10, 330</column>
<column name="key_S_address1">149, 33, 10, 330</column>
<column name="reg_644">9, 2, 32, 64</column>
<column name="reg_657">9, 2, 32, 64</column>
</table>
</item>
<item name = "Register"><table name="" hasTotal="1">
<keys size="5">Name, FF, LUT, Bits, Const Bits</keys>
<column name="add_ln100_2_reg_4733">16, 0, 16, 0</column>
<column name="add_ln100_3_reg_4738">24, 0, 24, 0</column>
<column name="add_ln100_4_reg_4743">8, 0, 8, 0</column>
<column name="add_ln101_2_reg_4804">16, 0, 16, 0</column>
<column name="add_ln101_3_reg_4809">24, 0, 24, 0</column>
<column name="add_ln101_4_reg_4814">8, 0, 8, 0</column>
<column name="add_ln102_2_reg_4875">16, 0, 16, 0</column>
<column name="add_ln102_3_reg_4880">24, 0, 24, 0</column>
<column name="add_ln102_4_reg_4885">8, 0, 8, 0</column>
<column name="add_ln103_2_reg_4946">16, 0, 16, 0</column>
<column name="add_ln103_3_reg_4951">24, 0, 24, 0</column>
<column name="add_ln103_4_reg_4956">8, 0, 8, 0</column>
<column name="add_ln104_2_reg_5017">16, 0, 16, 0</column>
<column name="add_ln104_3_reg_5022">24, 0, 24, 0</column>
<column name="add_ln104_4_reg_5027">8, 0, 8, 0</column>
<column name="add_ln105_2_reg_5088">16, 0, 16, 0</column>
<column name="add_ln105_3_reg_5093">24, 0, 24, 0</column>
<column name="add_ln105_4_reg_5098">8, 0, 8, 0</column>
<column name="add_ln106_2_reg_5159">16, 0, 16, 0</column>
<column name="add_ln106_3_reg_5164">24, 0, 24, 0</column>
<column name="add_ln106_4_reg_5169">8, 0, 8, 0</column>
<column name="add_ln107_2_reg_5225">16, 0, 16, 0</column>
<column name="add_ln107_3_reg_5230">24, 0, 24, 0</column>
<column name="add_ln107_4_reg_5235">8, 0, 8, 0</column>
<column name="add_ln108_2_reg_5325">16, 0, 16, 0</column>
<column name="add_ln108_3_reg_5330">24, 0, 24, 0</column>
<column name="add_ln108_4_reg_5335">8, 0, 8, 0</column>
<column name="add_ln109_2_reg_5396">16, 0, 16, 0</column>
<column name="add_ln109_3_reg_5401">24, 0, 24, 0</column>
<column name="add_ln109_4_reg_5406">8, 0, 8, 0</column>
<column name="add_ln110_2_reg_5456">16, 0, 16, 0</column>
<column name="add_ln110_3_reg_5461">24, 0, 24, 0</column>
<column name="add_ln110_4_reg_5466">8, 0, 8, 0</column>
<column name="add_ln96_2_reg_4401">16, 0, 16, 0</column>
<column name="add_ln96_3_reg_4406">24, 0, 24, 0</column>
<column name="add_ln96_4_reg_4411">8, 0, 8, 0</column>
<column name="add_ln97_2_reg_4496">16, 0, 16, 0</column>
<column name="add_ln97_3_reg_4501">24, 0, 24, 0</column>
<column name="add_ln97_4_reg_4506">8, 0, 8, 0</column>
<column name="add_ln98_2_reg_4591">16, 0, 16, 0</column>
<column name="add_ln98_3_reg_4596">24, 0, 24, 0</column>
<column name="add_ln98_4_reg_4601">8, 0, 8, 0</column>
<column name="add_ln99_2_reg_4662">16, 0, 16, 0</column>
<column name="add_ln99_3_reg_4667">24, 0, 24, 0</column>
<column name="add_ln99_4_reg_4672">8, 0, 8, 0</column>
<column name="ap_CS_fsm">32, 0, 32, 0</column>
<column name="ap_enable_reg_pp0_iter0_reg">1, 0, 1, 0</column>
<column name="ap_enable_reg_pp0_iter1">1, 0, 1, 0</column>
<column name="ap_port_reg_data_0_read">32, 0, 32, 0</column>
<column name="ap_port_reg_data_1_read">32, 0, 32, 0</column>
<column name="key_P_load_11_reg_4568">32, 0, 32, 0</column>
<column name="key_P_load_13_reg_5271">32, 0, 32, 0</column>
<column name="key_P_load_14_reg_5294">32, 0, 32, 0</column>
<column name="key_P_load_15_reg_5302">32, 0, 32, 0</column>
<column name="key_P_load_17_reg_5320">32, 0, 32, 0</column>
<column name="key_P_load_5_reg_4457">32, 0, 32, 0</column>
<column name="key_P_load_6_reg_4475">32, 0, 32, 0</column>
<column name="key_P_load_7_reg_4483">32, 0, 32, 0</column>
<column name="key_P_load_8_reg_4516">32, 0, 32, 0</column>
<column name="key_P_load_9_reg_4524">32, 0, 32, 0</column>
<column name="l_1_reg_4532">32, 0, 32, 0</column>
<column name="l_2_reg_4682">32, 0, 32, 0</column>
<column name="l_3_reg_4824">32, 0, 32, 0</column>
<column name="l_4_reg_4966">32, 0, 32, 0</column>
<column name="l_5_reg_5108">32, 0, 32, 0</column>
<column name="l_6_reg_5250">32, 0, 32, 0</column>
<column name="l_7_reg_5421">32, 0, 32, 0</column>
<column name="l_reg_4360">32, 0, 32, 0</column>
<column name="lshr_ln10_reg_5129">8, 0, 8, 0</column>
<column name="lshr_ln11_reg_5200">8, 0, 8, 0</column>
<column name="lshr_ln12_reg_5279">8, 0, 8, 0</column>
<column name="lshr_ln13_reg_5371">8, 0, 8, 0</column>
<column name="lshr_ln14_reg_5431">8, 0, 8, 0</column>
<column name="lshr_ln15_reg_5486">8, 0, 8, 0</column>
<column name="lshr_ln1_reg_4442">8, 0, 8, 0</column>
<column name="lshr_ln2_reg_4553">8, 0, 8, 0</column>
<column name="lshr_ln3_reg_4632">8, 0, 8, 0</column>
<column name="lshr_ln4_reg_4703">8, 0, 8, 0</column>
<column name="lshr_ln5_reg_4774">8, 0, 8, 0</column>
<column name="lshr_ln6_reg_4845">8, 0, 8, 0</column>
<column name="lshr_ln7_reg_4916">8, 0, 8, 0</column>
<column name="lshr_ln8_reg_4987">8, 0, 8, 0</column>
<column name="lshr_ln9_reg_5058">8, 0, 8, 0</column>
<column name="r_1_reg_4611">32, 0, 32, 0</column>
<column name="r_2_reg_4753">32, 0, 32, 0</column>
<column name="r_3_reg_4895">32, 0, 32, 0</column>
<column name="r_4_reg_5037">32, 0, 32, 0</column>
<column name="r_5_reg_5179">32, 0, 32, 0</column>
<column name="r_6_reg_5350">32, 0, 32, 0</column>
<column name="r_8_reg_5501">32, 0, 32, 0</column>
<column name="r_reg_4421">32, 0, 32, 0</column>
<column name="reg_644">32, 0, 32, 0</column>
<column name="reg_649">32, 0, 32, 0</column>
<column name="reg_653">32, 0, 32, 0</column>
<column name="reg_657">32, 0, 32, 0</column>
<column name="reg_662">32, 0, 32, 0</column>
<column name="trunc_ln100_7_reg_4713">8, 0, 8, 0</column>
<column name="trunc_ln101_7_reg_4784">8, 0, 8, 0</column>
<column name="trunc_ln102_7_reg_4855">8, 0, 8, 0</column>
<column name="trunc_ln103_7_reg_4926">8, 0, 8, 0</column>
<column name="trunc_ln104_7_reg_4997">8, 0, 8, 0</column>
<column name="trunc_ln105_7_reg_5068">8, 0, 8, 0</column>
<column name="trunc_ln106_7_reg_5139">8, 0, 8, 0</column>
<column name="trunc_ln107_7_reg_5210">8, 0, 8, 0</column>
<column name="trunc_ln108_7_reg_5289">8, 0, 8, 0</column>
<column name="trunc_ln109_7_reg_5381">8, 0, 8, 0</column>
<column name="trunc_ln10_reg_5134">8, 0, 8, 0</column>
<column name="trunc_ln110_7_reg_5441">8, 0, 8, 0</column>
<column name="trunc_ln111_1_reg_5496">8, 0, 8, 0</column>
<column name="trunc_ln11_reg_5205">8, 0, 8, 0</column>
<column name="trunc_ln12_reg_5284">8, 0, 8, 0</column>
<column name="trunc_ln13_reg_5376">8, 0, 8, 0</column>
<column name="trunc_ln14_reg_5436">8, 0, 8, 0</column>
<column name="trunc_ln15_reg_5491">8, 0, 8, 0</column>
<column name="trunc_ln2_reg_4447">8, 0, 8, 0</column>
<column name="trunc_ln3_reg_4558">8, 0, 8, 0</column>
<column name="trunc_ln4_reg_4637">8, 0, 8, 0</column>
<column name="trunc_ln5_reg_4708">8, 0, 8, 0</column>
<column name="trunc_ln6_reg_4779">8, 0, 8, 0</column>
<column name="trunc_ln7_reg_4850">8, 0, 8, 0</column>
<column name="trunc_ln8_reg_4921">8, 0, 8, 0</column>
<column name="trunc_ln96_7_reg_4391">8, 0, 8, 0</column>
<column name="trunc_ln97_7_reg_4452">8, 0, 8, 0</column>
<column name="trunc_ln98_7_reg_4563">8, 0, 8, 0</column>
<column name="trunc_ln99_7_reg_4642">8, 0, 8, 0</column>
<column name="trunc_ln9_reg_4992">8, 0, 8, 0</column>
<column name="trunc_ln_reg_5063">8, 0, 8, 0</column>
<column name="xor_ln100_10_reg_4763">24, 0, 24, 0</column>
<column name="xor_ln100_11_reg_4768">8, 0, 8, 0</column>
<column name="xor_ln100_9_reg_4758">16, 0, 16, 0</column>
<column name="xor_ln101_10_reg_4834">24, 0, 24, 0</column>
<column name="xor_ln101_11_reg_4839">8, 0, 8, 0</column>
<column name="xor_ln101_9_reg_4829">16, 0, 16, 0</column>
<column name="xor_ln102_10_reg_4905">24, 0, 24, 0</column>
<column name="xor_ln102_11_reg_4910">8, 0, 8, 0</column>
<column name="xor_ln102_9_reg_4900">16, 0, 16, 0</column>
<column name="xor_ln103_10_reg_4976">24, 0, 24, 0</column>
<column name="xor_ln103_11_reg_4981">8, 0, 8, 0</column>
<column name="xor_ln103_9_reg_4971">16, 0, 16, 0</column>
<column name="xor_ln104_10_reg_5047">24, 0, 24, 0</column>
<column name="xor_ln104_11_reg_5052">8, 0, 8, 0</column>
<column name="xor_ln104_9_reg_5042">16, 0, 16, 0</column>
<column name="xor_ln105_10_reg_5118">24, 0, 24, 0</column>
<column name="xor_ln105_11_reg_5123">8, 0, 8, 0</column>
<column name="xor_ln105_9_reg_5113">16, 0, 16, 0</column>
<column name="xor_ln106_10_reg_5189">24, 0, 24, 0</column>
<column name="xor_ln106_11_reg_5194">8, 0, 8, 0</column>
<column name="xor_ln106_9_reg_5184">16, 0, 16, 0</column>
<column name="xor_ln107_10_reg_5260">24, 0, 24, 0</column>
<column name="xor_ln107_11_reg_5265">8, 0, 8, 0</column>
<column name="xor_ln107_9_reg_5255">16, 0, 16, 0</column>
<column name="xor_ln108_10_reg_5360">24, 0, 24, 0</column>
<column name="xor_ln108_11_reg_5365">8, 0, 8, 0</column>
<column name="xor_ln108_9_reg_5355">16, 0, 16, 0</column>
<column name="xor_ln109_11_reg_5426">8, 0, 8, 0</column>
<column name="xor_ln110_11_reg_5481">8, 0, 8, 0</column>
<column name="xor_ln94_1_reg_4365">16, 0, 16, 0</column>
<column name="xor_ln94_2_reg_4370">24, 0, 24, 0</column>
<column name="xor_ln94_3_reg_4375">8, 0, 8, 0</column>
<column name="xor_ln96_10_reg_4431">24, 0, 24, 0</column>
<column name="xor_ln96_11_reg_4436">8, 0, 8, 0</column>
<column name="xor_ln96_9_reg_4426">16, 0, 16, 0</column>
<column name="xor_ln97_10_reg_4542">24, 0, 24, 0</column>
<column name="xor_ln97_11_reg_4547">8, 0, 8, 0</column>
<column name="xor_ln97_9_reg_4537">16, 0, 16, 0</column>
<column name="xor_ln98_10_reg_4621">24, 0, 24, 0</column>
<column name="xor_ln98_11_reg_4626">8, 0, 8, 0</column>
<column name="xor_ln98_9_reg_4616">16, 0, 16, 0</column>
<column name="xor_ln99_10_reg_4692">24, 0, 24, 0</column>
<column name="xor_ln99_11_reg_4697">8, 0, 8, 0</column>
<column name="xor_ln99_9_reg_4687">16, 0, 16, 0</column>
</table>
</item>
</section>
</item>
</section>

<section name = "Interface" level="0">
<item name = "Summary"><table name="" hasTotal="0">
<keys size="6">RTL Ports, Dir, Bits, Protocol, Source Object, C Type</keys>
<column name="ap_clk">in, 1, ap_ctrl_hs, BF_encrypt, return value</column>
<column name="ap_rst">in, 1, ap_ctrl_hs, BF_encrypt, return value</column>
<column name="ap_start">in, 1, ap_ctrl_hs, BF_encrypt, return value</column>
<column name="ap_done">out, 1, ap_ctrl_hs, BF_encrypt, return value</column>
<column name="ap_idle">out, 1, ap_ctrl_hs, BF_encrypt, return value</column>
<column name="ap_ready">out, 1, ap_ctrl_hs, BF_encrypt, return value</column>
<column name="ap_ce">in, 1, ap_ctrl_hs, BF_encrypt, return value</column>
<column name="ap_return_0">out, 32, ap_ctrl_hs, BF_encrypt, return value</column>
<column name="ap_return_1">out, 32, ap_ctrl_hs, BF_encrypt, return value</column>
<column name="data_0_read">in, 32, ap_none, data_0_read, scalar</column>
<column name="data_1_read">in, 32, ap_none, data_1_read, scalar</column>
<column name="key_S_address0">out, 10, ap_memory, key_S, array</column>
<column name="key_S_ce0">out, 1, ap_memory, key_S, array</column>
<column name="key_S_q0">in, 32, ap_memory, key_S, array</column>
<column name="key_S_address1">out, 10, ap_memory, key_S, array</column>
<column name="key_S_ce1">out, 1, ap_memory, key_S, array</column>
<column name="key_S_q1">in, 32, ap_memory, key_S, array</column>
<column name="key_P_address0">out, 5, ap_memory, key_P, array</column>
<column name="key_P_ce0">out, 1, ap_memory, key_P, array</column>
<column name="key_P_q0">in, 32, ap_memory, key_P, array</column>
<column name="key_P_address1">out, 5, ap_memory, key_P, array</column>
<column name="key_P_ce1">out, 1, ap_memory, key_P, array</column>
<column name="key_P_q1">in, 32, ap_memory, key_P, array</column>
</table>
</item>
</section>
</profile>
