<stg><name>blowfish_main</name>


<trans_list>

<trans id="93" from="1" to="2">
<condition id="-1">
<or_exp><and_exp></and_exp></or_exp>
</condition>
</trans>

<trans id="113" from="2" to="3">
<condition id="-1">
<or_exp><and_exp><literal name="icmp_ln833" val="1"/>
</and_exp></or_exp>
</condition>
</trans>

<trans id="114" from="2" to="2">
<condition id="-1">
<or_exp><and_exp><literal name="icmp_ln833" val="0"/>
</and_exp></or_exp>
</condition>
</trans>

<trans id="96" from="3" to="4">
<condition id="-1">
<or_exp><and_exp></and_exp></or_exp>
</condition>
</trans>

<trans id="97" from="4" to="5">
<condition id="-1">
<or_exp><and_exp></and_exp></or_exp>
</condition>
</trans>

<trans id="98" from="5" to="6">
<condition id="-1">
<or_exp><and_exp><literal name="icmp_ln841" val="1"/>
</and_exp></or_exp>
</condition>
</trans>

<trans id="100" from="6" to="7">
<condition id="-1">
<or_exp><and_exp></and_exp></or_exp>
</condition>
</trans>

<trans id="101" from="7" to="8">
<condition id="-1">
<or_exp><and_exp><literal name="exitcond1" val="0"/>
</and_exp></or_exp>
</condition>
</trans>

<trans id="102" from="7" to="9">
<condition id="-1">
<or_exp><and_exp><literal name="exitcond1" val="1"/>
</and_exp></or_exp>
</condition>
</trans>

<trans id="104" from="8" to="7">
<condition id="-1">
<or_exp><and_exp></and_exp></or_exp>
</condition>
</trans>

<trans id="106" from="9" to="10">
<condition id="-1">
<or_exp><and_exp></and_exp></or_exp>
</condition>
</trans>

<trans id="107" from="10" to="11">
<condition id="-1">
<or_exp><and_exp><literal name="icmp_ln848" val="0"/>
</and_exp></or_exp>
</condition>
</trans>

<trans id="111" from="10" to="5">
<condition id="-1">
<or_exp><and_exp><literal name="icmp_ln848" val="1"/>
</and_exp></or_exp>
</condition>
</trans>

<trans id="109" from="11" to="12">
<condition id="-1">
<or_exp><and_exp></and_exp></or_exp>
</condition>
</trans>

<trans id="110" from="12" to="10">
<condition id="-1">
<or_exp><and_exp></and_exp></or_exp>
</condition>
</trans>
</trans_list>



<state_list>

<state id="1" st_id="1">

<operation id="13" st_id="1" stage="1" lat="1">
<core>NULL</core>
<MemPortIdVec></MemPortIdVec>
<condition id="-1">
<or_exp><and_exp></and_exp></or_exp>
</condition>

<Node id="8" bw="0" op_0_bw="0" op_1_bw="32">
<![CDATA[
:0  call void (...)* @_ssdm_op_SpecBitsMap(i32 0) nounwind, !map !73

]]></Node>
<StgValue><ssdm name="specbitsmap_ln0"/></StgValue>
</operation>

<operation id="14" st_id="1" stage="1" lat="1">
<core>NULL</core>
<MemPortIdVec></MemPortIdVec>
<condition id="-1">
<or_exp><and_exp></and_exp></or_exp>
</condition>

<Node id="9" bw="0" op_0_bw="0" op_1_bw="0">
<![CDATA[
:1  call void (...)* @_ssdm_op_SpecTopModule([14 x i8]* @blowfish_main_str) nounwind

]]></Node>
<StgValue><ssdm name="spectopmodule_ln0"/></StgValue>
</operation>

<operation id="15" st_id="1" stage="1" lat="1">
<core>RAM</core>
<MemPortIdVec></MemPortIdVec>
<condition id="-1">
<or_exp><and_exp></and_exp></or_exp>
</condition>

<Node id="10" bw="7" op_0_bw="64">
<![CDATA[
:2  %indata = alloca [40 x i7], align 1

]]></Node>
<StgValue><ssdm name="indata"/><MemPortTyVec>2 3 </MemPortTyVec>
</StgValue>
</operation>

<operation id="16" st_id="1" stage="1" lat="1">
<core>RAM</core>
<MemPortIdVec></MemPortIdVec>
<condition id="-1">
<or_exp><and_exp></and_exp></or_exp>
</condition>

<Node id="11" bw="8" op_0_bw="64">
<![CDATA[
:3  %outdata = alloca [40 x i8], align 16

]]></Node>
<StgValue><ssdm name="outdata"/><MemPortTyVec>2 3 </MemPortTyVec>
</StgValue>
</operation>

<operation id="17" st_id="1" stage="1" lat="1">
<core>RAM</core>
<MemPortIdVec></MemPortIdVec>
<condition id="-1">
<or_exp><and_exp></and_exp></or_exp>
</condition>

<Node id="12" bw="8" op_0_bw="64">
<![CDATA[
:4  %ivec = alloca [8 x i8], align 1

]]></Node>
<StgValue><ssdm name="ivec"/><MemPortTyVec>2 2 </MemPortTyVec>
</StgValue>
</operation>

<operation id="18" st_id="1" stage="1" lat="1">
<core>NULL</core>
<MemPortIdVec></MemPortIdVec>
<condition id="-1">
<or_exp><and_exp></and_exp></or_exp>
</condition>

<Node id="13" bw="0" op_0_bw="0">
<![CDATA[
:5  br label %1

]]></Node>
<StgValue><ssdm name="br_ln833"/></StgValue>
</operation>
</state>

<state id="2" st_id="2">

<operation id="19" st_id="2" stage="1" lat="1">
<core>NULL</core>
<MemPortIdVec></MemPortIdVec>
<condition id="-1">
<or_exp><and_exp></and_exp></or_exp>
</condition>

<Node id="15" bw="4" op_0_bw="4" op_1_bw="0" op_2_bw="4" op_3_bw="0">
<![CDATA[
:0  %i_0 = phi i4 [ 0, %0 ], [ %i, %hls_label_2 ]

]]></Node>
<StgValue><ssdm name="i_0"/></StgValue>
</operation>

<operation id="20" st_id="2" stage="1" lat="1">
<core>Cmp</core>
<MemPortIdVec></MemPortIdVec>
<condition id="-1">
<or_exp><and_exp></and_exp></or_exp>
</condition>

<Node id="16" bw="1" op_0_bw="4" op_1_bw="4">
<![CDATA[
:1  %icmp_ln833 = icmp eq i4 %i_0, -8

]]></Node>
<StgValue><ssdm name="icmp_ln833"/></StgValue>
</operation>

<operation id="21" st_id="2" stage="1" lat="1">
<core>NULL</core>
<MemPortIdVec></MemPortIdVec>
<condition id="-1">
<or_exp><and_exp></and_exp></or_exp>
</condition>

<Node id="17" bw="32" op_0_bw="32" op_1_bw="64" op_2_bw="64" op_3_bw="64">
<![CDATA[
:2  %empty = call i32 (...)* @_ssdm_op_SpecLoopTripCount(i64 8, i64 8, i64 8) nounwind

]]></Node>
<StgValue><ssdm name="empty"/></StgValue>
</operation>

<operation id="22" st_id="2" stage="1" lat="1">
<core>AddSub</core>
<MemPortIdVec></MemPortIdVec>
<condition id="-1">
<or_exp><and_exp></and_exp></or_exp>
</condition>

<Node id="18" bw="4" op_0_bw="4" op_1_bw="4">
<![CDATA[
:3  %i = add i4 %i_0, 1

]]></Node>
<StgValue><ssdm name="i"/></StgValue>
</operation>

<operation id="23" st_id="2" stage="1" lat="1">
<core>NULL</core>
<MemPortIdVec></MemPortIdVec>
<condition id="-1">
<or_exp><and_exp></and_exp></or_exp>
</condition>

<Node id="19" bw="0" op_0_bw="1" op_1_bw="0" op_2_bw="0">
<![CDATA[
:4  br i1 %icmp_ln833, label %2, label %hls_label_2

]]></Node>
<StgValue><ssdm name="br_ln833"/></StgValue>
</operation>

<operation id="24" st_id="2" stage="1" lat="1">
<core>NULL</core>
<MemPortIdVec></MemPortIdVec>
<condition id="-1">
<or_exp><and_exp><literal name="icmp_ln833" val="0"/>
</and_exp></or_exp>
</condition>

<Node id="21" bw="32" op_0_bw="32" op_1_bw="0">
<![CDATA[
hls_label_2:0  %tmp = call i32 (...)* @_ssdm_op_SpecRegionBegin([12 x i8]* @p_str37) nounwind

]]></Node>
<StgValue><ssdm name="tmp"/></StgValue>
</operation>

<operation id="25" st_id="2" stage="1" lat="1">
<core>NULL</core>
<MemPortIdVec></MemPortIdVec>
<condition id="-1">
<or_exp><and_exp><literal name="icmp_ln833" val="0"/>
</and_exp></or_exp>
</condition>

<Node id="22" bw="0" op_0_bw="0" op_1_bw="32" op_2_bw="32" op_3_bw="32" op_4_bw="32" op_5_bw="0">
<![CDATA[
hls_label_2:1  call void (...)* @_ssdm_op_SpecPipeline(i32 1, i32 1, i32 1, i32 0, [1 x i8]* @p_str15) nounwind

]]></Node>
<StgValue><ssdm name="specpipeline_ln835"/></StgValue>
</operation>

<operation id="26" st_id="2" stage="1" lat="1">
<core>NULL</core>
<MemPortIdVec></MemPortIdVec>
<condition id="-1">
<or_exp><and_exp><literal name="icmp_ln833" val="0"/>
</and_exp></or_exp>
</condition>

<Node id="23" bw="64" op_0_bw="4">
<![CDATA[
hls_label_2:2  %zext_ln836 = zext i4 %i_0 to i64

]]></Node>
<StgValue><ssdm name="zext_ln836"/></StgValue>
</operation>

<operation id="27" st_id="2" stage="1" lat="1">
<core>NULL</core>
<MemPortIdVec></MemPortIdVec>
<condition id="-1">
<or_exp><and_exp><literal name="icmp_ln833" val="0"/>
</and_exp></or_exp>
</condition>

<Node id="24" bw="3" op_0_bw="8" op_1_bw="64" op_2_bw="64">
<![CDATA[
hls_label_2:3  %ivec_addr = getelementptr inbounds [8 x i8]* %ivec, i64 0, i64 %zext_ln836

]]></Node>
<StgValue><ssdm name="ivec_addr"/></StgValue>
</operation>

<operation id="28" st_id="2" stage="1" lat="1">
<core>RAM</core>
<MemPortIdVec>0 </MemPortIdVec>
<condition id="-1">
<or_exp><and_exp><literal name="icmp_ln833" val="0"/>
</and_exp></or_exp>
</condition>

<Node id="25" bw="0" op_0_bw="8" op_1_bw="3">
<![CDATA[
hls_label_2:4  store i8 0, i8* %ivec_addr, align 1

]]></Node>
<StgValue><ssdm name="store_ln837"/></StgValue>
</operation>

<operation id="29" st_id="2" stage="1" lat="1">
<core>NULL</core>
<MemPortIdVec></MemPortIdVec>
<condition id="-1">
<or_exp><and_exp><literal name="icmp_ln833" val="0"/>
</and_exp></or_exp>
</condition>

<Node id="26" bw="32" op_0_bw="32" op_1_bw="0" op_2_bw="32">
<![CDATA[
hls_label_2:5  %empty_9 = call i32 (...)* @_ssdm_op_SpecRegionEnd([12 x i8]* @p_str37, i32 %tmp) nounwind

]]></Node>
<StgValue><ssdm name="empty_9"/></StgValue>
</operation>

<operation id="30" st_id="2" stage="1" lat="1">
<core>NULL</core>
<MemPortIdVec></MemPortIdVec>
<condition id="-1">
<or_exp><and_exp><literal name="icmp_ln833" val="0"/>
</and_exp></or_exp>
</condition>

<Node id="27" bw="0" op_0_bw="0">
<![CDATA[
hls_label_2:6  br label %1

]]></Node>
<StgValue><ssdm name="br_ln833"/></StgValue>
</operation>
</state>

<state id="3" st_id="3">

<operation id="31" st_id="3" stage="1" lat="1">
<core>NULL</core>
<MemPortIdVec></MemPortIdVec>
<condition id="-1">
<or_exp><and_exp></and_exp></or_exp>
</condition>

<Node id="29" bw="32" op_0_bw="32">
<![CDATA[
:0  %check_1 = alloca i32

]]></Node>
<StgValue><ssdm name="check_1"/></StgValue>
</operation>

<operation id="32" st_id="3" stage="2" lat="2">
<core></core>
<MemPortIdVec></MemPortIdVec>
<condition id="-1">
<or_exp><and_exp></and_exp></or_exp>
</condition>

<Node id="30" bw="0" op_0_bw="0" op_1_bw="8" op_2_bw="32" op_3_bw="32" op_4_bw="32" op_5_bw="32">
<![CDATA[
:1  call fastcc void @BF_set_key([8 x i8]* @ukey) nounwind

]]></Node>
<StgValue><ssdm name="call_ln839"/></StgValue>
</operation>

<operation id="33" st_id="3" stage="1" lat="1">
<core>NULL</core>
<MemPortIdVec></MemPortIdVec>
<condition id="-1">
<or_exp><and_exp></and_exp></or_exp>
</condition>

<Node id="31" bw="0" op_0_bw="32" op_1_bw="32">
<![CDATA[
:2  store i32 0, i32* %check_1

]]></Node>
<StgValue><ssdm name="store_ln841"/></StgValue>
</operation>
</state>

<state id="4" st_id="4">

<operation id="34" st_id="4" stage="1" lat="2">
<core></core>
<MemPortIdVec></MemPortIdVec>
<condition id="-1">
<or_exp><and_exp></and_exp></or_exp>
</condition>

<Node id="30" bw="0" op_0_bw="0" op_1_bw="8" op_2_bw="32" op_3_bw="32" op_4_bw="32" op_5_bw="32">
<![CDATA[
:1  call fastcc void @BF_set_key([8 x i8]* @ukey) nounwind

]]></Node>
<StgValue><ssdm name="call_ln839"/></StgValue>
</operation>

<operation id="35" st_id="4" stage="1" lat="1">
<core>NULL</core>
<MemPortIdVec></MemPortIdVec>
<condition id="-1">
<or_exp><and_exp></and_exp></or_exp>
</condition>

<Node id="32" bw="0" op_0_bw="0">
<![CDATA[
:3  br label %.loopexit

]]></Node>
<StgValue><ssdm name="br_ln841"/></StgValue>
</operation>
</state>

<state id="5" st_id="5">

<operation id="36" st_id="5" stage="1" lat="1">
<core>NULL</core>
<MemPortIdVec></MemPortIdVec>
<condition id="-1">
<or_exp><and_exp></and_exp></or_exp>
</condition>

<Node id="34" bw="32" op_0_bw="32" op_1_bw="0" op_2_bw="32" op_3_bw="0">
<![CDATA[
.loopexit:0  %num_0 = phi i32 [ 0, %2 ], [ %num, %.loopexit.loopexit ]

]]></Node>
<StgValue><ssdm name="num_0"/></StgValue>
</operation>

<operation id="37" st_id="5" stage="1" lat="1">
<core>NULL</core>
<MemPortIdVec></MemPortIdVec>
<condition id="-1">
<or_exp><and_exp></and_exp></or_exp>
</condition>

<Node id="35" bw="32" op_0_bw="32" op_1_bw="0" op_2_bw="32" op_3_bw="0">
<![CDATA[
.loopexit:1  %l_0 = phi i32 [ 0, %2 ], [ %sub_ln849, %.loopexit.loopexit ]

]]></Node>
<StgValue><ssdm name="l_0"/></StgValue>
</operation>

<operation id="38" st_id="5" stage="1" lat="1">
<core>NULL</core>
<MemPortIdVec></MemPortIdVec>
<condition id="-1">
<or_exp><and_exp></and_exp></or_exp>
</condition>

<Node id="36" bw="32" op_0_bw="32" op_1_bw="0" op_2_bw="32" op_3_bw="0">
<![CDATA[
.loopexit:2  %k_0 = phi i32 [ 0, %2 ], [ %k, %.loopexit.loopexit ]

]]></Node>
<StgValue><ssdm name="k_0"/></StgValue>
</operation>

<operation id="39" st_id="5" stage="1" lat="1">
<core>Cmp</core>
<MemPortIdVec></MemPortIdVec>
<condition id="-1">
<or_exp><and_exp></and_exp></or_exp>
</condition>

<Node id="37" bw="1" op_0_bw="32" op_1_bw="32">
<![CDATA[
.loopexit:3  %icmp_ln841 = icmp slt i32 %k_0, 5200

]]></Node>
<StgValue><ssdm name="icmp_ln841"/></StgValue>
</operation>

<operation id="40" st_id="5" stage="1" lat="1">
<core>NULL</core>
<MemPortIdVec></MemPortIdVec>
<condition id="-1">
<or_exp><and_exp></and_exp></or_exp>
</condition>

<Node id="38" bw="0" op_0_bw="1" op_1_bw="0" op_2_bw="0">
<![CDATA[
.loopexit:4  br i1 %icmp_ln841, label %.preheader.preheader, label %7

]]></Node>
<StgValue><ssdm name="br_ln841"/></StgValue>
</operation>

<operation id="41" st_id="5" stage="1" lat="1">
<core>AddSub</core>
<MemPortIdVec></MemPortIdVec>
<condition id="-1">
<or_exp><and_exp><literal name="icmp_ln841" val="1"/>
</and_exp></or_exp>
</condition>

<Node id="42" bw="32" op_0_bw="32" op_1_bw="32">
<![CDATA[
.preheader.preheader:2  %add_ln849_2 = add i32 -5201, %k_0

]]></Node>
<StgValue><ssdm name="add_ln849_2"/></StgValue>
</operation>

<operation id="42" st_id="5" stage="1" lat="1">
<core>Cmp</core>
<MemPortIdVec></MemPortIdVec>
<condition id="-1">
<or_exp><and_exp><literal name="icmp_ln841" val="1"/>
</and_exp></or_exp>
</condition>

<Node id="44" bw="1" op_0_bw="32" op_1_bw="32">
<![CDATA[
.preheader.preheader:4  %empty_10 = icmp ugt i32 %add_ln849_2, -41

]]></Node>
<StgValue><ssdm name="empty_10"/></StgValue>
</operation>

<operation id="43" st_id="5" stage="1" lat="1">
<core>NULL</core>
<MemPortIdVec></MemPortIdVec>
<condition id="-1">
<or_exp><and_exp><literal name="icmp_ln841" val="0"/>
</and_exp></or_exp>
</condition>

<Node id="93" bw="32" op_0_bw="32" op_1_bw="0">
<![CDATA[
:0  %check_1_load = load i32* %check_1

]]></Node>
<StgValue><ssdm name="check_1_load"/></StgValue>
</operation>

<operation id="44" st_id="5" stage="1" lat="1">
<core>NULL</core>
<MemPortIdVec></MemPortIdVec>
<condition id="-1">
<or_exp><and_exp><literal name="icmp_ln841" val="0"/>
</and_exp></or_exp>
</condition>

<Node id="94" bw="0" op_0_bw="32">
<![CDATA[
:1  ret i32 %check_1_load

]]></Node>
<StgValue><ssdm name="ret_ln853"/></StgValue>
</operation>
</state>

<state id="6" st_id="6">

<operation id="45" st_id="6" stage="1" lat="1">
<core>TAddSub</core>
<MemPortIdVec></MemPortIdVec>
<condition id="-1">
<or_exp><and_exp></and_exp></or_exp>
</condition>

<Node id="40" bw="32" op_0_bw="32" op_1_bw="32">
<![CDATA[
.preheader.preheader:0  %add_ln849 = add i32 -1, %k_0

]]></Node>
<StgValue><ssdm name="add_ln849"/></StgValue>
</operation>

<operation id="46" st_id="6" stage="1" lat="1">
<core>NULL</core>
<MemPortIdVec></MemPortIdVec>
<condition id="-1">
<or_exp><and_exp><literal name="empty_10" val="1"/>
</and_exp></or_exp>
</condition>

<Node id="41" bw="7" op_0_bw="32">
<![CDATA[
.preheader.preheader:1  %trunc_ln849 = trunc i32 %k_0 to i7

]]></Node>
<StgValue><ssdm name="trunc_ln849"/></StgValue>
</operation>

<operation id="47" st_id="6" stage="1" lat="1">
<core>AddSub</core>
<MemPortIdVec></MemPortIdVec>
<condition id="-1">
<or_exp><and_exp><literal name="empty_10" val="1"/>
</and_exp></or_exp>
</condition>

<Node id="43" bw="7" op_0_bw="7" op_1_bw="7">
<![CDATA[
.preheader.preheader:3  %add_ln849_2_cast = add i7 47, %trunc_ln849

]]></Node>
<StgValue><ssdm name="add_ln849_2_cast"/></StgValue>
</operation>

<operation id="48" st_id="6" stage="1" lat="1">
<core>Sel</core>
<MemPortIdVec></MemPortIdVec>
<condition id="-1">
<or_exp><and_exp></and_exp></or_exp>
</condition>

<Node id="45" bw="7" op_0_bw="1" op_1_bw="7" op_2_bw="7">
<![CDATA[
.preheader.preheader:5  %umax = select i1 %empty_10, i7 %add_ln849_2_cast, i7 -41

]]></Node>
<StgValue><ssdm name="umax"/></StgValue>
</operation>

<operation id="49" st_id="6" stage="1" lat="1">
<core>NULL</core>
<MemPortIdVec></MemPortIdVec>
<condition id="-1">
<or_exp><and_exp></and_exp></or_exp>
</condition>

<Node id="46" bw="32" op_0_bw="7">
<![CDATA[
.preheader.preheader:6  %umax_cast = sext i7 %umax to i32

]]></Node>
<StgValue><ssdm name="umax_cast"/></StgValue>
</operation>

<operation id="50" st_id="6" stage="1" lat="1">
<core>LogicGate</core>
<MemPortIdVec></MemPortIdVec>
<condition id="-1">
<or_exp><and_exp></and_exp></or_exp>
</condition>

<Node id="47" bw="7" op_0_bw="7" op_1_bw="7">
<![CDATA[
.preheader.preheader:7  %i_1 = xor i7 %umax, -1

]]></Node>
<StgValue><ssdm name="i_1"/></StgValue>
</operation>

<operation id="51" st_id="6" stage="1" lat="1">
<core>TAddSub</core>
<MemPortIdVec></MemPortIdVec>
<condition id="-1">
<or_exp><and_exp></and_exp></or_exp>
</condition>

<Node id="48" bw="32" op_0_bw="32" op_1_bw="32">
<![CDATA[
.preheader.preheader:8  %k = sub i32 %add_ln849, %umax_cast

]]></Node>
<StgValue><ssdm name="k"/></StgValue>
</operation>

<operation id="52" st_id="6" stage="1" lat="1">
<core>TAddSub</core>
<MemPortIdVec></MemPortIdVec>
<condition id="-1">
<or_exp><and_exp></and_exp></or_exp>
</condition>

<Node id="49" bw="32" op_0_bw="32" op_1_bw="32">
<![CDATA[
.preheader.preheader:9  %add_ln849_1 = add i32 -1, %l_0

]]></Node>
<StgValue><ssdm name="add_ln849_1"/></StgValue>
</operation>

<operation id="53" st_id="6" stage="1" lat="1">
<core>TAddSub</core>
<MemPortIdVec></MemPortIdVec>
<condition id="-1">
<or_exp><and_exp></and_exp></or_exp>
</condition>

<Node id="50" bw="32" op_0_bw="32" op_1_bw="32">
<![CDATA[
.preheader.preheader:10  %sub_ln849 = sub i32 %add_ln849_1, %umax_cast

]]></Node>
<StgValue><ssdm name="sub_ln849"/></StgValue>
</operation>

<operation id="54" st_id="6" stage="1" lat="1">
<core>NULL</core>
<MemPortIdVec></MemPortIdVec>
<condition id="-1">
<or_exp><and_exp></and_exp></or_exp>
</condition>

<Node id="51" bw="0" op_0_bw="0">
<![CDATA[
.preheader.preheader:11  br label %.preheader

]]></Node>
<StgValue><ssdm name="br_ln849"/></StgValue>
</operation>
</state>

<state id="7" st_id="7">

<operation id="55" st_id="7" stage="1" lat="1">
<core>NULL</core>
<MemPortIdVec></MemPortIdVec>
<condition id="-1">
<or_exp><and_exp></and_exp></or_exp>
</condition>

<Node id="53" bw="32" op_0_bw="32" op_1_bw="0" op_2_bw="32" op_3_bw="0">
<![CDATA[
.preheader:0  %k_1 = phi i32 [ %add_ln844, %3 ], [ %k_0, %.preheader.preheader ]

]]></Node>
<StgValue><ssdm name="k_1"/></StgValue>
</operation>

<operation id="56" st_id="7" stage="1" lat="1">
<core>NULL</core>
<MemPortIdVec></MemPortIdVec>
<condition id="-1">
<or_exp><and_exp></and_exp></or_exp>
</condition>

<Node id="54" bw="32" op_0_bw="32" op_1_bw="0" op_2_bw="32" op_3_bw="0">
<![CDATA[
.preheader:1  %i_2 = phi i32 [ %add_ln844_1, %3 ], [ 0, %.preheader.preheader ]

]]></Node>
<StgValue><ssdm name="i_2"/></StgValue>
</operation>

<operation id="57" st_id="7" stage="1" lat="1">
<core>Cmp</core>
<MemPortIdVec></MemPortIdVec>
<condition id="-1">
<or_exp><and_exp></and_exp></or_exp>
</condition>

<Node id="55" bw="1" op_0_bw="32" op_1_bw="32">
<![CDATA[
.preheader:2  %exitcond1 = icmp eq i32 %k_1, %k

]]></Node>
<StgValue><ssdm name="exitcond1"/></StgValue>
</operation>

<operation id="58" st_id="7" stage="1" lat="1">
<core>AddSub</core>
<MemPortIdVec></MemPortIdVec>
<condition id="-1">
<or_exp><and_exp></and_exp></or_exp>
</condition>

<Node id="56" bw="32" op_0_bw="32" op_1_bw="32">
<![CDATA[
.preheader:3  %add_ln844_1 = add nsw i32 %i_2, 1

]]></Node>
<StgValue><ssdm name="add_ln844_1"/></StgValue>
</operation>

<operation id="59" st_id="7" stage="1" lat="1">
<core>NULL</core>
<MemPortIdVec></MemPortIdVec>
<condition id="-1">
<or_exp><and_exp></and_exp></or_exp>
</condition>

<Node id="57" bw="0" op_0_bw="1" op_1_bw="0" op_2_bw="0">
<![CDATA[
.preheader:4  br i1 %exitcond1, label %4, label %3

]]></Node>
<StgValue><ssdm name="br_ln844"/></StgValue>
</operation>

<operation id="60" st_id="7" stage="1" lat="1">
<core>AddSub</core>
<MemPortIdVec></MemPortIdVec>
<condition id="-1">
<or_exp><and_exp><literal name="exitcond1" val="0"/>
</and_exp></or_exp>
</condition>

<Node id="59" bw="32" op_0_bw="32" op_1_bw="32">
<![CDATA[
:0  %add_ln844 = add nsw i32 %k_1, 1

]]></Node>
<StgValue><ssdm name="add_ln844"/></StgValue>
</operation>

<operation id="61" st_id="7" stage="1" lat="1">
<core>NULL</core>
<MemPortIdVec></MemPortIdVec>
<condition id="-1">
<or_exp><and_exp><literal name="exitcond1" val="0"/>
</and_exp></or_exp>
</condition>

<Node id="60" bw="64" op_0_bw="32">
<![CDATA[
:1  %sext_ln844 = sext i32 %k_1 to i64

]]></Node>
<StgValue><ssdm name="sext_ln844"/></StgValue>
</operation>

<operation id="62" st_id="7" stage="1" lat="1">
<core>NULL</core>
<MemPortIdVec></MemPortIdVec>
<condition id="-1">
<or_exp><and_exp><literal name="exitcond1" val="0"/>
</and_exp></or_exp>
</condition>

<Node id="61" bw="13" op_0_bw="7" op_1_bw="64" op_2_bw="64">
<![CDATA[
:2  %in_key_addr = getelementptr [5200 x i7]* @in_key, i64 0, i64 %sext_ln844

]]></Node>
<StgValue><ssdm name="in_key_addr"/></StgValue>
</operation>

<operation id="63" st_id="7" stage="2" lat="2">
<core>ROM_nP</core>
<MemPortIdVec>0 </MemPortIdVec>
<condition id="-1">
<or_exp><and_exp><literal name="exitcond1" val="0"/>
</and_exp></or_exp>
</condition>

<Node id="62" bw="7" op_0_bw="13">
<![CDATA[
:3  %in_key_load = load i7* %in_key_addr, align 1

]]></Node>
<StgValue><ssdm name="in_key_load"/></StgValue>
</operation>

<operation id="64" st_id="7" stage="2" lat="2">
<core></core>
<MemPortIdVec></MemPortIdVec>
<condition id="-1">
<or_exp><and_exp><literal name="exitcond1" val="1"/>
</and_exp></or_exp>
</condition>

<Node id="68" bw="32" op_0_bw="32" op_1_bw="7" op_2_bw="8" op_3_bw="7" op_4_bw="8" op_5_bw="32" op_6_bw="32" op_7_bw="32" op_8_bw="0">
<![CDATA[
:0  %num = call fastcc i32 @BF_cfb64_encrypt([40 x i7]* %indata, [40 x i8]* %outdata, i7 %i_1, [8 x i8]* %ivec, i32 %num_0) nounwind

]]></Node>
<StgValue><ssdm name="num"/></StgValue>
</operation>
</state>

<state id="8" st_id="8">

<operation id="65" st_id="8" stage="1" lat="2">
<core>ROM_nP</core>
<MemPortIdVec>0 </MemPortIdVec>
<condition id="-1">
<or_exp><and_exp></and_exp></or_exp>
</condition>

<Node id="62" bw="7" op_0_bw="13">
<![CDATA[
:3  %in_key_load = load i7* %in_key_addr, align 1

]]></Node>
<StgValue><ssdm name="in_key_load"/></StgValue>
</operation>

<operation id="66" st_id="8" stage="1" lat="1">
<core>NULL</core>
<MemPortIdVec></MemPortIdVec>
<condition id="-1">
<or_exp><and_exp></and_exp></or_exp>
</condition>

<Node id="63" bw="64" op_0_bw="32">
<![CDATA[
:4  %sext_ln844_1 = sext i32 %i_2 to i64

]]></Node>
<StgValue><ssdm name="sext_ln844_1"/></StgValue>
</operation>

<operation id="67" st_id="8" stage="1" lat="1">
<core>NULL</core>
<MemPortIdVec></MemPortIdVec>
<condition id="-1">
<or_exp><and_exp></and_exp></or_exp>
</condition>

<Node id="64" bw="6" op_0_bw="7" op_1_bw="64" op_2_bw="64">
<![CDATA[
:5  %indata_addr = getelementptr [40 x i7]* %indata, i64 0, i64 %sext_ln844_1

]]></Node>
<StgValue><ssdm name="indata_addr"/></StgValue>
</operation>

<operation id="68" st_id="8" stage="1" lat="1">
<core>RAM</core>
<MemPortIdVec>0 </MemPortIdVec>
<condition id="-1">
<or_exp><and_exp></and_exp></or_exp>
</condition>

<Node id="65" bw="0" op_0_bw="7" op_1_bw="6">
<![CDATA[
:6  store i7 %in_key_load, i7* %indata_addr, align 1

]]></Node>
<StgValue><ssdm name="store_ln844"/></StgValue>
</operation>

<operation id="69" st_id="8" stage="1" lat="1">
<core>NULL</core>
<MemPortIdVec></MemPortIdVec>
<condition id="-1">
<or_exp><and_exp></and_exp></or_exp>
</condition>

<Node id="66" bw="0" op_0_bw="0">
<![CDATA[
:7  br label %.preheader

]]></Node>
<StgValue><ssdm name="br_ln844"/></StgValue>
</operation>
</state>

<state id="9" st_id="9">

<operation id="70" st_id="9" stage="1" lat="2">
<core></core>
<MemPortIdVec></MemPortIdVec>
<condition id="-1">
<or_exp><and_exp></and_exp></or_exp>
</condition>

<Node id="68" bw="32" op_0_bw="32" op_1_bw="7" op_2_bw="8" op_3_bw="7" op_4_bw="8" op_5_bw="32" op_6_bw="32" op_7_bw="32" op_8_bw="0">
<![CDATA[
:0  %num = call fastcc i32 @BF_cfb64_encrypt([40 x i7]* %indata, [40 x i8]* %outdata, i7 %i_1, [8 x i8]* %ivec, i32 %num_0) nounwind

]]></Node>
<StgValue><ssdm name="num"/></StgValue>
</operation>

<operation id="71" st_id="9" stage="1" lat="1">
<core>NULL</core>
<MemPortIdVec></MemPortIdVec>
<condition id="-1">
<or_exp><and_exp></and_exp></or_exp>
</condition>

<Node id="69" bw="0" op_0_bw="0">
<![CDATA[
:1  br label %5

]]></Node>
<StgValue><ssdm name="br_ln848"/></StgValue>
</operation>
</state>

<state id="10" st_id="10">

<operation id="72" st_id="10" stage="1" lat="1">
<core>NULL</core>
<MemPortIdVec></MemPortIdVec>
<condition id="-1">
<or_exp><and_exp></and_exp></or_exp>
</condition>

<Node id="71" bw="32" op_0_bw="32" op_1_bw="0" op_2_bw="32" op_3_bw="0">
<![CDATA[
:0  %l_1 = phi i32 [ %l_0, %4 ], [ %add_ln849_3, %6 ]

]]></Node>
<StgValue><ssdm name="l_1"/></StgValue>
</operation>

<operation id="73" st_id="10" stage="1" lat="1">
<core>NULL</core>
<MemPortIdVec></MemPortIdVec>
<condition id="-1">
<or_exp><and_exp></and_exp></or_exp>
</condition>

<Node id="72" bw="32" op_0_bw="32" op_1_bw="0" op_2_bw="32" op_3_bw="0">
<![CDATA[
:1  %j_0 = phi i32 [ 0, %4 ], [ %j, %6 ]

]]></Node>
<StgValue><ssdm name="j_0"/></StgValue>
</operation>

<operation id="74" st_id="10" stage="1" lat="1">
<core>Cmp</core>
<MemPortIdVec></MemPortIdVec>
<condition id="-1">
<or_exp><and_exp></and_exp></or_exp>
</condition>

<Node id="73" bw="1" op_0_bw="32" op_1_bw="32">
<![CDATA[
:2  %icmp_ln848 = icmp eq i32 %l_1, %sub_ln849

]]></Node>
<StgValue><ssdm name="icmp_ln848"/></StgValue>
</operation>

<operation id="75" st_id="10" stage="1" lat="1">
<core>AddSub</core>
<MemPortIdVec></MemPortIdVec>
<condition id="-1">
<or_exp><and_exp></and_exp></or_exp>
</condition>

<Node id="74" bw="32" op_0_bw="32" op_1_bw="32">
<![CDATA[
:3  %j = add nsw i32 %j_0, 1

]]></Node>
<StgValue><ssdm name="j"/></StgValue>
</operation>

<operation id="76" st_id="10" stage="1" lat="1">
<core>NULL</core>
<MemPortIdVec></MemPortIdVec>
<condition id="-1">
<or_exp><and_exp></and_exp></or_exp>
</condition>

<Node id="75" bw="0" op_0_bw="1" op_1_bw="0" op_2_bw="0">
<![CDATA[
:4  br i1 %icmp_ln848, label %.loopexit.loopexit, label %6

]]></Node>
<StgValue><ssdm name="br_ln848"/></StgValue>
</operation>

<operation id="77" st_id="10" stage="1" lat="1">
<core>NULL</core>
<MemPortIdVec></MemPortIdVec>
<condition id="-1">
<or_exp><and_exp><literal name="icmp_ln848" val="0"/>
</and_exp></or_exp>
</condition>

<Node id="78" bw="64" op_0_bw="32">
<![CDATA[
:1  %sext_ln849 = sext i32 %j_0 to i64

]]></Node>
<StgValue><ssdm name="sext_ln849"/></StgValue>
</operation>

<operation id="78" st_id="10" stage="1" lat="1">
<core>NULL</core>
<MemPortIdVec></MemPortIdVec>
<condition id="-1">
<or_exp><and_exp><literal name="icmp_ln848" val="0"/>
</and_exp></or_exp>
</condition>

<Node id="79" bw="6" op_0_bw="8" op_1_bw="64" op_2_bw="64">
<![CDATA[
:2  %outdata_addr = getelementptr inbounds [40 x i8]* %outdata, i64 0, i64 %sext_ln849

]]></Node>
<StgValue><ssdm name="outdata_addr"/></StgValue>
</operation>

<operation id="79" st_id="10" stage="2" lat="2">
<core>RAM</core>
<MemPortIdVec>0 </MemPortIdVec>
<condition id="-1">
<or_exp><and_exp><literal name="icmp_ln848" val="0"/>
</and_exp></or_exp>
</condition>

<Node id="80" bw="8" op_0_bw="6">
<![CDATA[
:3  %outdata_load = load i8* %outdata_addr, align 1

]]></Node>
<StgValue><ssdm name="outdata_load"/></StgValue>
</operation>

<operation id="80" st_id="10" stage="1" lat="1">
<core>AddSub</core>
<MemPortIdVec></MemPortIdVec>
<condition id="-1">
<or_exp><and_exp><literal name="icmp_ln848" val="0"/>
</and_exp></or_exp>
</condition>

<Node id="81" bw="32" op_0_bw="32" op_1_bw="32">
<![CDATA[
:4  %add_ln849_3 = add nsw i32 %l_1, 1

]]></Node>
<StgValue><ssdm name="add_ln849_3"/></StgValue>
</operation>

<operation id="81" st_id="10" stage="1" lat="1">
<core>NULL</core>
<MemPortIdVec></MemPortIdVec>
<condition id="-1">
<or_exp><and_exp><literal name="icmp_ln848" val="0"/>
</and_exp></or_exp>
</condition>

<Node id="82" bw="64" op_0_bw="32">
<![CDATA[
:5  %sext_ln849_1 = sext i32 %l_1 to i64

]]></Node>
<StgValue><ssdm name="sext_ln849_1"/></StgValue>
</operation>

<operation id="82" st_id="10" stage="1" lat="1">
<core>NULL</core>
<MemPortIdVec></MemPortIdVec>
<condition id="-1">
<or_exp><and_exp><literal name="icmp_ln848" val="0"/>
</and_exp></or_exp>
</condition>

<Node id="83" bw="13" op_0_bw="8" op_1_bw="64" op_2_bw="64">
<![CDATA[
:6  %out_key_addr = getelementptr inbounds [5200 x i8]* @out_key, i64 0, i64 %sext_ln849_1

]]></Node>
<StgValue><ssdm name="out_key_addr"/></StgValue>
</operation>

<operation id="83" st_id="10" stage="2" lat="2">
<core>ROM_nP</core>
<MemPortIdVec>0 </MemPortIdVec>
<condition id="-1">
<or_exp><and_exp><literal name="icmp_ln848" val="0"/>
</and_exp></or_exp>
</condition>

<Node id="84" bw="8" op_0_bw="13">
<![CDATA[
:7  %out_key_load = load i8* %out_key_addr, align 1

]]></Node>
<StgValue><ssdm name="out_key_load"/></StgValue>
</operation>

<operation id="84" st_id="10" stage="1" lat="1">
<core>NULL</core>
<MemPortIdVec></MemPortIdVec>
<condition id="-1">
<or_exp><and_exp><literal name="icmp_ln848" val="1"/>
</and_exp></or_exp>
</condition>

<Node id="91" bw="0" op_0_bw="0">
<![CDATA[
.loopexit.loopexit:0  br label %.loopexit

]]></Node>
<StgValue><ssdm name="br_ln0"/></StgValue>
</operation>
</state>

<state id="11" st_id="11">

<operation id="85" st_id="11" stage="1" lat="2">
<core>RAM</core>
<MemPortIdVec>0 </MemPortIdVec>
<condition id="-1">
<or_exp><and_exp></and_exp></or_exp>
</condition>

<Node id="80" bw="8" op_0_bw="6">
<![CDATA[
:3  %outdata_load = load i8* %outdata_addr, align 1

]]></Node>
<StgValue><ssdm name="outdata_load"/></StgValue>
</operation>

<operation id="86" st_id="11" stage="1" lat="2">
<core>ROM_nP</core>
<MemPortIdVec>0 </MemPortIdVec>
<condition id="-1">
<or_exp><and_exp></and_exp></or_exp>
</condition>

<Node id="84" bw="8" op_0_bw="13">
<![CDATA[
:7  %out_key_load = load i8* %out_key_addr, align 1

]]></Node>
<StgValue><ssdm name="out_key_load"/></StgValue>
</operation>

<operation id="87" st_id="11" stage="1" lat="1">
<core>Cmp</core>
<MemPortIdVec></MemPortIdVec>
<condition id="-1">
<or_exp><and_exp></and_exp></or_exp>
</condition>

<Node id="85" bw="1" op_0_bw="8" op_1_bw="8">
<![CDATA[
:8  %icmp_ln849 = icmp ne i8 %outdata_load, %out_key_load

]]></Node>
<StgValue><ssdm name="icmp_ln849"/></StgValue>
</operation>
</state>

<state id="12" st_id="12">

<operation id="88" st_id="12" stage="1" lat="1">
<core>NULL</core>
<MemPortIdVec></MemPortIdVec>
<condition id="-1">
<or_exp><and_exp></and_exp></or_exp>
</condition>

<Node id="77" bw="32" op_0_bw="32" op_1_bw="0">
<![CDATA[
:0  %check_1_load_1 = load i32* %check_1

]]></Node>
<StgValue><ssdm name="check_1_load_1"/></StgValue>
</operation>

<operation id="89" st_id="12" stage="1" lat="1">
<core>NULL</core>
<MemPortIdVec></MemPortIdVec>
<condition id="-1">
<or_exp><and_exp></and_exp></or_exp>
</condition>

<Node id="86" bw="32" op_0_bw="1">
<![CDATA[
:9  %zext_ln849 = zext i1 %icmp_ln849 to i32

]]></Node>
<StgValue><ssdm name="zext_ln849"/></StgValue>
</operation>

<operation id="90" st_id="12" stage="1" lat="1">
<core>AddSub</core>
<MemPortIdVec></MemPortIdVec>
<condition id="-1">
<or_exp><and_exp></and_exp></or_exp>
</condition>

<Node id="87" bw="32" op_0_bw="32" op_1_bw="32">
<![CDATA[
:10  %check = add nsw i32 %zext_ln849, %check_1_load_1

]]></Node>
<StgValue><ssdm name="check"/></StgValue>
</operation>

<operation id="91" st_id="12" stage="1" lat="1">
<core>NULL</core>
<MemPortIdVec></MemPortIdVec>
<condition id="-1">
<or_exp><and_exp></and_exp></or_exp>
</condition>

<Node id="88" bw="0" op_0_bw="32" op_1_bw="32" op_2_bw="32" op_3_bw="0">
<![CDATA[
:11  store i32 %check, i32* %check_1

]]></Node>
<StgValue><ssdm name="store_ln848"/></StgValue>
</operation>

<operation id="92" st_id="12" stage="1" lat="1">
<core>NULL</core>
<MemPortIdVec></MemPortIdVec>
<condition id="-1">
<or_exp><and_exp></and_exp></or_exp>
</condition>

<Node id="89" bw="0" op_0_bw="0">
<![CDATA[
:12  br label %5

]]></Node>
<StgValue><ssdm name="br_ln848"/></StgValue>
</operation>
</state>
</state_list>


<ports>
<port id="115" name="bf_init_P" dir="0" iftype="1">
<core>ROM_nP</core><StgValue><ssdm name="bf_init_P"/><MemPortTyVec>1 </MemPortTyVec>
</StgValue>
</port>
<port id="116" name="key_P" dir="2" iftype="1">
<core>RAM</core><StgValue><ssdm name="key_P"/><MemPortTyVec>2 2 </MemPortTyVec>
</StgValue>
</port>
<port id="117" name="bf_init_S" dir="0" iftype="1">
<core>ROM_nP</core><StgValue><ssdm name="bf_init_S"/><MemPortTyVec>1 </MemPortTyVec>
</StgValue>
</port>
<port id="118" name="key_S" dir="2" iftype="1">
<core>RAM</core><StgValue><ssdm name="key_S"/><MemPortTyVec>2 2 </MemPortTyVec>
</StgValue>
</port>
<port id="119" name="ukey" dir="0" iftype="1">
<core>RAM</core><StgValue><ssdm name="ukey"/><MemPortTyVec>1 1 </MemPortTyVec>
</StgValue>
</port>
<port id="120" name="in_key" dir="0" iftype="1">
<core>ROM_nP</core><StgValue><ssdm name="in_key"/><MemPortTyVec>1 </MemPortTyVec>
</StgValue>
</port>
<port id="121" name="out_key" dir="0" iftype="1">
<core>ROM_nP</core><StgValue><ssdm name="out_key"/><MemPortTyVec>1 </MemPortTyVec>
</StgValue>
</port>
</ports>


<dataflows>
<dataflow id="123" from="_ssdm_op_SpecBitsMap" to="specbitsmap_ln0" fromId="122" toId="13">
</dataflow>
<dataflow id="125" from="StgValue_124" to="specbitsmap_ln0" fromId="124" toId="13">
</dataflow>
<dataflow id="127" from="_ssdm_op_SpecTopModule" to="spectopmodule_ln0" fromId="126" toId="14">
</dataflow>
<dataflow id="129" from="blowfish_main_str" to="spectopmodule_ln0" fromId="128" toId="14">
</dataflow>
<dataflow id="131" from="StgValue_130" to="indata" fromId="130" toId="15">
</dataflow>
<dataflow id="132" from="StgValue_130" to="outdata" fromId="130" toId="16">
</dataflow>
<dataflow id="133" from="StgValue_130" to="ivec" fromId="130" toId="17">
</dataflow>
<dataflow id="135" from="StgValue_134" to="i_0" fromId="134" toId="19">
<condition id="-1">
<or_exp><and_exp></and_exp></or_exp>
</condition>
</dataflow>
<dataflow id="136" from="br_ln833" to="i_0" fromId="18" toId="19">
</dataflow>
<dataflow id="137" from="i" to="i_0" fromId="22" toId="19">
<BackEdge/>
<condition id="-1">
<or_exp><and_exp><literal name="icmp_ln833" val="0"/>
</and_exp></or_exp>
</condition>
</dataflow>
<dataflow id="138" from="br_ln833" to="i_0" fromId="30" toId="19">
<BackEdge/>
</dataflow>
<dataflow id="139" from="i_0" to="icmp_ln833" fromId="19" toId="20">
</dataflow>
<dataflow id="141" from="StgValue_140" to="icmp_ln833" fromId="140" toId="20">
</dataflow>
<dataflow id="143" from="_ssdm_op_SpecLoopTripCount" to="empty" fromId="142" toId="21">
</dataflow>
<dataflow id="145" from="StgValue_144" to="empty" fromId="144" toId="21">
</dataflow>
<dataflow id="146" from="StgValue_144" to="empty" fromId="144" toId="21">
</dataflow>
<dataflow id="147" from="StgValue_144" to="empty" fromId="144" toId="21">
</dataflow>
<dataflow id="148" from="i_0" to="i" fromId="19" toId="22">
</dataflow>
<dataflow id="150" from="StgValue_149" to="i" fromId="149" toId="22">
</dataflow>
<dataflow id="151" from="icmp_ln833" to="br_ln833" fromId="20" toId="23">
</dataflow>
<dataflow id="153" from="_ssdm_op_SpecRegionBegin" to="tmp" fromId="152" toId="24">
</dataflow>
<dataflow id="155" from="p_str37" to="tmp" fromId="154" toId="24">
</dataflow>
<dataflow id="157" from="_ssdm_op_SpecPipeline" to="specpipeline_ln835" fromId="156" toId="25">
</dataflow>
<dataflow id="159" from="StgValue_158" to="specpipeline_ln835" fromId="158" toId="25">
</dataflow>
<dataflow id="160" from="StgValue_158" to="specpipeline_ln835" fromId="158" toId="25">
</dataflow>
<dataflow id="161" from="StgValue_158" to="specpipeline_ln835" fromId="158" toId="25">
</dataflow>
<dataflow id="162" from="StgValue_124" to="specpipeline_ln835" fromId="124" toId="25">
</dataflow>
<dataflow id="164" from="p_str15" to="specpipeline_ln835" fromId="163" toId="25">
</dataflow>
<dataflow id="165" from="i_0" to="zext_ln836" fromId="19" toId="26">
</dataflow>
<dataflow id="166" from="ivec" to="ivec_addr" fromId="17" toId="27">
</dataflow>
<dataflow id="168" from="StgValue_167" to="ivec_addr" fromId="167" toId="27">
</dataflow>
<dataflow id="169" from="zext_ln836" to="ivec_addr" fromId="26" toId="27">
</dataflow>
<dataflow id="171" from="StgValue_170" to="store_ln837" fromId="170" toId="28">
</dataflow>
<dataflow id="172" from="ivec_addr" to="store_ln837" fromId="27" toId="28">
</dataflow>
<dataflow id="174" from="_ssdm_op_SpecRegionEnd" to="empty_9" fromId="173" toId="29">
</dataflow>
<dataflow id="175" from="p_str37" to="empty_9" fromId="154" toId="29">
</dataflow>
<dataflow id="176" from="tmp" to="empty_9" fromId="24" toId="29">
</dataflow>
<dataflow id="177" from="StgValue_158" to="check_1" fromId="158" toId="31">
</dataflow>
<dataflow id="179" from="BF_set_key" to="call_ln839" fromId="178" toId="32">
</dataflow>
<dataflow id="180" from="ukey" to="call_ln839" fromId="119" toId="32">
</dataflow>
<dataflow id="181" from="bf_init_P" to="call_ln839" fromId="115" toId="32">
</dataflow>
<dataflow id="182" from="key_P" to="call_ln839" fromId="116" toId="32">
</dataflow>
<dataflow id="183" from="bf_init_S" to="call_ln839" fromId="117" toId="32">
</dataflow>
<dataflow id="184" from="key_S" to="call_ln839" fromId="118" toId="32">
</dataflow>
<dataflow id="185" from="StgValue_124" to="store_ln841" fromId="124" toId="33">
</dataflow>
<dataflow id="186" from="check_1" to="store_ln841" fromId="31" toId="33">
</dataflow>
<dataflow id="187" from="BF_set_key" to="call_ln839" fromId="178" toId="34">
</dataflow>
<dataflow id="188" from="ukey" to="call_ln839" fromId="119" toId="34">
</dataflow>
<dataflow id="189" from="bf_init_P" to="call_ln839" fromId="115" toId="34">
</dataflow>
<dataflow id="190" from="key_P" to="call_ln839" fromId="116" toId="34">
</dataflow>
<dataflow id="191" from="bf_init_S" to="call_ln839" fromId="117" toId="34">
</dataflow>
<dataflow id="192" from="key_S" to="call_ln839" fromId="118" toId="34">
</dataflow>
<dataflow id="193" from="StgValue_124" to="num_0" fromId="124" toId="36">
<condition id="-1">
<or_exp><and_exp></and_exp></or_exp>
</condition>
</dataflow>
<dataflow id="194" from="br_ln841" to="num_0" fromId="35" toId="36">
</dataflow>
<dataflow id="195" from="num" to="num_0" fromId="70" toId="36">
<BackEdge/>
<condition id="-1">
<or_exp><and_exp><literal name="icmp_ln848" val="1"/>
</and_exp></or_exp>
</condition>
</dataflow>
<dataflow id="196" from="br_ln0" to="num_0" fromId="84" toId="36">
<BackEdge/>
</dataflow>
<dataflow id="197" from="StgValue_124" to="l_0" fromId="124" toId="37">
<condition id="-1">
<or_exp><and_exp></and_exp></or_exp>
</condition>
</dataflow>
<dataflow id="198" from="br_ln841" to="l_0" fromId="35" toId="37">
</dataflow>
<dataflow id="199" from="sub_ln849" to="l_0" fromId="53" toId="37">
<BackEdge/>
<condition id="-1">
<or_exp><and_exp><literal name="icmp_ln848" val="1"/>
</and_exp></or_exp>
</condition>
</dataflow>
<dataflow id="200" from="br_ln0" to="l_0" fromId="84" toId="37">
<BackEdge/>
</dataflow>
<dataflow id="201" from="StgValue_124" to="k_0" fromId="124" toId="38">
<condition id="-1">
<or_exp><and_exp></and_exp></or_exp>
</condition>
</dataflow>
<dataflow id="202" from="br_ln841" to="k_0" fromId="35" toId="38">
</dataflow>
<dataflow id="203" from="k" to="k_0" fromId="51" toId="38">
<BackEdge/>
<condition id="-1">
<or_exp><and_exp><literal name="icmp_ln848" val="1"/>
</and_exp></or_exp>
</condition>
</dataflow>
<dataflow id="204" from="br_ln0" to="k_0" fromId="84" toId="38">
<BackEdge/>
</dataflow>
<dataflow id="205" from="k_0" to="icmp_ln841" fromId="38" toId="39">
</dataflow>
<dataflow id="207" from="StgValue_206" to="icmp_ln841" fromId="206" toId="39">
</dataflow>
<dataflow id="208" from="icmp_ln841" to="br_ln841" fromId="39" toId="40">
</dataflow>
<dataflow id="210" from="StgValue_209" to="add_ln849_2" fromId="209" toId="41">
</dataflow>
<dataflow id="211" from="k_0" to="add_ln849_2" fromId="38" toId="41">
</dataflow>
<dataflow id="212" from="add_ln849_2" to="empty_10" fromId="41" toId="42">
</dataflow>
<dataflow id="214" from="StgValue_213" to="empty_10" fromId="213" toId="42">
</dataflow>
<dataflow id="215" from="check_1" to="check_1_load" fromId="31" toId="43">
</dataflow>
<dataflow id="216" from="check_1_load" to="ret_ln853" fromId="43" toId="44">
</dataflow>
<dataflow id="218" from="StgValue_217" to="add_ln849" fromId="217" toId="45">
</dataflow>
<dataflow id="219" from="k_0" to="add_ln849" fromId="38" toId="45">
</dataflow>
<dataflow id="220" from="k_0" to="trunc_ln849" fromId="38" toId="46">
</dataflow>
<dataflow id="222" from="StgValue_221" to="add_ln849_2_cast" fromId="221" toId="47">
</dataflow>
<dataflow id="223" from="trunc_ln849" to="add_ln849_2_cast" fromId="46" toId="47">
</dataflow>
<dataflow id="224" from="empty_10" to="umax" fromId="42" toId="48">
</dataflow>
<dataflow id="225" from="add_ln849_2_cast" to="umax" fromId="47" toId="48">
</dataflow>
<dataflow id="227" from="StgValue_226" to="umax" fromId="226" toId="48">
</dataflow>
<dataflow id="228" from="umax" to="umax_cast" fromId="48" toId="49">
</dataflow>
<dataflow id="229" from="umax" to="i_1" fromId="48" toId="50">
</dataflow>
<dataflow id="231" from="StgValue_230" to="i_1" fromId="230" toId="50">
</dataflow>
<dataflow id="232" from="add_ln849" to="k" fromId="45" toId="51">
</dataflow>
<dataflow id="233" from="umax_cast" to="k" fromId="49" toId="51">
</dataflow>
<dataflow id="234" from="StgValue_217" to="add_ln849_1" fromId="217" toId="52">
</dataflow>
<dataflow id="235" from="l_0" to="add_ln849_1" fromId="37" toId="52">
</dataflow>
<dataflow id="236" from="add_ln849_1" to="sub_ln849" fromId="52" toId="53">
</dataflow>
<dataflow id="237" from="umax_cast" to="sub_ln849" fromId="49" toId="53">
</dataflow>
<dataflow id="238" from="add_ln844" to="k_1" fromId="60" toId="55">
<BackEdge/>
<condition id="-1">
<or_exp><and_exp></and_exp></or_exp>
</condition>
</dataflow>
<dataflow id="239" from="br_ln844" to="k_1" fromId="69" toId="55">
<BackEdge/>
</dataflow>
<dataflow id="240" from="k_0" to="k_1" fromId="38" toId="55">
<condition id="-1">
<or_exp><and_exp></and_exp></or_exp>
</condition>
</dataflow>
<dataflow id="241" from="br_ln849" to="k_1" fromId="54" toId="55">
</dataflow>
<dataflow id="242" from="add_ln844_1" to="i_2" fromId="58" toId="56">
<BackEdge/>
<condition id="-1">
<or_exp><and_exp></and_exp></or_exp>
</condition>
</dataflow>
<dataflow id="243" from="br_ln844" to="i_2" fromId="69" toId="56">
<BackEdge/>
</dataflow>
<dataflow id="244" from="StgValue_124" to="i_2" fromId="124" toId="56">
<condition id="-1">
<or_exp><and_exp></and_exp></or_exp>
</condition>
</dataflow>
<dataflow id="245" from="br_ln849" to="i_2" fromId="54" toId="56">
</dataflow>
<dataflow id="246" from="k_1" to="exitcond1" fromId="55" toId="57">
</dataflow>
<dataflow id="247" from="k" to="exitcond1" fromId="51" toId="57">
</dataflow>
<dataflow id="248" from="i_2" to="add_ln844_1" fromId="56" toId="58">
</dataflow>
<dataflow id="249" from="StgValue_158" to="add_ln844_1" fromId="158" toId="58">
</dataflow>
<dataflow id="250" from="exitcond1" to="br_ln844" fromId="57" toId="59">
</dataflow>
<dataflow id="251" from="k_1" to="add_ln844" fromId="55" toId="60">
</dataflow>
<dataflow id="252" from="StgValue_158" to="add_ln844" fromId="158" toId="60">
</dataflow>
<dataflow id="253" from="k_1" to="sext_ln844" fromId="55" toId="61">
</dataflow>
<dataflow id="254" from="in_key" to="in_key_addr" fromId="120" toId="62">
</dataflow>
<dataflow id="255" from="StgValue_167" to="in_key_addr" fromId="167" toId="62">
</dataflow>
<dataflow id="256" from="sext_ln844" to="in_key_addr" fromId="61" toId="62">
</dataflow>
<dataflow id="257" from="in_key_addr" to="in_key_load" fromId="62" toId="63">
</dataflow>
<dataflow id="259" from="BF_cfb64_encrypt" to="num" fromId="258" toId="64">
</dataflow>
<dataflow id="260" from="indata" to="num" fromId="15" toId="64">
</dataflow>
<dataflow id="261" from="outdata" to="num" fromId="16" toId="64">
</dataflow>
<dataflow id="262" from="i_1" to="num" fromId="50" toId="64">
</dataflow>
<dataflow id="263" from="ivec" to="num" fromId="17" toId="64">
</dataflow>
<dataflow id="264" from="num_0" to="num" fromId="36" toId="64">
</dataflow>
<dataflow id="265" from="key_S" to="num" fromId="118" toId="64">
</dataflow>
<dataflow id="266" from="key_P" to="num" fromId="116" toId="64">
</dataflow>
<dataflow id="267" from="in_key_addr" to="in_key_load" fromId="62" toId="65">
</dataflow>
<dataflow id="268" from="i_2" to="sext_ln844_1" fromId="56" toId="66">
</dataflow>
<dataflow id="269" from="indata" to="indata_addr" fromId="15" toId="67">
</dataflow>
<dataflow id="270" from="StgValue_167" to="indata_addr" fromId="167" toId="67">
</dataflow>
<dataflow id="271" from="sext_ln844_1" to="indata_addr" fromId="66" toId="67">
</dataflow>
<dataflow id="272" from="in_key_load" to="store_ln844" fromId="65" toId="68">
</dataflow>
<dataflow id="273" from="indata_addr" to="store_ln844" fromId="67" toId="68">
</dataflow>
<dataflow id="274" from="BF_cfb64_encrypt" to="num" fromId="258" toId="70">
</dataflow>
<dataflow id="275" from="indata" to="num" fromId="15" toId="70">
</dataflow>
<dataflow id="276" from="outdata" to="num" fromId="16" toId="70">
</dataflow>
<dataflow id="277" from="i_1" to="num" fromId="50" toId="70">
</dataflow>
<dataflow id="278" from="ivec" to="num" fromId="17" toId="70">
</dataflow>
<dataflow id="279" from="num_0" to="num" fromId="36" toId="70">
</dataflow>
<dataflow id="280" from="key_S" to="num" fromId="118" toId="70">
</dataflow>
<dataflow id="281" from="key_P" to="num" fromId="116" toId="70">
</dataflow>
<dataflow id="282" from="l_0" to="l_1" fromId="37" toId="72">
<condition id="-1">
<or_exp><and_exp></and_exp></or_exp>
</condition>
</dataflow>
<dataflow id="283" from="br_ln848" to="l_1" fromId="71" toId="72">
</dataflow>
<dataflow id="284" from="add_ln849_3" to="l_1" fromId="80" toId="72">
<BackEdge/>
<condition id="-1">
<or_exp><and_exp></and_exp></or_exp>
</condition>
</dataflow>
<dataflow id="285" from="br_ln848" to="l_1" fromId="92" toId="72">
<BackEdge/>
</dataflow>
<dataflow id="286" from="StgValue_124" to="j_0" fromId="124" toId="73">
<condition id="-1">
<or_exp><and_exp></and_exp></or_exp>
</condition>
</dataflow>
<dataflow id="287" from="br_ln848" to="j_0" fromId="71" toId="73">
</dataflow>
<dataflow id="288" from="j" to="j_0" fromId="75" toId="73">
<BackEdge/>
<condition id="-1">
<or_exp><and_exp></and_exp></or_exp>
</condition>
</dataflow>
<dataflow id="289" from="br_ln848" to="j_0" fromId="92" toId="73">
<BackEdge/>
</dataflow>
<dataflow id="290" from="l_1" to="icmp_ln848" fromId="72" toId="74">
</dataflow>
<dataflow id="291" from="sub_ln849" to="icmp_ln848" fromId="53" toId="74">
</dataflow>
<dataflow id="292" from="j_0" to="j" fromId="73" toId="75">
</dataflow>
<dataflow id="293" from="StgValue_158" to="j" fromId="158" toId="75">
</dataflow>
<dataflow id="294" from="icmp_ln848" to="br_ln848" fromId="74" toId="76">
</dataflow>
<dataflow id="295" from="j_0" to="sext_ln849" fromId="73" toId="77">
</dataflow>
<dataflow id="296" from="outdata" to="outdata_addr" fromId="16" toId="78">
</dataflow>
<dataflow id="297" from="StgValue_167" to="outdata_addr" fromId="167" toId="78">
</dataflow>
<dataflow id="298" from="sext_ln849" to="outdata_addr" fromId="77" toId="78">
</dataflow>
<dataflow id="299" from="outdata_addr" to="outdata_load" fromId="78" toId="79">
</dataflow>
<dataflow id="300" from="l_1" to="add_ln849_3" fromId="72" toId="80">
</dataflow>
<dataflow id="301" from="StgValue_158" to="add_ln849_3" fromId="158" toId="80">
</dataflow>
<dataflow id="302" from="l_1" to="sext_ln849_1" fromId="72" toId="81">
</dataflow>
<dataflow id="303" from="out_key" to="out_key_addr" fromId="121" toId="82">
</dataflow>
<dataflow id="304" from="StgValue_167" to="out_key_addr" fromId="167" toId="82">
</dataflow>
<dataflow id="305" from="sext_ln849_1" to="out_key_addr" fromId="81" toId="82">
</dataflow>
<dataflow id="306" from="out_key_addr" to="out_key_load" fromId="82" toId="83">
</dataflow>
<dataflow id="307" from="outdata_addr" to="outdata_load" fromId="78" toId="85">
</dataflow>
<dataflow id="308" from="out_key_addr" to="out_key_load" fromId="82" toId="86">
</dataflow>
<dataflow id="309" from="outdata_load" to="icmp_ln849" fromId="85" toId="87">
</dataflow>
<dataflow id="310" from="out_key_load" to="icmp_ln849" fromId="86" toId="87">
</dataflow>
<dataflow id="311" from="check_1" to="check_1_load_1" fromId="31" toId="88">
</dataflow>
<dataflow id="312" from="icmp_ln849" to="zext_ln849" fromId="87" toId="89">
</dataflow>
<dataflow id="313" from="zext_ln849" to="check" fromId="89" toId="90">
</dataflow>
<dataflow id="314" from="check_1_load_1" to="check" fromId="88" toId="90">
</dataflow>
<dataflow id="315" from="check" to="store_ln848" fromId="90" toId="91">
</dataflow>
<dataflow id="316" from="check_1" to="store_ln848" fromId="31" toId="91">
</dataflow>
<dataflow id="317" from="icmp_ln833" to="StgValue_2" fromId="20" toId="2">
</dataflow>
<dataflow id="318" from="icmp_ln841" to="StgValue_5" fromId="39" toId="5">
</dataflow>
<dataflow id="319" from="empty_10" to="StgValue_6" fromId="42" toId="6">
</dataflow>
<dataflow id="320" from="exitcond1" to="StgValue_7" fromId="57" toId="7">
</dataflow>
<dataflow id="321" from="icmp_ln848" to="StgValue_10" fromId="74" toId="10">
</dataflow>
</dataflows>


</stg>
