{
  "Top": "blowfish_main",
  "RtlTop": "blowfish_main",
  "RtlPrefix": "",
  "SourceLanguage": "c",
  "ResetStyle": "control",
  "GenerateBdFiles": "0",
  "HostMachineBits": "64",
  "Target": {
    "Family": "zynq",
    "Device": "xc7z020",
    "Package": "-clg484",
    "Speed": "-1"
  },
  "HlsSolution": {"Config": [
      "config_sdx -target=none",
      "config_export -vivado_optimization_level=2",
      "config_export -vivado_phys_opt=place",
      "config_export -vivado_report_level=0"
    ]},
  "Args": {
    
  },
  "Return": {
    "dataType": "int",
    "dataWidth": "32",
    "interfaceRef": "ap_return"
  },
  "ClockInfo": {
    "ClockName": "ap_clk",
    "ClockPeriod": "10",
    "IsCombLogic": "0",
    "II": "x",
    "Latency": "35998",
    "Uncertainty": "1.25"
  },
  "Xdc": {"OocClocks": ["create_clock -name ap_clk -period 10.000 [get_ports ap_clk]"]},
  "Ipx": {
    "Vendor": "xilinx.com",
    "Library": "hls",
    "Name": "blowfish_main",
    "Version": "1.0",
    "DisplayName": "Blowfish_main",
    "Revision": "",
    "Description": "An IP generated by Vivado HLS",
    "Taxonomy": "\/VIVADO_HLS_IP",
    "AutoFamilySupport": ""
  },
  "Files": {
    "CSource": [
      "..\/..\/..\/blowfish-implementation-master\/blowfish.c",
      "..\/..\/bf.c"
    ],
    "Vhdl": [
      "impl\/vhdl\/BF_encrypt.vhd",
      "impl\/vhdl\/blowfish_main_bf_bkb.vhd",
      "impl\/vhdl\/blowfish_main_bf_cud.vhd",
      "impl\/vhdl\/blowfish_main_in_dEe.vhd",
      "impl\/vhdl\/blowfish_main_indfYi.vhd",
      "impl\/vhdl\/blowfish_main_ivec.vhd",
      "impl\/vhdl\/blowfish_main_key_P.vhd",
      "impl\/vhdl\/blowfish_main_key_S.vhd",
      "impl\/vhdl\/blowfish_main_outeOg.vhd",
      "impl\/vhdl\/blowfish_main_outg8j.vhd",
      "impl\/vhdl\/blowfish_main.vhd"
    ],
    "Verilog": [
      "impl\/verilog\/BF_encrypt.v",
      "impl\/verilog\/blowfish_main_bf_bkb.v",
      "impl\/verilog\/blowfish_main_bf_bkb_rom.dat",
      "impl\/verilog\/blowfish_main_bf_cud.v",
      "impl\/verilog\/blowfish_main_bf_cud_rom.dat",
      "impl\/verilog\/blowfish_main_in_dEe.v",
      "impl\/verilog\/blowfish_main_in_dEe_rom.dat",
      "impl\/verilog\/blowfish_main_indfYi.v",
      "impl\/verilog\/blowfish_main_ivec.v",
      "impl\/verilog\/blowfish_main_key_P.v",
      "impl\/verilog\/blowfish_main_key_P_ram.dat",
      "impl\/verilog\/blowfish_main_key_S.v",
      "impl\/verilog\/blowfish_main_key_S_ram.dat",
      "impl\/verilog\/blowfish_main_outeOg.v",
      "impl\/verilog\/blowfish_main_outeOg_rom.dat",
      "impl\/verilog\/blowfish_main_outg8j.v",
      "impl\/verilog\/blowfish_main.v"
    ],
    "Misc": ["impl\/misc\/logo.png"],
    "DesignXml": "D:\/IITG\/Semester2\/VLSI\/Project\/blowfish1\/Blowfish.prj\/Opt_Latency\/.autopilot\/db\/blowfish_main.design.xml",
    "DebugDir": "D:\/IITG\/Semester2\/VLSI\/Project\/blowfish1\/Blowfish.prj\/Opt_Latency\/.debug",
    "ProtoInst": ["D:\/IITG\/Semester2\/VLSI\/Project\/blowfish1\/Blowfish.prj\/Opt_Latency\/.debug\/blowfish_main.protoinst"]
  },
  "SubcoreInfo": {
    "HasXpmMemory": false,
    "HasClockedDsp": false,
    "IP": []
  },
  "Interfaces": {
    "ap_clk": {
      "type": "clock",
      "ctype": {"CLK": {"Type": "bool"}},
      "bundle_name": "ap_clk",
      "bundle_role": "default",
      "reset": "ap_rst"
    },
    "ap_ctrl": {
      "type": "ap_ctrl",
      "ctrl_ports": "ap_start ap_done ap_idle ap_ready",
      "ctype": {
        "start": {"Type": "bool"},
        "done": {"Type": "bool"},
        "idle": {"Type": "bool"},
        "ready": {"Type": "bool"}
      }
    },
    "ap_return": {
      "type": "data",
      "dir": "out",
      "width": "32",
      "ctype": {"DATA": {
          "Type": "integer signed",
          "Width": "32"
        }},
      "bundle_name": "ap_return",
      "bundle_role": "default"
    },
    "ap_rst": {
      "type": "reset",
      "polarity": "ACTIVE_HIGH",
      "ctype": {"RST": {"Type": "bool"}},
      "bundle_name": "ap_rst",
      "bundle_role": "default"
    }
  },
  "RtlPorts": {
    "ap_clk": {
      "dir": "in",
      "width": "1"
    },
    "ap_rst": {
      "dir": "in",
      "width": "1"
    },
    "ap_start": {
      "dir": "in",
      "width": "1"
    },
    "ap_done": {
      "dir": "out",
      "width": "1"
    },
    "ap_idle": {
      "dir": "out",
      "width": "1"
    },
    "ap_ready": {
      "dir": "out",
      "width": "1"
    },
    "ap_return": {
      "dir": "out",
      "width": "32"
    }
  },
  "ModuleInfo": {
    "Hierarchy": {
      "ModuleName": "blowfish_main",
      "Instances": [{
          "ModuleName": "BF_encrypt",
          "InstanceName": "grp_BF_encrypt_fu_594"
        }]
    },
    "Info": {
      "BF_encrypt": {
        "FunctionProtocol": "ap_ctrl_hs",
        "isTaskLevelControl": "1",
        "isPipelined": "1",
        "isCombinational": "0",
        "isOneStateSeq": "0"
      },
      "blowfish_main": {
        "FunctionProtocol": "ap_ctrl_hs",
        "isTaskLevelControl": "1",
        "isPipelined": "0",
        "isCombinational": "0",
        "isOneStateSeq": "0"
      }
    },
    "Metrics": {
      "BF_encrypt": {
        "Latency": {
          "LatencyBest": "63",
          "LatencyAvg": "63",
          "LatencyWorst": "63",
          "PipelineII": "32",
          "PipelineDepth": "64",
          "PipelineType": "function"
        },
        "Timing": {
          "Target": "10.00",
          "Uncertainty": "1.25",
          "Estimate": "7.792"
        },
        "Area": {
          "FF": "2866",
          "LUT": "7119",
          "BRAM_18K": "0",
          "DSP48E": "0",
          "URAM": "0"
        }
      },
      "blowfish_main": {
        "Latency": {
          "LatencyBest": "35998",
          "LatencyAvg": "358328984",
          "LatencyWorst": "2595901984",
          "PipelineIIMin": "35999",
          "PipelineIIMax": "2595901985",
          "PipelineII": "35999 ~ 2595901985",
          "PipelineDepth": "",
          "PipelineType": "none"
        },
        "Timing": {
          "Target": "10.00",
          "Uncertainty": "1.25",
          "Estimate": "8.750"
        },
        "Loops": [
          {
            "Name": "Loop 1",
            "TripCount": "8",
            "Latency": "8",
            "PipelineII": "",
            "PipelineDepth": "1"
          },
          {
            "Name": "Loop 2",
            "TripCount": "18",
            "Latency": "36",
            "PipelineII": "",
            "PipelineDepth": "2"
          },
          {
            "Name": "Loop 3",
            "TripCount": "1024",
            "Latency": "2048",
            "PipelineII": "",
            "PipelineDepth": "2"
          },
          {
            "Name": "Loop 4",
            "TripCount": "19",
            "Latency": "18",
            "PipelineII": "",
            "PipelineDepth": "1"
          },
          {
            "Name": "Loop 5",
            "TripCount": "9",
            "Latency": "585",
            "PipelineII": "65",
            "PipelineDepth": "66"
          },
          {
            "Name": "Loop 6",
            "TripCount": "512",
            "Latency": "33280",
            "PipelineII": "65",
            "PipelineDepth": "66"
          },
          {
            "Name": "Loop 7",
            "TripCount": "",
            "LatencyMin": "14",
            "LatencyMax": "2595866000",
            "Latency": "14 ~ 2595866000",
            "PipelineII": "",
            "PipelineDepthMin": "14",
            "PipelineDepthMax": "499205",
            "PipelineDepth": "14 ~ 499205",
            "Loops": [
              {
                "Name": "Loop 7.1",
                "TripCount": "",
                "LatencyMin": "2",
                "LatencyMax": "10400",
                "Latency": "2 ~ 10400",
                "PipelineII": "",
                "PipelineDepth": "2"
              },
              {
                "Name": "Loop 7.2",
                "TripCount": "",
                "LatencyMin": "4",
                "LatencyMax": "473200",
                "Latency": "4 ~ 473200",
                "PipelineII": "",
                "PipelineDepthMin": "4",
                "PipelineDepthMax": "91",
                "PipelineDepth": "4 ~ 91"
              },
              {
                "Name": "Loop 7.3",
                "TripCount": "",
                "LatencyMin": "3",
                "LatencyMax": "15600",
                "Latency": "3 ~ 15600",
                "PipelineII": "",
                "PipelineDepth": "3"
              }
            ]
          }
        ],
        "Area": {
          "BRAM_18K": "15",
          "FF": "4161",
          "LUT": "9517",
          "URAM": "0",
          "DSP48E": "0"
        }
      }
    }
  },
  "Sdx": {
    "Target": "none",
    "ProfileOption": "0",
    "ProfileType": "none",
    "XO": "",
    "KernelName": "blowfish_main",
    "EnableXoSwEmu": "1"
  },
  "GenData": {
    "DataVersion": "0.2",
    "Time": "2021-04-10 21:45:45 +0530",
    "ToolName": "vivado_hls",
    "ToolVersion": "2019.1"
  }
}
