<?xml version="1.0" encoding="utf-8"?>
<Messages>
	<Message severity="INFO" prefix="[SCHED 204-61]" key="SCHED_PIPELINING_STATUS_631" tag="SCHEDULE" content="Option &apos;relax_ii_for_timing&apos; is enabled, will increase II to preserve clock frequency constraints."/>
	<Message severity="INFO" prefix="[HLS 200-10]" key="HLS_10_1312" tag="" content="Analyzing design file &apos;../blowfish-implementation-master/blowfish.c&apos; ..."/>
	<Message severity="INFO" prefix="[HLS 200-10]" key="HLS_10_1312" tag="" content="Analyzing design file &apos;bf.c&apos; ..."/>
	<Message severity="INFO" prefix="[HLS 200-111]" key="HLS_111_965" tag="" content="Finished Linking Time (s): cpu = 00:00:01 ; elapsed = 00:00:08 . Memory (MB): peak = 175.332 ; gain = 83.938"/>
	<Message severity="INFO" prefix="[HLS 200-111]" key="HLS_111_965" tag="" content="Finished Checking Pragmas Time (s): cpu = 00:00:01 ; elapsed = 00:00:08 . Memory (MB): peak = 175.332 ; gain = 83.938"/>
	<Message severity="INFO" prefix="[HLS 200-10]" key="HLS_10_1467" tag="" content="Starting code transformations ..."/>
	<Message severity="INFO" prefix="[XFORM 203-603]" key="XFORM_INLINE_STATUS_221" tag="" content="Inlining function &apos;BF_encrypt&apos; into &apos;BF_cfb64_encrypt&apos; (./bf_cfb64.c:112)."/>
	<Message severity="INFO" prefix="[HLS 200-111]" key="HLS_111_965" tag="" content="Finished Standard Transforms Time (s): cpu = 00:00:02 ; elapsed = 00:00:09 . Memory (MB): peak = 175.332 ; gain = 83.938"/>
	<Message severity="INFO" prefix="[HLS 200-10]" key="HLS_10_1472" tag="" content="Checking synthesizability ..."/>
	<Message severity="INFO" prefix="[XFORM 203-602]" key="XFORM_AUTO_INLINE_STATUS_223" tag="" content="Inlining function &apos;local_memcpy.1&apos; into &apos;BF_set_key&apos; (./bf_skey.c:101) automatically."/>
	<Message severity="INFO" prefix="[XFORM 203-602]" key="XFORM_AUTO_INLINE_STATUS_223" tag="" content="Inlining function &apos;local_memcpy&apos; into &apos;BF_set_key&apos; (./bf_skey.c:102) automatically."/>
	<Message severity="INFO" prefix="[HLS 200-111]" key="HLS_111_965" tag="" content="Finished Checking Synthesizability Time (s): cpu = 00:00:03 ; elapsed = 00:00:11 . Memory (MB): peak = 175.332 ; gain = 83.938"/>
	<Message severity="INFO" prefix="[XFORM 203-502]" key="XFORM_AUTO_UNROLL_STATUS_246" tag="" content="Unrolling all sub-loops inside loop &apos;Loop-2&apos; (bf.c:846) in function &apos;blowfish_main&apos; for pipelining."/>
	<Message severity="INFO" prefix="[XFORM 203-502]" key="XFORM_AUTO_UNROLL_STATUS_250" tag="" content="Unrolling all loops for pipelining in function &apos;BF_cfb64_encrypt&apos; (./bf_cfb64.c:84)."/>
	<Message severity="WARNING" prefix="[XFORM 203-503]" key="XFORM_UNROLL_INVALID_314" tag="LOOP,SDX_LOOP" content="Cannot unroll loop &apos;Loop-2.1&apos; in function &apos;blowfish_main&apos; completely: variable loop bound."/>
	<Message severity="WARNING" prefix="[XFORM 203-503]" key="XFORM_UNROLL_INVALID_314" tag="LOOP,SDX_LOOP" content="Cannot unroll loop &apos;Loop-2.2&apos; (bf.c:859) in function &apos;blowfish_main&apos; completely: variable loop bound."/>
	<Message severity="WARNING" prefix="[XFORM 203-503]" key="XFORM_UNROLL_INVALID_321" tag="LOOP,SDX_LOOP" content="Cannot unroll loop &apos;Loop-1&apos; (./bf_cfb64.c:103) in function &apos;BF_cfb64_encrypt&apos;: cannot completely unroll a loop with a variable trip count."/>
	<Message severity="INFO" prefix="[XFORM 203-102]" key="XFORM_AUTO_PARTITION_STATUS_120" tag="" content="Partitioning array &apos;in&apos; (./bf_skey.c:98) automatically."/>
	<Message severity="INFO" prefix="[XFORM 203-602]" key="XFORM_AUTO_INLINE_STATUS_223" tag="" content="Inlining function &apos;local_memcpy.1&apos; into &apos;BF_set_key&apos; (./bf_skey.c:101) automatically."/>
	<Message severity="INFO" prefix="[XFORM 203-602]" key="XFORM_AUTO_INLINE_STATUS_223" tag="" content="Inlining function &apos;local_memcpy&apos; into &apos;BF_set_key&apos; (./bf_skey.c:102) automatically."/>
	<Message severity="INFO" prefix="[XFORM 203-11]" key="XFORM_EXPR_BALANCE_STATUS_178" tag="" content="Balancing expressions in function &apos;BF_cfb64_encrypt&apos; (./bf_cfb64.c:84)...34 expression(s) balanced."/>
	<Message severity="INFO" prefix="[HLS 200-111]" key="HLS_111_965" tag="" content="Finished Pre-synthesis Time (s): cpu = 00:00:05 ; elapsed = 00:00:13 . Memory (MB): peak = 175.332 ; gain = 83.938"/>
	<Message severity="WARNING" prefix="[XFORM 203-542]" key="XFORM_LOOPFLAT_INVALID_219" tag="LOOP,SDX_LOOP" content="Cannot flatten a loop nest &apos;Loop-2&apos; (bf.c:846:3) in function &apos;blowfish_main&apos; : 

more than one sub loop."/>
	<Message severity="INFO" prefix="[HLS 200-111]" key="HLS_111_965" tag="" content="Finished Architecture Synthesis Time (s): cpu = 00:00:09 ; elapsed = 00:00:16 . Memory (MB): peak = 191.445 ; gain = 100.051"/>
	<Message severity="INFO" prefix="[HLS 200-10]" key="HLS_10_1317" tag="" content="Starting hardware synthesis ..."/>
	<Message severity="INFO" prefix="[HLS 200-10]" key="HLS_10_1385" tag="" content="Synthesizing &apos;blowfish_main&apos; ..."/>
	<Message severity="INFO" prefix="[HLS 200-10]" key="HLS_10_1477" tag="" content="----------------------------------------------------------------"/>
	<Message severity="INFO" prefix="[HLS 200-42]" key="HLS_42_1438" tag="" content="-- Implementing module &apos;BF_encrypt&apos;"/>
	<Message severity="INFO" prefix="[HLS 200-10]" key="HLS_10_1478" tag="" content="----------------------------------------------------------------"/>
	<Message severity="INFO" prefix="[SCHED 204-11]" key="SCHED_SCHED_STATUS_597" tag="" content="Starting scheduling ..."/>
	<Message severity="INFO" prefix="[SCHED 204-61]" key="SCHED_PIPELINING_STATUS_46" tag="" content="Pipelining function &apos;BF_encrypt&apos;."/>
	<Message severity="WARNING" prefix="[SCHED 204-69]" key="SCHED_RESOURCE_CONSTRAINT_NOT_MET_38" tag="SDX_KERNEL,SCHEDULE" content="Unable to schedule &apos;load&apos; operation (&apos;key_S_load_2&apos;, ./bf_enc.c:96) on array &apos;key_S&apos; due to limited memory ports. Please consider using a memory core with more ports or partitioning the array &apos;key_S&apos;."/>
	<Message severity="INFO" prefix="[SCHED 204-61]" key="SCHED_PIPELINING_STATUS_44" tag="" content="Pipelining result : Target II = 1, Final II = 32, Depth = 64."/>
	<Message severity="INFO" prefix="[SCHED 204-11]" key="SCHED_SCHED_STATUS_596" tag="" content="Finished scheduling."/>
	<Message severity="INFO" prefix="[HLS 200-111]" key="HLS_111_966" tag="" content=" Elapsed time: 17.507 seconds; current allocated memory: 140.206 MB."/>
	<Message severity="INFO" prefix="[BIND 205-100]" key="BIND_100_926" tag="" content="Starting micro-architecture generation ..."/>
	<Message severity="INFO" prefix="[BIND 205-101]" key="BIND_101_698" tag="" content="Performing variable lifetime analysis."/>
	<Message severity="INFO" prefix="[BIND 205-101]" key="BIND_101_697" tag="" content="Exploring resource sharing."/>
	<Message severity="INFO" prefix="[BIND 205-101]" key="BIND_101_693" tag="" content="Binding ..."/>
	<Message severity="INFO" prefix="[BIND 205-100]" key="BIND_100_925" tag="" content="Finished micro-architecture generation."/>
	<Message severity="INFO" prefix="[HLS 200-111]" key="HLS_111_966" tag="" content=" Elapsed time: 0.457 seconds; current allocated memory: 142.608 MB."/>
	<Message severity="INFO" prefix="[HLS 200-10]" key="HLS_10_1477" tag="" content="----------------------------------------------------------------"/>
	<Message severity="INFO" prefix="[HLS 200-42]" key="HLS_42_1438" tag="" content="-- Implementing module &apos;BF_set_key&apos;"/>
	<Message severity="INFO" prefix="[HLS 200-10]" key="HLS_10_1478" tag="" content="----------------------------------------------------------------"/>
	<Message severity="INFO" prefix="[SCHED 204-11]" key="SCHED_SCHED_STATUS_597" tag="" content="Starting scheduling ..."/>
	<Message severity="INFO" prefix="[SCHED 204-61]" key="SCHED_PIPELINING_STATUS_41" tag="" content="Pipelining loop &apos;Loop 4&apos;."/>
	<Message severity="WARNING" prefix="[SCHED 204-68]" key="SCHED_CARRIED_CONSTRAINT_NOT_MET_32" tag="LOOP,SDX_LOOP,SCHEDULE" content="The II Violation in module &apos;BF_set_key&apos; (Loop: Loop 4): Unable to enforce a carried dependence constraint (II = 32, distance = 1, offset = 0)
   between &apos;extractvalue&apos; operation (&apos;in[1]&apos;, ./bf_skey.c:139) and &apos;call&apos; operation (&apos;call_ret&apos;, ./bf_skey.c:139) to &apos;BF_encrypt&apos;."/>
	<Message severity="WARNING" prefix="[SCHED 204-62]" key="SCHED_SUB_II_INFEASIBLE_43" tag="LOOP,SDX_LOOP,SCHEDULE" content="II = 33 is infeasible due to multiple pipeline iteration latency = 64 and incompatible II = 32 of &apos;call&apos; operation (&apos;call_ret&apos;, ./bf_skey.c:139) to &apos;BF_encrypt&apos;."/>
	<Message severity="WARNING" prefix="[SCHED 204-62]" key="SCHED_SUB_II_INFEASIBLE_43" tag="LOOP,SDX_LOOP,SCHEDULE" content="II = 34 is infeasible due to multiple pipeline iteration latency = 64 and incompatible II = 32 of &apos;call&apos; operation (&apos;call_ret&apos;, ./bf_skey.c:139) to &apos;BF_encrypt&apos;."/>
	<Message severity="WARNING" prefix="[SCHED 204-62]" key="SCHED_SUB_II_INFEASIBLE_43" tag="LOOP,SDX_LOOP,SCHEDULE" content="II = 35 is infeasible due to multiple pipeline iteration latency = 64 and incompatible II = 32 of &apos;call&apos; operation (&apos;call_ret&apos;, ./bf_skey.c:139) to &apos;BF_encrypt&apos;."/>
	<Message severity="WARNING" prefix="[SCHED 204-62]" key="SCHED_SUB_II_INFEASIBLE_43" tag="LOOP,SDX_LOOP,SCHEDULE" content="II = 36 is infeasible due to multiple pipeline iteration latency = 64 and incompatible II = 32 of &apos;call&apos; operation (&apos;call_ret&apos;, ./bf_skey.c:139) to &apos;BF_encrypt&apos;."/>
	<Message severity="WARNING" prefix="[SCHED 204-62]" key="SCHED_SUB_II_INFEASIBLE_43" tag="LOOP,SDX_LOOP,SCHEDULE" content="II = 37 is infeasible due to multiple pipeline iteration latency = 64 and incompatible II = 32 of &apos;call&apos; operation (&apos;call_ret&apos;, ./bf_skey.c:139) to &apos;BF_encrypt&apos;."/>
	<Message severity="WARNING" prefix="[SCHED 204-62]" key="SCHED_SUB_II_INFEASIBLE_43" tag="LOOP,SDX_LOOP,SCHEDULE" content="II = 38 is infeasible due to multiple pipeline iteration latency = 64 and incompatible II = 32 of &apos;call&apos; operation (&apos;call_ret&apos;, ./bf_skey.c:139) to &apos;BF_encrypt&apos;."/>
	<Message severity="WARNING" prefix="[SCHED 204-62]" key="SCHED_SUB_II_INFEASIBLE_43" tag="LOOP,SDX_LOOP,SCHEDULE" content="II = 39 is infeasible due to multiple pipeline iteration latency = 64 and incompatible II = 32 of &apos;call&apos; operation (&apos;call_ret&apos;, ./bf_skey.c:139) to &apos;BF_encrypt&apos;."/>
	<Message severity="WARNING" prefix="[SCHED 204-62]" key="SCHED_SUB_II_INFEASIBLE_43" tag="LOOP,SDX_LOOP,SCHEDULE" content="II = 40 is infeasible due to multiple pipeline iteration latency = 64 and incompatible II = 32 of &apos;call&apos; operation (&apos;call_ret&apos;, ./bf_skey.c:139) to &apos;BF_encrypt&apos;."/>
	<Message severity="WARNING" prefix="[SCHED 204-62]" key="SCHED_SUB_II_INFEASIBLE_43" tag="LOOP,SDX_LOOP,SCHEDULE" content="II = 41 is infeasible due to multiple pipeline iteration latency = 64 and incompatible II = 32 of &apos;call&apos; operation (&apos;call_ret&apos;, ./bf_skey.c:139) to &apos;BF_encrypt&apos;."/>
	<Message severity="WARNING" prefix="[SCHED 204-62]" key="SCHED_SUB_II_INFEASIBLE_43" tag="LOOP,SDX_LOOP,SCHEDULE" content="II = 42 is infeasible due to multiple pipeline iteration latency = 64 and incompatible II = 32 of &apos;call&apos; operation (&apos;call_ret&apos;, ./bf_skey.c:139) to &apos;BF_encrypt&apos;."/>
	<Message severity="WARNING" prefix="[SCHED 204-62]" key="SCHED_SUB_II_INFEASIBLE_43" tag="LOOP,SDX_LOOP,SCHEDULE" content="II = 43 is infeasible due to multiple pipeline iteration latency = 64 and incompatible II = 32 of &apos;call&apos; operation (&apos;call_ret&apos;, ./bf_skey.c:139) to &apos;BF_encrypt&apos;."/>
	<Message severity="WARNING" prefix="[SCHED 204-62]" key="SCHED_SUB_II_INFEASIBLE_43" tag="LOOP,SDX_LOOP,SCHEDULE" content="II = 44 is infeasible due to multiple pipeline iteration latency = 64 and incompatible II = 32 of &apos;call&apos; operation (&apos;call_ret&apos;, ./bf_skey.c:139) to &apos;BF_encrypt&apos;."/>
	<Message severity="WARNING" prefix="[SCHED 204-62]" key="SCHED_SUB_II_INFEASIBLE_43" tag="LOOP,SDX_LOOP,SCHEDULE" content="II = 45 is infeasible due to multiple pipeline iteration latency = 64 and incompatible II = 32 of &apos;call&apos; operation (&apos;call_ret&apos;, ./bf_skey.c:139) to &apos;BF_encrypt&apos;."/>
	<Message severity="WARNING" prefix="[SCHED 204-62]" key="SCHED_SUB_II_INFEASIBLE_43" tag="LOOP,SDX_LOOP,SCHEDULE" content="II = 46 is infeasible due to multiple pipeline iteration latency = 64 and incompatible II = 32 of &apos;call&apos; operation (&apos;call_ret&apos;, ./bf_skey.c:139) to &apos;BF_encrypt&apos;."/>
	<Message severity="WARNING" prefix="[SCHED 204-62]" key="SCHED_SUB_II_INFEASIBLE_43" tag="LOOP,SDX_LOOP,SCHEDULE" content="II = 47 is infeasible due to multiple pipeline iteration latency = 64 and incompatible II = 32 of &apos;call&apos; operation (&apos;call_ret&apos;, ./bf_skey.c:139) to &apos;BF_encrypt&apos;."/>
	<Message severity="WARNING" prefix="[SCHED 204-62]" key="SCHED_SUB_II_INFEASIBLE_43" tag="LOOP,SDX_LOOP,SCHEDULE" content="II = 48 is infeasible due to multiple pipeline iteration latency = 64 and incompatible II = 32 of &apos;call&apos; operation (&apos;call_ret&apos;, ./bf_skey.c:139) to &apos;BF_encrypt&apos;."/>
	<Message severity="WARNING" prefix="[SCHED 204-62]" key="SCHED_SUB_II_INFEASIBLE_43" tag="LOOP,SDX_LOOP,SCHEDULE" content="II = 49 is infeasible due to multiple pipeline iteration latency = 64 and incompatible II = 32 of &apos;call&apos; operation (&apos;call_ret&apos;, ./bf_skey.c:139) to &apos;BF_encrypt&apos;."/>
	<Message severity="WARNING" prefix="[SCHED 204-62]" key="SCHED_SUB_II_INFEASIBLE_43" tag="LOOP,SDX_LOOP,SCHEDULE" content="II = 50 is infeasible due to multiple pipeline iteration latency = 64 and incompatible II = 32 of &apos;call&apos; operation (&apos;call_ret&apos;, ./bf_skey.c:139) to &apos;BF_encrypt&apos;."/>
	<Message severity="WARNING" prefix="[SCHED 204-62]" key="SCHED_SUB_II_INFEASIBLE_43" tag="LOOP,SDX_LOOP,SCHEDULE" content="II = 51 is infeasible due to multiple pipeline iteration latency = 64 and incompatible II = 32 of &apos;call&apos; operation (&apos;call_ret&apos;, ./bf_skey.c:139) to &apos;BF_encrypt&apos;."/>
	<Message severity="WARNING" prefix="[SCHED 204-62]" key="SCHED_SUB_II_INFEASIBLE_43" tag="LOOP,SDX_LOOP,SCHEDULE" content="II = 52 is infeasible due to multiple pipeline iteration latency = 64 and incompatible II = 32 of &apos;call&apos; operation (&apos;call_ret&apos;, ./bf_skey.c:139) to &apos;BF_encrypt&apos;."/>
	<Message severity="WARNING" prefix="[SCHED 204-62]" key="SCHED_SUB_II_INFEASIBLE_43" tag="LOOP,SDX_LOOP,SCHEDULE" content="II = 53 is infeasible due to multiple pipeline iteration latency = 64 and incompatible II = 32 of &apos;call&apos; operation (&apos;call_ret&apos;, ./bf_skey.c:139) to &apos;BF_encrypt&apos;."/>
	<Message severity="WARNING" prefix="[SCHED 204-62]" key="SCHED_SUB_II_INFEASIBLE_43" tag="LOOP,SDX_LOOP,SCHEDULE" content="II = 54 is infeasible due to multiple pipeline iteration latency = 64 and incompatible II = 32 of &apos;call&apos; operation (&apos;call_ret&apos;, ./bf_skey.c:139) to &apos;BF_encrypt&apos;."/>
	<Message severity="WARNING" prefix="[SCHED 204-62]" key="SCHED_SUB_II_INFEASIBLE_43" tag="LOOP,SDX_LOOP,SCHEDULE" content="II = 55 is infeasible due to multiple pipeline iteration latency = 64 and incompatible II = 32 of &apos;call&apos; operation (&apos;call_ret&apos;, ./bf_skey.c:139) to &apos;BF_encrypt&apos;."/>
	<Message severity="WARNING" prefix="[SCHED 204-62]" key="SCHED_SUB_II_INFEASIBLE_43" tag="LOOP,SDX_LOOP,SCHEDULE" content="II = 56 is infeasible due to multiple pipeline iteration latency = 64 and incompatible II = 32 of &apos;call&apos; operation (&apos;call_ret&apos;, ./bf_skey.c:139) to &apos;BF_encrypt&apos;."/>
	<Message severity="WARNING" prefix="[SCHED 204-62]" key="SCHED_SUB_II_INFEASIBLE_43" tag="LOOP,SDX_LOOP,SCHEDULE" content="II = 57 is infeasible due to multiple pipeline iteration latency = 64 and incompatible II = 32 of &apos;call&apos; operation (&apos;call_ret&apos;, ./bf_skey.c:139) to &apos;BF_encrypt&apos;."/>
	<Message severity="WARNING" prefix="[SCHED 204-62]" key="SCHED_SUB_II_INFEASIBLE_43" tag="LOOP,SDX_LOOP,SCHEDULE" content="II = 58 is infeasible due to multiple pipeline iteration latency = 64 and incompatible II = 32 of &apos;call&apos; operation (&apos;call_ret&apos;, ./bf_skey.c:139) to &apos;BF_encrypt&apos;."/>
	<Message severity="WARNING" prefix="[SCHED 204-62]" key="SCHED_SUB_II_INFEASIBLE_43" tag="LOOP,SDX_LOOP,SCHEDULE" content="II = 59 is infeasible due to multiple pipeline iteration latency = 64 and incompatible II = 32 of &apos;call&apos; operation (&apos;call_ret&apos;, ./bf_skey.c:139) to &apos;BF_encrypt&apos;."/>
	<Message severity="WARNING" prefix="[SCHED 204-62]" key="SCHED_SUB_II_INFEASIBLE_43" tag="LOOP,SDX_LOOP,SCHEDULE" content="II = 60 is infeasible due to multiple pipeline iteration latency = 64 and incompatible II = 32 of &apos;call&apos; operation (&apos;call_ret&apos;, ./bf_skey.c:139) to &apos;BF_encrypt&apos;."/>
	<Message severity="WARNING" prefix="[SCHED 204-62]" key="SCHED_SUB_II_INFEASIBLE_43" tag="LOOP,SDX_LOOP,SCHEDULE" content="II = 61 is infeasible due to multiple pipeline iteration latency = 64 and incompatible II = 32 of &apos;call&apos; operation (&apos;call_ret&apos;, ./bf_skey.c:139) to &apos;BF_encrypt&apos;."/>
	<Message severity="WARNING" prefix="[SCHED 204-62]" key="SCHED_SUB_II_INFEASIBLE_43" tag="LOOP,SDX_LOOP,SCHEDULE" content="II = 62 is infeasible due to multiple pipeline iteration latency = 64 and incompatible II = 32 of &apos;call&apos; operation (&apos;call_ret&apos;, ./bf_skey.c:139) to &apos;BF_encrypt&apos;."/>
	<Message severity="WARNING" prefix="[SCHED 204-62]" key="SCHED_SUB_II_INFEASIBLE_43" tag="LOOP,SDX_LOOP,SCHEDULE" content="II = 63 is infeasible due to multiple pipeline iteration latency = 64 and incompatible II = 32 of &apos;call&apos; operation (&apos;call_ret&apos;, ./bf_skey.c:139) to &apos;BF_encrypt&apos;."/>
	<Message severity="WARNING" prefix="[SCHED 204-68]" key="SCHED_CARRIED_CONSTRAINT_NOT_MET_32" tag="LOOP,SDX_LOOP,SCHEDULE" content="The II Violation in module &apos;BF_set_key&apos; (Loop: Loop 4): Unable to enforce a carried dependence constraint (II = 64, distance = 1, offset = 1)
   between &apos;store&apos; operation (&apos;key_P_addr_1_write_ln140&apos;, ./bf_skey.c:140) of variable &apos;in[0]&apos;, ./bf_skey.c:139 on array &apos;key_P&apos; and &apos;call&apos; operation (&apos;call_ret&apos;, ./bf_skey.c:139) to &apos;BF_encrypt&apos;."/>
	<Message severity="INFO" prefix="[SCHED 204-61]" key="SCHED_PIPELINING_STATUS_44" tag="" content="Pipelining result : Target II = 1, Final II = 65, Depth = 66."/>
	<Message severity="INFO" prefix="[SCHED 204-61]" key="SCHED_PIPELINING_STATUS_41" tag="" content="Pipelining loop &apos;Loop 5&apos;."/>
	<Message severity="WARNING" prefix="[SCHED 204-68]" key="SCHED_CARRIED_CONSTRAINT_NOT_MET_32" tag="LOOP,SDX_LOOP,SCHEDULE" content="The II Violation in module &apos;BF_set_key&apos; (Loop: Loop 5): Unable to enforce a carried dependence constraint (II = 32, distance = 1, offset = 0)
   between &apos;extractvalue&apos; operation (&apos;in[1]&apos;, ./bf_skey.c:148) and &apos;call&apos; operation (&apos;call_ret1&apos;, ./bf_skey.c:148) to &apos;BF_encrypt&apos;."/>
	<Message severity="WARNING" prefix="[SCHED 204-62]" key="SCHED_SUB_II_INFEASIBLE_43" tag="LOOP,SDX_LOOP,SCHEDULE" content="II = 33 is infeasible due to multiple pipeline iteration latency = 64 and incompatible II = 32 of &apos;call&apos; operation (&apos;call_ret1&apos;, ./bf_skey.c:148) to &apos;BF_encrypt&apos;."/>
	<Message severity="WARNING" prefix="[SCHED 204-62]" key="SCHED_SUB_II_INFEASIBLE_43" tag="LOOP,SDX_LOOP,SCHEDULE" content="II = 34 is infeasible due to multiple pipeline iteration latency = 64 and incompatible II = 32 of &apos;call&apos; operation (&apos;call_ret1&apos;, ./bf_skey.c:148) to &apos;BF_encrypt&apos;."/>
	<Message severity="WARNING" prefix="[SCHED 204-62]" key="SCHED_SUB_II_INFEASIBLE_43" tag="LOOP,SDX_LOOP,SCHEDULE" content="II = 35 is infeasible due to multiple pipeline iteration latency = 64 and incompatible II = 32 of &apos;call&apos; operation (&apos;call_ret1&apos;, ./bf_skey.c:148) to &apos;BF_encrypt&apos;."/>
	<Message severity="WARNING" prefix="[SCHED 204-62]" key="SCHED_SUB_II_INFEASIBLE_43" tag="LOOP,SDX_LOOP,SCHEDULE" content="II = 36 is infeasible due to multiple pipeline iteration latency = 64 and incompatible II = 32 of &apos;call&apos; operation (&apos;call_ret1&apos;, ./bf_skey.c:148) to &apos;BF_encrypt&apos;."/>
	<Message severity="WARNING" prefix="[SCHED 204-62]" key="SCHED_SUB_II_INFEASIBLE_43" tag="LOOP,SDX_LOOP,SCHEDULE" content="II = 37 is infeasible due to multiple pipeline iteration latency = 64 and incompatible II = 32 of &apos;call&apos; operation (&apos;call_ret1&apos;, ./bf_skey.c:148) to &apos;BF_encrypt&apos;."/>
	<Message severity="WARNING" prefix="[SCHED 204-62]" key="SCHED_SUB_II_INFEASIBLE_43" tag="LOOP,SDX_LOOP,SCHEDULE" content="II = 38 is infeasible due to multiple pipeline iteration latency = 64 and incompatible II = 32 of &apos;call&apos; operation (&apos;call_ret1&apos;, ./bf_skey.c:148) to &apos;BF_encrypt&apos;."/>
	<Message severity="WARNING" prefix="[SCHED 204-62]" key="SCHED_SUB_II_INFEASIBLE_43" tag="LOOP,SDX_LOOP,SCHEDULE" content="II = 39 is infeasible due to multiple pipeline iteration latency = 64 and incompatible II = 32 of &apos;call&apos; operation (&apos;call_ret1&apos;, ./bf_skey.c:148) to &apos;BF_encrypt&apos;."/>
	<Message severity="WARNING" prefix="[SCHED 204-62]" key="SCHED_SUB_II_INFEASIBLE_43" tag="LOOP,SDX_LOOP,SCHEDULE" content="II = 40 is infeasible due to multiple pipeline iteration latency = 64 and incompatible II = 32 of &apos;call&apos; operation (&apos;call_ret1&apos;, ./bf_skey.c:148) to &apos;BF_encrypt&apos;."/>
	<Message severity="WARNING" prefix="[SCHED 204-62]" key="SCHED_SUB_II_INFEASIBLE_43" tag="LOOP,SDX_LOOP,SCHEDULE" content="II = 41 is infeasible due to multiple pipeline iteration latency = 64 and incompatible II = 32 of &apos;call&apos; operation (&apos;call_ret1&apos;, ./bf_skey.c:148) to &apos;BF_encrypt&apos;."/>
	<Message severity="WARNING" prefix="[SCHED 204-62]" key="SCHED_SUB_II_INFEASIBLE_43" tag="LOOP,SDX_LOOP,SCHEDULE" content="II = 42 is infeasible due to multiple pipeline iteration latency = 64 and incompatible II = 32 of &apos;call&apos; operation (&apos;call_ret1&apos;, ./bf_skey.c:148) to &apos;BF_encrypt&apos;."/>
	<Message severity="WARNING" prefix="[SCHED 204-62]" key="SCHED_SUB_II_INFEASIBLE_43" tag="LOOP,SDX_LOOP,SCHEDULE" content="II = 43 is infeasible due to multiple pipeline iteration latency = 64 and incompatible II = 32 of &apos;call&apos; operation (&apos;call_ret1&apos;, ./bf_skey.c:148) to &apos;BF_encrypt&apos;."/>
	<Message severity="WARNING" prefix="[SCHED 204-62]" key="SCHED_SUB_II_INFEASIBLE_43" tag="LOOP,SDX_LOOP,SCHEDULE" content="II = 44 is infeasible due to multiple pipeline iteration latency = 64 and incompatible II = 32 of &apos;call&apos; operation (&apos;call_ret1&apos;, ./bf_skey.c:148) to &apos;BF_encrypt&apos;."/>
	<Message severity="WARNING" prefix="[SCHED 204-62]" key="SCHED_SUB_II_INFEASIBLE_43" tag="LOOP,SDX_LOOP,SCHEDULE" content="II = 45 is infeasible due to multiple pipeline iteration latency = 64 and incompatible II = 32 of &apos;call&apos; operation (&apos;call_ret1&apos;, ./bf_skey.c:148) to &apos;BF_encrypt&apos;."/>
	<Message severity="WARNING" prefix="[SCHED 204-62]" key="SCHED_SUB_II_INFEASIBLE_43" tag="LOOP,SDX_LOOP,SCHEDULE" content="II = 46 is infeasible due to multiple pipeline iteration latency = 64 and incompatible II = 32 of &apos;call&apos; operation (&apos;call_ret1&apos;, ./bf_skey.c:148) to &apos;BF_encrypt&apos;."/>
	<Message severity="WARNING" prefix="[SCHED 204-62]" key="SCHED_SUB_II_INFEASIBLE_43" tag="LOOP,SDX_LOOP,SCHEDULE" content="II = 47 is infeasible due to multiple pipeline iteration latency = 64 and incompatible II = 32 of &apos;call&apos; operation (&apos;call_ret1&apos;, ./bf_skey.c:148) to &apos;BF_encrypt&apos;."/>
	<Message severity="WARNING" prefix="[SCHED 204-62]" key="SCHED_SUB_II_INFEASIBLE_43" tag="LOOP,SDX_LOOP,SCHEDULE" content="II = 48 is infeasible due to multiple pipeline iteration latency = 64 and incompatible II = 32 of &apos;call&apos; operation (&apos;call_ret1&apos;, ./bf_skey.c:148) to &apos;BF_encrypt&apos;."/>
	<Message severity="WARNING" prefix="[SCHED 204-62]" key="SCHED_SUB_II_INFEASIBLE_43" tag="LOOP,SDX_LOOP,SCHEDULE" content="II = 49 is infeasible due to multiple pipeline iteration latency = 64 and incompatible II = 32 of &apos;call&apos; operation (&apos;call_ret1&apos;, ./bf_skey.c:148) to &apos;BF_encrypt&apos;."/>
	<Message severity="WARNING" prefix="[SCHED 204-62]" key="SCHED_SUB_II_INFEASIBLE_43" tag="LOOP,SDX_LOOP,SCHEDULE" content="II = 50 is infeasible due to multiple pipeline iteration latency = 64 and incompatible II = 32 of &apos;call&apos; operation (&apos;call_ret1&apos;, ./bf_skey.c:148) to &apos;BF_encrypt&apos;."/>
	<Message severity="WARNING" prefix="[SCHED 204-62]" key="SCHED_SUB_II_INFEASIBLE_43" tag="LOOP,SDX_LOOP,SCHEDULE" content="II = 51 is infeasible due to multiple pipeline iteration latency = 64 and incompatible II = 32 of &apos;call&apos; operation (&apos;call_ret1&apos;, ./bf_skey.c:148) to &apos;BF_encrypt&apos;."/>
	<Message severity="WARNING" prefix="[SCHED 204-62]" key="SCHED_SUB_II_INFEASIBLE_43" tag="LOOP,SDX_LOOP,SCHEDULE" content="II = 52 is infeasible due to multiple pipeline iteration latency = 64 and incompatible II = 32 of &apos;call&apos; operation (&apos;call_ret1&apos;, ./bf_skey.c:148) to &apos;BF_encrypt&apos;."/>
	<Message severity="WARNING" prefix="[SCHED 204-62]" key="SCHED_SUB_II_INFEASIBLE_43" tag="LOOP,SDX_LOOP,SCHEDULE" content="II = 53 is infeasible due to multiple pipeline iteration latency = 64 and incompatible II = 32 of &apos;call&apos; operation (&apos;call_ret1&apos;, ./bf_skey.c:148) to &apos;BF_encrypt&apos;."/>
	<Message severity="WARNING" prefix="[SCHED 204-62]" key="SCHED_SUB_II_INFEASIBLE_43" tag="LOOP,SDX_LOOP,SCHEDULE" content="II = 54 is infeasible due to multiple pipeline iteration latency = 64 and incompatible II = 32 of &apos;call&apos; operation (&apos;call_ret1&apos;, ./bf_skey.c:148) to &apos;BF_encrypt&apos;."/>
	<Message severity="WARNING" prefix="[SCHED 204-62]" key="SCHED_SUB_II_INFEASIBLE_43" tag="LOOP,SDX_LOOP,SCHEDULE" content="II = 55 is infeasible due to multiple pipeline iteration latency = 64 and incompatible II = 32 of &apos;call&apos; operation (&apos;call_ret1&apos;, ./bf_skey.c:148) to &apos;BF_encrypt&apos;."/>
	<Message severity="WARNING" prefix="[SCHED 204-62]" key="SCHED_SUB_II_INFEASIBLE_43" tag="LOOP,SDX_LOOP,SCHEDULE" content="II = 56 is infeasible due to multiple pipeline iteration latency = 64 and incompatible II = 32 of &apos;call&apos; operation (&apos;call_ret1&apos;, ./bf_skey.c:148) to &apos;BF_encrypt&apos;."/>
	<Message severity="WARNING" prefix="[SCHED 204-62]" key="SCHED_SUB_II_INFEASIBLE_43" tag="LOOP,SDX_LOOP,SCHEDULE" content="II = 57 is infeasible due to multiple pipeline iteration latency = 64 and incompatible II = 32 of &apos;call&apos; operation (&apos;call_ret1&apos;, ./bf_skey.c:148) to &apos;BF_encrypt&apos;."/>
	<Message severity="WARNING" prefix="[SCHED 204-62]" key="SCHED_SUB_II_INFEASIBLE_43" tag="LOOP,SDX_LOOP,SCHEDULE" content="II = 58 is infeasible due to multiple pipeline iteration latency = 64 and incompatible II = 32 of &apos;call&apos; operation (&apos;call_ret1&apos;, ./bf_skey.c:148) to &apos;BF_encrypt&apos;."/>
	<Message severity="WARNING" prefix="[SCHED 204-62]" key="SCHED_SUB_II_INFEASIBLE_43" tag="LOOP,SDX_LOOP,SCHEDULE" content="II = 59 is infeasible due to multiple pipeline iteration latency = 64 and incompatible II = 32 of &apos;call&apos; operation (&apos;call_ret1&apos;, ./bf_skey.c:148) to &apos;BF_encrypt&apos;."/>
	<Message severity="WARNING" prefix="[SCHED 204-62]" key="SCHED_SUB_II_INFEASIBLE_43" tag="LOOP,SDX_LOOP,SCHEDULE" content="II = 60 is infeasible due to multiple pipeline iteration latency = 64 and incompatible II = 32 of &apos;call&apos; operation (&apos;call_ret1&apos;, ./bf_skey.c:148) to &apos;BF_encrypt&apos;."/>
	<Message severity="WARNING" prefix="[SCHED 204-62]" key="SCHED_SUB_II_INFEASIBLE_43" tag="LOOP,SDX_LOOP,SCHEDULE" content="II = 61 is infeasible due to multiple pipeline iteration latency = 64 and incompatible II = 32 of &apos;call&apos; operation (&apos;call_ret1&apos;, ./bf_skey.c:148) to &apos;BF_encrypt&apos;."/>
	<Message severity="WARNING" prefix="[SCHED 204-62]" key="SCHED_SUB_II_INFEASIBLE_43" tag="LOOP,SDX_LOOP,SCHEDULE" content="II = 62 is infeasible due to multiple pipeline iteration latency = 64 and incompatible II = 32 of &apos;call&apos; operation (&apos;call_ret1&apos;, ./bf_skey.c:148) to &apos;BF_encrypt&apos;."/>
	<Message severity="WARNING" prefix="[SCHED 204-62]" key="SCHED_SUB_II_INFEASIBLE_43" tag="LOOP,SDX_LOOP,SCHEDULE" content="II = 63 is infeasible due to multiple pipeline iteration latency = 64 and incompatible II = 32 of &apos;call&apos; operation (&apos;call_ret1&apos;, ./bf_skey.c:148) to &apos;BF_encrypt&apos;."/>
	<Message severity="WARNING" prefix="[SCHED 204-68]" key="SCHED_CARRIED_CONSTRAINT_NOT_MET_32" tag="LOOP,SDX_LOOP,SCHEDULE" content="The II Violation in module &apos;BF_set_key&apos; (Loop: Loop 5): Unable to enforce a carried dependence constraint (II = 64, distance = 1, offset = 1)
   between &apos;store&apos; operation (&apos;key_S_addr_write_ln149&apos;, ./bf_skey.c:149) of variable &apos;in[0]&apos;, ./bf_skey.c:148 on array &apos;key_S&apos; and &apos;call&apos; operation (&apos;call_ret1&apos;, ./bf_skey.c:148) to &apos;BF_encrypt&apos;."/>
	<Message severity="INFO" prefix="[SCHED 204-61]" key="SCHED_PIPELINING_STATUS_44" tag="" content="Pipelining result : Target II = 1, Final II = 65, Depth = 66."/>
	<Message severity="INFO" prefix="[SCHED 204-11]" key="SCHED_SCHED_STATUS_596" tag="" content="Finished scheduling."/>
	<Message severity="INFO" prefix="[HLS 200-111]" key="HLS_111_966" tag="" content=" Elapsed time: 0.675 seconds; current allocated memory: 143.590 MB."/>
	<Message severity="INFO" prefix="[HLS 200-434]" key="HLS 200-434" tag="SDX" content="Only 2 loops out of a total 5 loops have been pipelined in this design."/>
	<Message severity="INFO" prefix="[BIND 205-100]" key="BIND_100_926" tag="" content="Starting micro-architecture generation ..."/>
	<Message severity="INFO" prefix="[BIND 205-101]" key="BIND_101_698" tag="" content="Performing variable lifetime analysis."/>
	<Message severity="INFO" prefix="[BIND 205-101]" key="BIND_101_697" tag="" content="Exploring resource sharing."/>
	<Message severity="INFO" prefix="[BIND 205-101]" key="BIND_101_693" tag="" content="Binding ..."/>
	<Message severity="INFO" prefix="[BIND 205-100]" key="BIND_100_925" tag="" content="Finished micro-architecture generation."/>
	<Message severity="INFO" prefix="[HLS 200-111]" key="HLS_111_966" tag="" content=" Elapsed time: 0.262 seconds; current allocated memory: 144.548 MB."/>
	<Message severity="INFO" prefix="[HLS 200-10]" key="HLS_10_1477" tag="" content="----------------------------------------------------------------"/>
	<Message severity="INFO" prefix="[HLS 200-42]" key="HLS_42_1438" tag="" content="-- Implementing module &apos;BF_cfb64_encrypt&apos;"/>
	<Message severity="INFO" prefix="[HLS 200-10]" key="HLS_10_1478" tag="" content="----------------------------------------------------------------"/>
	<Message severity="INFO" prefix="[SCHED 204-11]" key="SCHED_SCHED_STATUS_597" tag="" content="Starting scheduling ..."/>
	<Message severity="WARNING" prefix="[SCHED 204-65]" key="SCHED_PIPELINE_REPORT_FAILURE_1080" tag="SCHEDULE" content="Unable to satisfy pipeline directive: Function contains subloop(s) not being unrolled."/>
	<Message severity="INFO" prefix="[SCHED 204-11]" key="SCHED_SCHED_STATUS_596" tag="" content="Finished scheduling."/>
	<Message severity="INFO" prefix="[HLS 200-111]" key="HLS_111_966" tag="" content=" Elapsed time: 0.706 seconds; current allocated memory: 147.134 MB."/>
	<Message severity="INFO" prefix="[BIND 205-100]" key="BIND_100_926" tag="" content="Starting micro-architecture generation ..."/>
	<Message severity="INFO" prefix="[BIND 205-101]" key="BIND_101_698" tag="" content="Performing variable lifetime analysis."/>
	<Message severity="INFO" prefix="[BIND 205-101]" key="BIND_101_697" tag="" content="Exploring resource sharing."/>
	<Message severity="INFO" prefix="[BIND 205-101]" key="BIND_101_693" tag="" content="Binding ..."/>
	<Message severity="INFO" prefix="[BIND 205-100]" key="BIND_100_925" tag="" content="Finished micro-architecture generation."/>
	<Message severity="INFO" prefix="[HLS 200-111]" key="HLS_111_966" tag="" content=" Elapsed time: 0.588 seconds; current allocated memory: 149.848 MB."/>
	<Message severity="INFO" prefix="[HLS 200-10]" key="HLS_10_1477" tag="" content="----------------------------------------------------------------"/>
	<Message severity="INFO" prefix="[HLS 200-42]" key="HLS_42_1438" tag="" content="-- Implementing module &apos;blowfish_main&apos;"/>
	<Message severity="INFO" prefix="[HLS 200-10]" key="HLS_10_1478" tag="" content="----------------------------------------------------------------"/>
	<Message severity="INFO" prefix="[SCHED 204-11]" key="SCHED_SCHED_STATUS_597" tag="" content="Starting scheduling ..."/>
	<Message severity="INFO" prefix="[SCHED 204-61]" key="SCHED_PIPELINING_STATUS_41" tag="" content="Pipelining loop &apos;Loop 1&apos;."/>
	<Message severity="INFO" prefix="[SCHED 204-61]" key="SCHED_PIPELINING_STATUS_44" tag="" content="Pipelining result : Target II = 1, Final II = 1, Depth = 1."/>
	<Message severity="WARNING" prefix="[SCHED 204-65]" key="SCHED_PIPELINE_REPORT_FAILURE_1080" tag="SCHEDULE" content="Unable to satisfy pipeline directive: Loop contains subloop(s) not being unrolled or flattened."/>
	<Message severity="INFO" prefix="[SCHED 204-61]" key="SCHED_PIPELINING_STATUS_41" tag="" content="Pipelining loop &apos;Loop 2.1&apos;."/>
	<Message severity="INFO" prefix="[SCHED 204-61]" key="SCHED_PIPELINING_STATUS_44" tag="" content="Pipelining result : Target II = 1, Final II = 1, Depth = 2."/>
	<Message severity="INFO" prefix="[SCHED 204-61]" key="SCHED_PIPELINING_STATUS_41" tag="" content="Pipelining loop &apos;Loop 2.2&apos;."/>
	<Message severity="INFO" prefix="[SCHED 204-61]" key="SCHED_PIPELINING_STATUS_44" tag="" content="Pipelining result : Target II = 1, Final II = 1, Depth = 3."/>
	<Message severity="INFO" prefix="[SCHED 204-11]" key="SCHED_SCHED_STATUS_596" tag="" content="Finished scheduling."/>
	<Message severity="INFO" prefix="[HLS 200-111]" key="HLS_111_966" tag="" content=" Elapsed time: 0.619 seconds; current allocated memory: 150.474 MB."/>
	<Message severity="INFO" prefix="[BIND 205-100]" key="BIND_100_926" tag="" content="Starting micro-architecture generation ..."/>
	<Message severity="INFO" prefix="[BIND 205-101]" key="BIND_101_698" tag="" content="Performing variable lifetime analysis."/>
	<Message severity="INFO" prefix="[BIND 205-101]" key="BIND_101_697" tag="" content="Exploring resource sharing."/>
	<Message severity="INFO" prefix="[BIND 205-101]" key="BIND_101_693" tag="" content="Binding ..."/>
	<Message severity="INFO" prefix="[BIND 205-100]" key="BIND_100_925" tag="" content="Finished micro-architecture generation."/>
	<Message severity="INFO" prefix="[HLS 200-111]" key="HLS_111_966" tag="" content=" Elapsed time: 0.316 seconds; current allocated memory: 151.166 MB."/>
	<Message severity="INFO" prefix="[HLS 200-10]" key="HLS_10_1483" tag="" content="----------------------------------------------------------------"/>
	<Message severity="INFO" prefix="[HLS 200-10]" key="HLS_10_1484" tag="" content="-- Generating RTL for module &apos;BF_encrypt&apos;"/>
	<Message severity="INFO" prefix="[HLS 200-10]" key="HLS_10_1485" tag="" content="----------------------------------------------------------------"/>
	<Message severity="INFO" prefix="[RTGEN 206-100]" key="RTGEN_100_856" tag="" content="Finished creating RTL model for &apos;BF_encrypt&apos;."/>
	<Message severity="INFO" prefix="[HLS 200-111]" key="HLS_111_966" tag="" content=" Elapsed time: 0.579 seconds; current allocated memory: 156.645 MB."/>
	<Message severity="INFO" prefix="[HLS 200-10]" key="HLS_10_1483" tag="" content="----------------------------------------------------------------"/>
	<Message severity="INFO" prefix="[HLS 200-10]" key="HLS_10_1484" tag="" content="-- Generating RTL for module &apos;BF_set_key&apos;"/>
	<Message severity="INFO" prefix="[HLS 200-10]" key="HLS_10_1485" tag="" content="----------------------------------------------------------------"/>
	<Message severity="INFO" prefix="[SYN 201-210]" key="SYN_210_889" tag="" content="Renamed object name &apos;BF_set_key_bf_init_P&apos; to &apos;BF_set_key_bf_inibkb&apos; due to the length limit 20"/>
	<Message severity="INFO" prefix="[SYN 201-210]" key="SYN_210_889" tag="" content="Renamed object name &apos;BF_set_key_bf_init_S&apos; to &apos;BF_set_key_bf_inicud&apos; due to the length limit 20"/>
	<Message severity="INFO" prefix="[RTGEN 206-100]" key="RTGEN_100_856" tag="" content="Finished creating RTL model for &apos;BF_set_key&apos;."/>
	<Message severity="INFO" prefix="[HLS 200-111]" key="HLS_111_966" tag="" content=" Elapsed time: 1.48 seconds; current allocated memory: 161.277 MB."/>
	<Message severity="INFO" prefix="[HLS 200-10]" key="HLS_10_1483" tag="" content="----------------------------------------------------------------"/>
	<Message severity="INFO" prefix="[HLS 200-10]" key="HLS_10_1484" tag="" content="-- Generating RTL for module &apos;BF_cfb64_encrypt&apos;"/>
	<Message severity="INFO" prefix="[HLS 200-10]" key="HLS_10_1485" tag="" content="----------------------------------------------------------------"/>
	<Message severity="INFO" prefix="[RTGEN 206-100]" key="RTGEN_100_856" tag="" content="Finished creating RTL model for &apos;BF_cfb64_encrypt&apos;."/>
	<Message severity="INFO" prefix="[HLS 200-111]" key="HLS_111_966" tag="" content=" Elapsed time: 0.673 seconds; current allocated memory: 166.391 MB."/>
	<Message severity="INFO" prefix="[HLS 200-10]" key="HLS_10_1483" tag="" content="----------------------------------------------------------------"/>
	<Message severity="INFO" prefix="[HLS 200-10]" key="HLS_10_1484" tag="" content="-- Generating RTL for module &apos;blowfish_main&apos;"/>
	<Message severity="INFO" prefix="[HLS 200-10]" key="HLS_10_1485" tag="" content="----------------------------------------------------------------"/>
	<Message severity="INFO" prefix="[RTGEN 206-500]" key="PREPROC_IO_COMP_CONFLICT_1950" tag="" content="Setting interface mode on function &apos;blowfish_main&apos; to &apos;ap_ctrl_hs&apos;."/>
	<Message severity="WARNING" prefix="[RTGEN 206-101]" key="RTGEN_101_862" tag="" content="Global array &apos;key_P&apos; will not be exposed as RTL port."/>
	<Message severity="WARNING" prefix="[RTGEN 206-101]" key="RTGEN_101_862" tag="" content="Global array &apos;key_S&apos; will not be exposed as RTL port."/>
	<Message severity="INFO" prefix="[SYN 201-210]" key="SYN_210_889" tag="" content="Renamed object name &apos;blowfish_main_in_key&apos; to &apos;blowfish_main_in_dEe&apos; due to the length limit 20"/>
	<Message severity="INFO" prefix="[SYN 201-210]" key="SYN_210_889" tag="" content="Renamed object name &apos;blowfish_main_out_key&apos; to &apos;blowfish_main_outeOg&apos; due to the length limit 20"/>
	<Message severity="INFO" prefix="[SYN 201-210]" key="SYN_210_889" tag="" content="Renamed object name &apos;blowfish_main_indata&apos; to &apos;blowfish_main_indfYi&apos; due to the length limit 20"/>
	<Message severity="INFO" prefix="[SYN 201-210]" key="SYN_210_889" tag="" content="Renamed object name &apos;blowfish_main_outdata&apos; to &apos;blowfish_main_outg8j&apos; due to the length limit 20"/>
	<Message severity="INFO" prefix="[RTGEN 206-100]" key="RTGEN_100_856" tag="" content="Finished creating RTL model for &apos;blowfish_main&apos;."/>
	<Message severity="INFO" prefix="[HLS 200-111]" key="HLS_111_966" tag="" content=" Elapsed time: 1.571 seconds; current allocated memory: 168.924 MB."/>
	<Message severity="INFO" prefix="[RTMG 210-279]" key="RTMG_279_1793" tag="" content="Implementing memory &apos;BF_set_key_bf_inibkb_rom&apos; using distributed ROMs."/>
	<Message severity="INFO" prefix="[RTMG 210-279]" key="RTMG_279_1793" tag="" content="Implementing memory &apos;BF_set_key_bf_inicud_rom&apos; using auto ROMs."/>
	<Message severity="INFO" prefix="[RTMG 210-278]" key="RTMG_278_1792" tag="" content="Implementing memory &apos;blowfish_main_key_P_ram (RAM)&apos; using block RAMs with power-on initialization."/>
	<Message severity="INFO" prefix="[RTMG 210-278]" key="RTMG_278_1792" tag="" content="Implementing memory &apos;blowfish_main_key_S_ram (RAM)&apos; using block RAMs with power-on initialization."/>
	<Message severity="WARNING" prefix="[RTMG 210-274]" key="RTMG_274_1758" tag="" content="Memory &apos;blowfish_main_ukey&apos; is read-only, switch it to a ROM."/>
	<Message severity="INFO" prefix="[RTMG 210-279]" key="RTMG_279_1793" tag="" content="Implementing memory &apos;blowfish_main_ukey_rom&apos; using distributed ROMs."/>
	<Message severity="INFO" prefix="[RTMG 210-279]" key="RTMG_279_1793" tag="" content="Implementing memory &apos;blowfish_main_in_dEe_rom&apos; using auto ROMs."/>
	<Message severity="INFO" prefix="[RTMG 210-279]" key="RTMG_279_1793" tag="" content="Implementing memory &apos;blowfish_main_outeOg_rom&apos; using auto ROMs."/>
	<Message severity="INFO" prefix="[RTMG 210-278]" key="RTMG_278_1790" tag="" content="Implementing memory &apos;blowfish_main_indfYi_ram (RAM)&apos; using distributed RAMs."/>
	<Message severity="INFO" prefix="[RTMG 210-278]" key="RTMG_278_1790" tag="" content="Implementing memory &apos;blowfish_main_outg8j_ram (RAM)&apos; using distributed RAMs."/>
	<Message severity="INFO" prefix="[RTMG 210-278]" key="RTMG_278_1790" tag="" content="Implementing memory &apos;blowfish_main_ivec_ram (RAM)&apos; using block RAMs."/>
	<Message severity="INFO" prefix="[HLS 200-111]" key="HLS_111_965" tag="" content="Finished generating all RTL models Time (s): cpu = 00:00:18 ; elapsed = 00:00:28 . Memory (MB): peak = 264.492 ; gain = 173.098"/>
	<Message severity="INFO" prefix="[VHDL 208-304]" key="VHDL_304_1066" tag="" content="Generating VHDL RTL for blowfish_main."/>
	<Message severity="INFO" prefix="[VLOG 209-307]" key="VLOG_307_1067" tag="" content="Generating Verilog RTL for blowfish_main."/>
</Messages>
