<profile>

<section name = "Vivado HLS Report for 'BF_cfb64_encrypt'" level="0">
<item name = "Date">Sat Apr 10 22:14:02 2021
</item>
<item name = "Version">2019.1 (Build 2552052 on Fri May 24 15:28:33 MDT 2019)</item>
<item name = "Project">Blowfish.prj</item>
<item name = "Solution">Opr_latency</item>
<item name = "Product family">zynq</item>
<item name = "Target device">xc7z020-clg484-1</item>
</section>

<section name = "Performance Estimates" level="0">
<item name = "Timing (ns)">
<section name = "" level="1">
<item name = "Summary"><table name="" hasTotal="0">
<keys size="4">Clock, Target, Estimated, Uncertainty</keys>
<column name="ap_clk">10.00, 7.149, 1.25</column>
</table>
</item>
</section>
</item>
<item name = "Latency (clock cycles)">
<section name = "" level="1">
<item name = "Summary"><table name="" hasTotal="0">
<keys size="6">, min, max, min, max, Type</keys>
<column name="">5, 280801, 5, 280801, none</column>
</table>
</item>
<item name = "Detail">
<section name = "" level="1">
<item name = "Instance"><table name="" hasTotal="0">
<keys size="7">Instance, Module, min, max, min, max, Type</keys>
</table>
</item>
<item name = "Loop"><table name="" hasTotal="0">
<keys size="8">Loop Name, min, max, Latency, achieved, target, Count, Pipelined</keys>
<column name="- Loop 1">4, 280800, 4 ~ 54, -, -, 1 ~ 5200, no</column>
</table>
</item>
</section>
</item>
</section>
</item>
</section>

<section name = "Utilization Estimates" level="0">
<item name = "Summary"><table name="" hasTotal="1">
<keys size="6">Name, BRAM_18K, DSP48E, FF, LUT, URAM</keys>
<column name="DSP">-, -, -, -, -</column>
<column name="Expression">-, -, 0, 7245, -</column>
<column name="FIFO">-, -, -, -, -</column>
<column name="Instance">-, -, -, -, -</column>
<column name="Memory">-, -, -, -, -</column>
<column name="Multiplexer">-, -, -, 803, -</column>
<column name="Register">-, -, 3058, -, -</column>
<specialColumn name="Available">280, 220, 106400, 53200, 0</specialColumn>
<specialColumn name="Utilization (%)">0, 0, 2, 15, 0</specialColumn>
</table>
</item>
<item name = "Detail">
<section name = "" level="1">
<item name = "Instance"><table name="" hasTotal="1">
<keys size="7">Instance, Module, BRAM_18K, DSP48E, FF, LUT, URAM</keys>
</table>
</item>
<item name = "DSP48E"><table name="" hasTotal="0">
<keys size="3">Instance, Module, Expression</keys>
</table>
</item>
<item name = "Memory"><table name="" hasTotal="1">
<keys size="10">Memory, Module, BRAM_18K, FF, LUT, URAM, Words, Bits, Banks, W*Bits*Banks</keys>
</table>
</item>
<item name = "FIFO"><table name="" hasTotal="1">
<keys size="8">Name, BRAM_18K, FF, LUT, URAM, Depth, Bits, Size:D*B</keys>
</table>
</item>
<item name = "Expression"><table name="" hasTotal="1">
<keys size="7">Variable Name, Operation, DSP48E, FF, LUT, Bitwidth P0, Bitwidth P1</keys>
<column name="add_ln100_10_fu_2087_p2">+, 0, 0, 23, 16, 16</column>
<column name="add_ln100_11_fu_2093_p2">+, 0, 0, 31, 24, 24</column>
<column name="add_ln100_2_fu_2071_p2">+, 0, 0, 39, 32, 32</column>
<column name="add_ln100_3_fu_1995_p2">+, 0, 0, 15, 8, 8</column>
<column name="add_ln100_4_fu_2081_p2">+, 0, 0, 15, 8, 8</column>
<column name="add_ln100_8_fu_2001_p2">+, 0, 0, 23, 16, 16</column>
<column name="add_ln100_9_fu_2007_p2">+, 0, 0, 31, 24, 24</column>
<column name="add_ln101_10_fu_2323_p2">+, 0, 0, 23, 16, 16</column>
<column name="add_ln101_11_fu_2329_p2">+, 0, 0, 31, 24, 24</column>
<column name="add_ln101_2_fu_2307_p2">+, 0, 0, 39, 32, 32</column>
<column name="add_ln101_3_fu_2231_p2">+, 0, 0, 15, 8, 8</column>
<column name="add_ln101_4_fu_2317_p2">+, 0, 0, 15, 8, 8</column>
<column name="add_ln101_8_fu_2237_p2">+, 0, 0, 23, 16, 16</column>
<column name="add_ln101_9_fu_2243_p2">+, 0, 0, 31, 24, 24</column>
<column name="add_ln102_10_fu_2559_p2">+, 0, 0, 23, 16, 16</column>
<column name="add_ln102_11_fu_2565_p2">+, 0, 0, 31, 24, 24</column>
<column name="add_ln102_2_fu_2543_p2">+, 0, 0, 39, 32, 32</column>
<column name="add_ln102_3_fu_2467_p2">+, 0, 0, 15, 8, 8</column>
<column name="add_ln102_4_fu_2553_p2">+, 0, 0, 15, 8, 8</column>
<column name="add_ln102_8_fu_2473_p2">+, 0, 0, 23, 16, 16</column>
<column name="add_ln102_9_fu_2479_p2">+, 0, 0, 31, 24, 24</column>
<column name="add_ln103_10_fu_2759_p2">+, 0, 0, 31, 24, 24</column>
<column name="add_ln103_11_fu_2838_p2">+, 0, 0, 23, 16, 16</column>
<column name="add_ln103_12_fu_2844_p2">+, 0, 0, 31, 24, 24</column>
<column name="add_ln103_2_fu_2822_p2">+, 0, 0, 39, 32, 32</column>
<column name="add_ln103_4_fu_2747_p2">+, 0, 0, 15, 8, 8</column>
<column name="add_ln103_5_fu_2832_p2">+, 0, 0, 15, 8, 8</column>
<column name="add_ln103_9_fu_2753_p2">+, 0, 0, 23, 16, 16</column>
<column name="add_ln104_10_fu_3110_p2">+, 0, 0, 23, 16, 16</column>
<column name="add_ln104_11_fu_3116_p2">+, 0, 0, 31, 24, 24</column>
<column name="add_ln104_2_fu_3094_p2">+, 0, 0, 39, 32, 32</column>
<column name="add_ln104_3_fu_3019_p2">+, 0, 0, 15, 8, 8</column>
<column name="add_ln104_4_fu_3104_p2">+, 0, 0, 15, 8, 8</column>
<column name="add_ln104_8_fu_3025_p2">+, 0, 0, 23, 16, 16</column>
<column name="add_ln104_9_fu_3031_p2">+, 0, 0, 31, 24, 24</column>
<column name="add_ln105_10_fu_3346_p2">+, 0, 0, 23, 16, 16</column>
<column name="add_ln105_11_fu_3352_p2">+, 0, 0, 31, 24, 24</column>
<column name="add_ln105_2_fu_3330_p2">+, 0, 0, 39, 32, 32</column>
<column name="add_ln105_3_fu_3254_p2">+, 0, 0, 15, 8, 8</column>
<column name="add_ln105_4_fu_3340_p2">+, 0, 0, 15, 8, 8</column>
<column name="add_ln105_8_fu_3260_p2">+, 0, 0, 23, 16, 16</column>
<column name="add_ln105_9_fu_3266_p2">+, 0, 0, 31, 24, 24</column>
<column name="add_ln106_10_fu_3582_p2">+, 0, 0, 23, 16, 16</column>
<column name="add_ln106_11_fu_3588_p2">+, 0, 0, 31, 24, 24</column>
<column name="add_ln106_2_fu_3566_p2">+, 0, 0, 39, 32, 32</column>
<column name="add_ln106_3_fu_3490_p2">+, 0, 0, 15, 8, 8</column>
<column name="add_ln106_4_fu_3576_p2">+, 0, 0, 15, 8, 8</column>
<column name="add_ln106_8_fu_3496_p2">+, 0, 0, 23, 16, 16</column>
<column name="add_ln106_9_fu_3502_p2">+, 0, 0, 31, 24, 24</column>
<column name="add_ln107_10_fu_3818_p2">+, 0, 0, 23, 16, 16</column>
<column name="add_ln107_11_fu_3824_p2">+, 0, 0, 31, 24, 24</column>
<column name="add_ln107_2_fu_3802_p2">+, 0, 0, 39, 32, 32</column>
<column name="add_ln107_3_fu_3726_p2">+, 0, 0, 15, 8, 8</column>
<column name="add_ln107_4_fu_3812_p2">+, 0, 0, 15, 8, 8</column>
<column name="add_ln107_8_fu_3732_p2">+, 0, 0, 23, 16, 16</column>
<column name="add_ln107_9_fu_3738_p2">+, 0, 0, 31, 24, 24</column>
<column name="add_ln108_10_fu_4054_p2">+, 0, 0, 23, 16, 16</column>
<column name="add_ln108_11_fu_4060_p2">+, 0, 0, 31, 24, 24</column>
<column name="add_ln108_2_fu_4038_p2">+, 0, 0, 39, 32, 32</column>
<column name="add_ln108_3_fu_3962_p2">+, 0, 0, 15, 8, 8</column>
<column name="add_ln108_4_fu_4048_p2">+, 0, 0, 15, 8, 8</column>
<column name="add_ln108_8_fu_3968_p2">+, 0, 0, 23, 16, 16</column>
<column name="add_ln108_9_fu_3974_p2">+, 0, 0, 31, 24, 24</column>
<column name="add_ln109_10_fu_4290_p2">+, 0, 0, 23, 16, 16</column>
<column name="add_ln109_11_fu_4296_p2">+, 0, 0, 31, 24, 24</column>
<column name="add_ln109_2_fu_4274_p2">+, 0, 0, 39, 32, 32</column>
<column name="add_ln109_3_fu_4198_p2">+, 0, 0, 15, 8, 8</column>
<column name="add_ln109_4_fu_4284_p2">+, 0, 0, 15, 8, 8</column>
<column name="add_ln109_8_fu_4204_p2">+, 0, 0, 23, 16, 16</column>
<column name="add_ln109_9_fu_4210_p2">+, 0, 0, 31, 24, 24</column>
<column name="add_ln110_10_fu_4526_p2">+, 0, 0, 23, 16, 16</column>
<column name="add_ln110_11_fu_4532_p2">+, 0, 0, 31, 24, 24</column>
<column name="add_ln110_2_fu_4510_p2">+, 0, 0, 39, 32, 32</column>
<column name="add_ln110_3_fu_4434_p2">+, 0, 0, 15, 8, 8</column>
<column name="add_ln110_4_fu_4520_p2">+, 0, 0, 15, 8, 8</column>
<column name="add_ln110_8_fu_4440_p2">+, 0, 0, 23, 16, 16</column>
<column name="add_ln110_9_fu_4446_p2">+, 0, 0, 31, 24, 24</column>
<column name="add_ln111_2_fu_4849_p2">+, 0, 0, 39, 32, 32</column>
<column name="add_ln111_3_fu_4774_p2">+, 0, 0, 15, 8, 8</column>
<column name="add_ln111_4_fu_4859_p2">+, 0, 0, 15, 8, 8</column>
<column name="add_ln111_5_fu_4780_p2">+, 0, 0, 23, 16, 16</column>
<column name="add_ln111_6_fu_4786_p2">+, 0, 0, 31, 24, 24</column>
<column name="add_ln111_7_fu_4865_p2">+, 0, 0, 23, 16, 16</column>
<column name="add_ln111_8_fu_4871_p2">+, 0, 0, 31, 24, 24</column>
<column name="add_ln122_fu_857_p2">+, 0, 0, 39, 32, 1</column>
<column name="add_ln96_10_fu_1106_p2">+, 0, 0, 23, 16, 16</column>
<column name="add_ln96_11_fu_1112_p2">+, 0, 0, 31, 24, 24</column>
<column name="add_ln96_2_fu_1094_p2">+, 0, 0, 39, 32, 32</column>
<column name="add_ln96_3_fu_1019_p2">+, 0, 0, 15, 8, 8</column>
<column name="add_ln96_4_fu_1100_p2">+, 0, 0, 15, 8, 8</column>
<column name="add_ln96_8_fu_1025_p2">+, 0, 0, 23, 16, 16</column>
<column name="add_ln96_9_fu_1031_p2">+, 0, 0, 31, 24, 24</column>
<column name="add_ln97_10_fu_1379_p2">+, 0, 0, 23, 16, 16</column>
<column name="add_ln97_11_fu_1385_p2">+, 0, 0, 31, 24, 24</column>
<column name="add_ln97_2_fu_1363_p2">+, 0, 0, 39, 32, 32</column>
<column name="add_ln97_3_fu_1287_p2">+, 0, 0, 15, 8, 8</column>
<column name="add_ln97_4_fu_1373_p2">+, 0, 0, 15, 8, 8</column>
<column name="add_ln97_8_fu_1293_p2">+, 0, 0, 23, 16, 16</column>
<column name="add_ln97_9_fu_1299_p2">+, 0, 0, 31, 24, 24</column>
<column name="add_ln98_10_fu_1615_p2">+, 0, 0, 23, 16, 16</column>
<column name="add_ln98_11_fu_1621_p2">+, 0, 0, 31, 24, 24</column>
<column name="add_ln98_2_fu_1599_p2">+, 0, 0, 39, 32, 32</column>
<column name="add_ln98_3_fu_1523_p2">+, 0, 0, 15, 8, 8</column>
<column name="add_ln98_4_fu_1609_p2">+, 0, 0, 15, 8, 8</column>
<column name="add_ln98_8_fu_1529_p2">+, 0, 0, 23, 16, 16</column>
<column name="add_ln98_9_fu_1535_p2">+, 0, 0, 31, 24, 24</column>
<column name="add_ln99_10_fu_1851_p2">+, 0, 0, 23, 16, 16</column>
<column name="add_ln99_11_fu_1857_p2">+, 0, 0, 31, 24, 24</column>
<column name="add_ln99_2_fu_1835_p2">+, 0, 0, 39, 32, 32</column>
<column name="add_ln99_3_fu_1759_p2">+, 0, 0, 15, 8, 8</column>
<column name="add_ln99_4_fu_1845_p2">+, 0, 0, 15, 8, 8</column>
<column name="add_ln99_8_fu_1765_p2">+, 0, 0, 23, 16, 16</column>
<column name="add_ln99_9_fu_1771_p2">+, 0, 0, 31, 24, 24</column>
<column name="grp_fu_816_p2">+, 0, 0, 39, 32, 32</column>
<column name="l_fu_845_p2">+, 0, 0, 39, 32, 2</column>
<column name="n_fu_5003_p2">+, 0, 0, 12, 1, 3</column>
<column name="icmp_ln103_fu_851_p2">icmp, 0, 0, 18, 32, 1</column>
<column name="icmp_ln106_fu_863_p2">icmp, 0, 0, 18, 32, 1</column>
<column name="c_fu_5017_p2">xor, 0, 0, 8, 8, 8</column>
<column name="l_10_fu_911_p2">xor, 0, 0, 32, 32, 32</column>
<column name="l_11_fu_1414_p2">xor, 0, 0, 32, 32, 32</column>
<column name="l_12_fu_1886_p2">xor, 0, 0, 32, 32, 32</column>
<column name="l_13_fu_2358_p2">xor, 0, 0, 32, 32, 32</column>
<column name="l_14_fu_2878_p2">xor, 0, 0, 32, 32, 32</column>
<column name="l_15_fu_3381_p2">xor, 0, 0, 32, 32, 32</column>
<column name="l_16_fu_3853_p2">xor, 0, 0, 32, 32, 32</column>
<column name="l_17_fu_4325_p2">xor, 0, 0, 32, 32, 32</column>
<column name="l_19_fu_4900_p2">xor, 0, 0, 32, 32, 32</column>
<column name="r_10_fu_1175_p2">xor, 0, 0, 32, 32, 32</column>
<column name="r_11_fu_1650_p2">xor, 0, 0, 32, 32, 32</column>
<column name="r_12_fu_2122_p2">xor, 0, 0, 32, 32, 32</column>
<column name="r_13_fu_2599_p2">xor, 0, 0, 32, 32, 32</column>
<column name="r_14_fu_3145_p2">xor, 0, 0, 32, 32, 32</column>
<column name="r_15_fu_3617_p2">xor, 0, 0, 32, 32, 32</column>
<column name="r_16_fu_4089_p2">xor, 0, 0, 32, 32, 32</column>
<column name="r_17_fu_4561_p2">xor, 0, 0, 32, 32, 32</column>
<column name="r_fu_4646_p2">xor, 0, 0, 32, 32, 32</column>
<column name="xor_ln100_12_fu_2053_p2">xor, 0, 0, 24, 24, 24</column>
<column name="xor_ln100_13_fu_2062_p2">xor, 0, 0, 16, 16, 16</column>
<column name="xor_ln100_14_fu_2099_p2">xor, 0, 0, 32, 32, 32</column>
<column name="xor_ln100_15_fu_2186_p2">xor, 0, 0, 8, 8, 8</column>
<column name="xor_ln100_16_fu_2108_p2">xor, 0, 0, 24, 24, 24</column>
<column name="xor_ln100_17_fu_2117_p2">xor, 0, 0, 16, 16, 16</column>
<column name="xor_ln100_19_fu_2128_p2">xor, 0, 0, 16, 16, 16</column>
<column name="xor_ln100_20_fu_2134_p2">xor, 0, 0, 24, 24, 24</column>
<column name="xor_ln100_21_fu_2190_p2">xor, 0, 0, 8, 8, 8</column>
<column name="xor_ln100_4_fu_2044_p2">xor, 0, 0, 8, 8, 8</column>
<column name="xor_ln100_fu_2038_p2">xor, 0, 0, 32, 32, 32</column>
<column name="xor_ln101_12_fu_2289_p2">xor, 0, 0, 24, 24, 24</column>
<column name="xor_ln101_13_fu_2298_p2">xor, 0, 0, 16, 16, 16</column>
<column name="xor_ln101_14_fu_2335_p2">xor, 0, 0, 32, 32, 32</column>
<column name="xor_ln101_15_fu_2422_p2">xor, 0, 0, 8, 8, 8</column>
<column name="xor_ln101_16_fu_2344_p2">xor, 0, 0, 24, 24, 24</column>
<column name="xor_ln101_17_fu_2353_p2">xor, 0, 0, 16, 16, 16</column>
<column name="xor_ln101_19_fu_2364_p2">xor, 0, 0, 16, 16, 16</column>
<column name="xor_ln101_20_fu_2370_p2">xor, 0, 0, 24, 24, 24</column>
<column name="xor_ln101_21_fu_2426_p2">xor, 0, 0, 8, 8, 8</column>
<column name="xor_ln101_4_fu_2284_p2">xor, 0, 0, 8, 8, 8</column>
<column name="xor_ln101_fu_2274_p2">xor, 0, 0, 32, 32, 32</column>
<column name="xor_ln102_12_fu_2525_p2">xor, 0, 0, 24, 24, 24</column>
<column name="xor_ln102_13_fu_2534_p2">xor, 0, 0, 16, 16, 16</column>
<column name="xor_ln102_14_fu_2571_p2">xor, 0, 0, 32, 32, 32</column>
<column name="xor_ln102_15_fu_2576_p2">xor, 0, 0, 8, 8, 8</column>
<column name="xor_ln102_16_fu_2585_p2">xor, 0, 0, 24, 24, 24</column>
<column name="xor_ln102_17_fu_2594_p2">xor, 0, 0, 16, 16, 16</column>
<column name="xor_ln102_19_fu_2605_p2">xor, 0, 0, 16, 16, 16</column>
<column name="xor_ln102_20_fu_2611_p2">xor, 0, 0, 24, 24, 24</column>
<column name="xor_ln102_21_fu_2617_p2">xor, 0, 0, 8, 8, 8</column>
<column name="xor_ln102_4_fu_2516_p2">xor, 0, 0, 8, 8, 8</column>
<column name="xor_ln102_fu_2510_p2">xor, 0, 0, 32, 32, 32</column>
<column name="xor_ln103_12_fu_2804_p2">xor, 0, 0, 24, 24, 24</column>
<column name="xor_ln103_13_fu_2813_p2">xor, 0, 0, 16, 16, 16</column>
<column name="xor_ln103_14_fu_2850_p2">xor, 0, 0, 32, 32, 32</column>
<column name="xor_ln103_15_fu_2855_p2">xor, 0, 0, 8, 8, 8</column>
<column name="xor_ln103_16_fu_2864_p2">xor, 0, 0, 24, 24, 24</column>
<column name="xor_ln103_17_fu_2873_p2">xor, 0, 0, 16, 16, 16</column>
<column name="xor_ln103_19_fu_2884_p2">xor, 0, 0, 16, 16, 16</column>
<column name="xor_ln103_20_fu_2890_p2">xor, 0, 0, 24, 24, 24</column>
<column name="xor_ln103_21_fu_2896_p2">xor, 0, 0, 8, 8, 8</column>
<column name="xor_ln103_4_fu_2799_p2">xor, 0, 0, 8, 8, 8</column>
<column name="xor_ln103_fu_2789_p2">xor, 0, 0, 32, 32, 32</column>
<column name="xor_ln104_12_fu_3076_p2">xor, 0, 0, 24, 24, 24</column>
<column name="xor_ln104_13_fu_3085_p2">xor, 0, 0, 16, 16, 16</column>
<column name="xor_ln104_14_fu_3122_p2">xor, 0, 0, 32, 32, 32</column>
<column name="xor_ln104_15_fu_3209_p2">xor, 0, 0, 8, 8, 8</column>
<column name="xor_ln104_16_fu_3131_p2">xor, 0, 0, 24, 24, 24</column>
<column name="xor_ln104_17_fu_3140_p2">xor, 0, 0, 16, 16, 16</column>
<column name="xor_ln104_19_fu_3151_p2">xor, 0, 0, 16, 16, 16</column>
<column name="xor_ln104_20_fu_3157_p2">xor, 0, 0, 24, 24, 24</column>
<column name="xor_ln104_21_fu_3213_p2">xor, 0, 0, 8, 8, 8</column>
<column name="xor_ln104_4_fu_3067_p2">xor, 0, 0, 8, 8, 8</column>
<column name="xor_ln104_fu_3061_p2">xor, 0, 0, 32, 32, 32</column>
<column name="xor_ln105_12_fu_3312_p2">xor, 0, 0, 24, 24, 24</column>
<column name="xor_ln105_13_fu_3321_p2">xor, 0, 0, 16, 16, 16</column>
<column name="xor_ln105_14_fu_3358_p2">xor, 0, 0, 32, 32, 32</column>
<column name="xor_ln105_15_fu_3445_p2">xor, 0, 0, 8, 8, 8</column>
<column name="xor_ln105_16_fu_3367_p2">xor, 0, 0, 24, 24, 24</column>
<column name="xor_ln105_17_fu_3376_p2">xor, 0, 0, 16, 16, 16</column>
<column name="xor_ln105_19_fu_3387_p2">xor, 0, 0, 16, 16, 16</column>
<column name="xor_ln105_20_fu_3393_p2">xor, 0, 0, 24, 24, 24</column>
<column name="xor_ln105_21_fu_3449_p2">xor, 0, 0, 8, 8, 8</column>
<column name="xor_ln105_4_fu_3307_p2">xor, 0, 0, 8, 8, 8</column>
<column name="xor_ln105_fu_3297_p2">xor, 0, 0, 32, 32, 32</column>
<column name="xor_ln106_12_fu_3548_p2">xor, 0, 0, 24, 24, 24</column>
<column name="xor_ln106_13_fu_3557_p2">xor, 0, 0, 16, 16, 16</column>
<column name="xor_ln106_14_fu_3594_p2">xor, 0, 0, 32, 32, 32</column>
<column name="xor_ln106_15_fu_3681_p2">xor, 0, 0, 8, 8, 8</column>
<column name="xor_ln106_16_fu_3603_p2">xor, 0, 0, 24, 24, 24</column>
<column name="xor_ln106_17_fu_3612_p2">xor, 0, 0, 16, 16, 16</column>
<column name="xor_ln106_19_fu_3623_p2">xor, 0, 0, 16, 16, 16</column>
<column name="xor_ln106_20_fu_3629_p2">xor, 0, 0, 24, 24, 24</column>
<column name="xor_ln106_21_fu_3685_p2">xor, 0, 0, 8, 8, 8</column>
<column name="xor_ln106_4_fu_3539_p2">xor, 0, 0, 8, 8, 8</column>
<column name="xor_ln106_fu_3533_p2">xor, 0, 0, 32, 32, 32</column>
<column name="xor_ln107_12_fu_3784_p2">xor, 0, 0, 24, 24, 24</column>
<column name="xor_ln107_13_fu_3793_p2">xor, 0, 0, 16, 16, 16</column>
<column name="xor_ln107_14_fu_3830_p2">xor, 0, 0, 32, 32, 32</column>
<column name="xor_ln107_15_fu_3917_p2">xor, 0, 0, 8, 8, 8</column>
<column name="xor_ln107_16_fu_3839_p2">xor, 0, 0, 24, 24, 24</column>
<column name="xor_ln107_17_fu_3848_p2">xor, 0, 0, 16, 16, 16</column>
<column name="xor_ln107_19_fu_3859_p2">xor, 0, 0, 16, 16, 16</column>
<column name="xor_ln107_20_fu_3865_p2">xor, 0, 0, 24, 24, 24</column>
<column name="xor_ln107_21_fu_3921_p2">xor, 0, 0, 8, 8, 8</column>
<column name="xor_ln107_4_fu_3779_p2">xor, 0, 0, 8, 8, 8</column>
<column name="xor_ln107_fu_3769_p2">xor, 0, 0, 32, 32, 32</column>
<column name="xor_ln108_12_fu_4020_p2">xor, 0, 0, 24, 24, 24</column>
<column name="xor_ln108_13_fu_4029_p2">xor, 0, 0, 16, 16, 16</column>
<column name="xor_ln108_14_fu_4066_p2">xor, 0, 0, 32, 32, 32</column>
<column name="xor_ln108_15_fu_4153_p2">xor, 0, 0, 8, 8, 8</column>
<column name="xor_ln108_16_fu_4075_p2">xor, 0, 0, 24, 24, 24</column>
<column name="xor_ln108_17_fu_4084_p2">xor, 0, 0, 16, 16, 16</column>
<column name="xor_ln108_19_fu_4095_p2">xor, 0, 0, 16, 16, 16</column>
<column name="xor_ln108_20_fu_4101_p2">xor, 0, 0, 24, 24, 24</column>
<column name="xor_ln108_21_fu_4157_p2">xor, 0, 0, 8, 8, 8</column>
<column name="xor_ln108_4_fu_4011_p2">xor, 0, 0, 8, 8, 8</column>
<column name="xor_ln108_fu_4005_p2">xor, 0, 0, 32, 32, 32</column>
<column name="xor_ln109_12_fu_4256_p2">xor, 0, 0, 24, 24, 24</column>
<column name="xor_ln109_13_fu_4265_p2">xor, 0, 0, 16, 16, 16</column>
<column name="xor_ln109_14_fu_4302_p2">xor, 0, 0, 32, 32, 32</column>
<column name="xor_ln109_15_fu_4389_p2">xor, 0, 0, 8, 8, 8</column>
<column name="xor_ln109_16_fu_4311_p2">xor, 0, 0, 24, 24, 24</column>
<column name="xor_ln109_17_fu_4320_p2">xor, 0, 0, 16, 16, 16</column>
<column name="xor_ln109_19_fu_4331_p2">xor, 0, 0, 16, 16, 16</column>
<column name="xor_ln109_20_fu_4337_p2">xor, 0, 0, 24, 24, 24</column>
<column name="xor_ln109_21_fu_4393_p2">xor, 0, 0, 8, 8, 8</column>
<column name="xor_ln109_4_fu_4251_p2">xor, 0, 0, 8, 8, 8</column>
<column name="xor_ln109_fu_4241_p2">xor, 0, 0, 32, 32, 32</column>
<column name="xor_ln110_12_fu_4492_p2">xor, 0, 0, 24, 24, 24</column>
<column name="xor_ln110_13_fu_4501_p2">xor, 0, 0, 16, 16, 16</column>
<column name="xor_ln110_14_fu_4538_p2">xor, 0, 0, 32, 32, 32</column>
<column name="xor_ln110_15_fu_4609_p2">xor, 0, 0, 8, 8, 8</column>
<column name="xor_ln110_16_fu_4547_p2">xor, 0, 0, 24, 24, 24</column>
<column name="xor_ln110_17_fu_4556_p2">xor, 0, 0, 16, 16, 16</column>
<column name="xor_ln110_19_fu_4567_p2">xor, 0, 0, 16, 16, 16</column>
<column name="xor_ln110_20_fu_4573_p2">xor, 0, 0, 24, 24, 24</column>
<column name="xor_ln110_21_fu_4613_p2">xor, 0, 0, 8, 8, 8</column>
<column name="xor_ln110_4_fu_4483_p2">xor, 0, 0, 8, 8, 8</column>
<column name="xor_ln110_fu_4477_p2">xor, 0, 0, 32, 32, 32</column>
<column name="xor_ln111_10_fu_4906_p2">xor, 0, 0, 16, 16, 16</column>
<column name="xor_ln111_11_fu_4912_p2">xor, 0, 0, 24, 24, 24</column>
<column name="xor_ln111_3_fu_4826_p2">xor, 0, 0, 8, 8, 8</column>
<column name="xor_ln111_4_fu_4831_p2">xor, 0, 0, 24, 24, 24</column>
<column name="xor_ln111_5_fu_4840_p2">xor, 0, 0, 16, 16, 16</column>
<column name="xor_ln111_6_fu_4877_p2">xor, 0, 0, 32, 32, 32</column>
<column name="xor_ln111_7_fu_4886_p2">xor, 0, 0, 24, 24, 24</column>
<column name="xor_ln111_8_fu_4895_p2">xor, 0, 0, 16, 16, 16</column>
<column name="xor_ln111_fu_4816_p2">xor, 0, 0, 32, 32, 32</column>
<column name="xor_ln112_1_fu_4651_p2">xor, 0, 0, 16, 16, 16</column>
<column name="xor_ln112_2_fu_4656_p2">xor, 0, 0, 24, 24, 24</column>
<column name="xor_ln115_10_fu_4697_p2">xor, 0, 0, 8, 8, 8</column>
<column name="xor_ln115_11_fu_4701_p2">xor, 0, 0, 8, 8, 8</column>
<column name="xor_ln115_12_fu_4707_p2">xor, 0, 0, 8, 8, 8</column>
<column name="xor_ln115_13_fu_4711_p2">xor, 0, 0, 8, 8, 8</column>
<column name="xor_ln115_14_fu_4716_p2">xor, 0, 0, 8, 8, 8</column>
<column name="xor_ln115_15_fu_4721_p2">xor, 0, 0, 8, 8, 8</column>
<column name="xor_ln115_16_fu_4727_p2">xor, 0, 0, 8, 8, 8</column>
<column name="xor_ln115_1_fu_2653_p2">xor, 0, 0, 8, 8, 8</column>
<column name="xor_ln115_2_fu_2658_p2">xor, 0, 0, 8, 8, 8</column>
<column name="xor_ln115_3_fu_2662_p2">xor, 0, 0, 8, 8, 8</column>
<column name="xor_ln115_4_fu_2668_p2">xor, 0, 0, 8, 8, 8</column>
<column name="xor_ln115_5_fu_2672_p2">xor, 0, 0, 8, 8, 8</column>
<column name="xor_ln115_6_fu_2678_p2">xor, 0, 0, 8, 8, 8</column>
<column name="xor_ln115_7_fu_2683_p2">xor, 0, 0, 8, 8, 8</column>
<column name="xor_ln115_8_fu_2689_p2">xor, 0, 0, 8, 8, 8</column>
<column name="xor_ln115_9_fu_4693_p2">xor, 0, 0, 8, 8, 8</column>
<column name="xor_ln115_fu_4733_p2">xor, 0, 0, 8, 8, 8</column>
<column name="xor_ln117_10_fu_4956_p2">xor, 0, 0, 8, 8, 8</column>
<column name="xor_ln117_11_fu_4962_p2">xor, 0, 0, 8, 8, 8</column>
<column name="xor_ln117_12_fu_4966_p2">xor, 0, 0, 8, 8, 8</column>
<column name="xor_ln117_13_fu_4972_p2">xor, 0, 0, 8, 8, 8</column>
<column name="xor_ln117_14_fu_4977_p2">xor, 0, 0, 8, 8, 8</column>
<column name="xor_ln117_15_fu_4983_p2">xor, 0, 0, 8, 8, 8</column>
<column name="xor_ln117_1_fu_2932_p2">xor, 0, 0, 8, 8, 8</column>
<column name="xor_ln117_2_fu_2936_p2">xor, 0, 0, 8, 8, 8</column>
<column name="xor_ln117_3_fu_2941_p2">xor, 0, 0, 8, 8, 8</column>
<column name="xor_ln117_4_fu_2945_p2">xor, 0, 0, 8, 8, 8</column>
<column name="xor_ln117_5_fu_2950_p2">xor, 0, 0, 8, 8, 8</column>
<column name="xor_ln117_6_fu_2955_p2">xor, 0, 0, 8, 8, 8</column>
<column name="xor_ln117_7_fu_2961_p2">xor, 0, 0, 8, 8, 8</column>
<column name="xor_ln117_8_fu_4948_p2">xor, 0, 0, 8, 8, 8</column>
<column name="xor_ln117_9_fu_4952_p2">xor, 0, 0, 8, 8, 8</column>
<column name="xor_ln117_fu_4989_p2">xor, 0, 0, 8, 8, 8</column>
<column name="xor_ln94_4_fu_917_p2">xor, 0, 0, 16, 16, 16</column>
<column name="xor_ln94_5_fu_923_p2">xor, 0, 0, 24, 24, 24</column>
<column name="xor_ln94_6_fu_929_p2">xor, 0, 0, 8, 8, 8</column>
<column name="xor_ln96_12_fu_1076_p2">xor, 0, 0, 24, 24, 24</column>
<column name="xor_ln96_13_fu_1085_p2">xor, 0, 0, 16, 16, 16</column>
<column name="xor_ln96_14_fu_1152_p2">xor, 0, 0, 32, 32, 32</column>
<column name="xor_ln96_15_fu_1241_p2">xor, 0, 0, 8, 8, 8</column>
<column name="xor_ln96_16_fu_1161_p2">xor, 0, 0, 24, 24, 24</column>
<column name="xor_ln96_17_fu_1170_p2">xor, 0, 0, 16, 16, 16</column>
<column name="xor_ln96_19_fu_1181_p2">xor, 0, 0, 16, 16, 16</column>
<column name="xor_ln96_20_fu_1187_p2">xor, 0, 0, 24, 24, 24</column>
<column name="xor_ln96_21_fu_1246_p2">xor, 0, 0, 8, 8, 8</column>
<column name="xor_ln96_4_fu_1067_p2">xor, 0, 0, 8, 8, 8</column>
<column name="xor_ln96_fu_1061_p2">xor, 0, 0, 32, 32, 32</column>
<column name="xor_ln97_12_fu_1345_p2">xor, 0, 0, 24, 24, 24</column>
<column name="xor_ln97_13_fu_1354_p2">xor, 0, 0, 16, 16, 16</column>
<column name="xor_ln97_14_fu_1391_p2">xor, 0, 0, 32, 32, 32</column>
<column name="xor_ln97_15_fu_1478_p2">xor, 0, 0, 8, 8, 8</column>
<column name="xor_ln97_16_fu_1400_p2">xor, 0, 0, 24, 24, 24</column>
<column name="xor_ln97_17_fu_1409_p2">xor, 0, 0, 16, 16, 16</column>
<column name="xor_ln97_19_fu_1420_p2">xor, 0, 0, 16, 16, 16</column>
<column name="xor_ln97_20_fu_1426_p2">xor, 0, 0, 24, 24, 24</column>
<column name="xor_ln97_21_fu_1482_p2">xor, 0, 0, 8, 8, 8</column>
<column name="xor_ln97_4_fu_1340_p2">xor, 0, 0, 8, 8, 8</column>
<column name="xor_ln97_fu_1330_p2">xor, 0, 0, 32, 32, 32</column>
<column name="xor_ln98_12_fu_1581_p2">xor, 0, 0, 24, 24, 24</column>
<column name="xor_ln98_13_fu_1590_p2">xor, 0, 0, 16, 16, 16</column>
<column name="xor_ln98_14_fu_1627_p2">xor, 0, 0, 32, 32, 32</column>
<column name="xor_ln98_15_fu_1714_p2">xor, 0, 0, 8, 8, 8</column>
<column name="xor_ln98_16_fu_1636_p2">xor, 0, 0, 24, 24, 24</column>
<column name="xor_ln98_17_fu_1645_p2">xor, 0, 0, 16, 16, 16</column>
<column name="xor_ln98_19_fu_1656_p2">xor, 0, 0, 16, 16, 16</column>
<column name="xor_ln98_20_fu_1662_p2">xor, 0, 0, 24, 24, 24</column>
<column name="xor_ln98_21_fu_1718_p2">xor, 0, 0, 8, 8, 8</column>
<column name="xor_ln98_4_fu_1572_p2">xor, 0, 0, 8, 8, 8</column>
<column name="xor_ln98_fu_1566_p2">xor, 0, 0, 32, 32, 32</column>
<column name="xor_ln99_12_fu_1817_p2">xor, 0, 0, 24, 24, 24</column>
<column name="xor_ln99_13_fu_1826_p2">xor, 0, 0, 16, 16, 16</column>
<column name="xor_ln99_14_fu_1863_p2">xor, 0, 0, 32, 32, 32</column>
<column name="xor_ln99_15_fu_1950_p2">xor, 0, 0, 8, 8, 8</column>
<column name="xor_ln99_16_fu_1872_p2">xor, 0, 0, 24, 24, 24</column>
<column name="xor_ln99_17_fu_1881_p2">xor, 0, 0, 16, 16, 16</column>
<column name="xor_ln99_19_fu_1892_p2">xor, 0, 0, 16, 16, 16</column>
<column name="xor_ln99_20_fu_1898_p2">xor, 0, 0, 24, 24, 24</column>
<column name="xor_ln99_21_fu_1954_p2">xor, 0, 0, 8, 8, 8</column>
<column name="xor_ln99_4_fu_1812_p2">xor, 0, 0, 8, 8, 8</column>
<column name="xor_ln99_fu_1802_p2">xor, 0, 0, 32, 32, 32</column>
</table>
</item>
<item name = "Multiplexer"><table name="" hasTotal="1">
<keys size="5">Name, LUT, Input Size, Bits, Total Bits</keys>
<column name="ap_NS_fsm">241, 56, 1, 56</column>
<column name="ap_return">9, 2, 32, 64</column>
<column name="ivec_address0">33, 6, 3, 18</column>
<column name="ivec_address1">33, 6, 3, 18</column>
<column name="ivec_d0">27, 5, 8, 40</column>
<column name="ivec_d1">33, 6, 8, 48</column>
<column name="key_P_address0">93, 19, 5, 95</column>
<column name="key_S_address0">149, 33, 10, 330</column>
<column name="key_S_address1">149, 33, 10, 330</column>
<column name="l_0_reg_796">9, 2, 32, 64</column>
<column name="num_write_assign_reg_786">9, 2, 32, 64</column>
<column name="p_01_rec_reg_805">9, 2, 32, 64</column>
<column name="reg_822">9, 2, 8, 16</column>
</table>
</item>
<item name = "Register"><table name="" hasTotal="1">
<keys size="5">Name, FF, LUT, Bits, Const Bits</keys>
<column name="add_ln100_3_reg_5477">8, 0, 8, 0</column>
<column name="add_ln100_4_reg_5503">8, 0, 8, 0</column>
<column name="add_ln100_8_reg_5482">16, 0, 16, 0</column>
<column name="add_ln100_9_reg_5487">24, 0, 24, 0</column>
<column name="add_ln101_3_reg_5559">8, 0, 8, 0</column>
<column name="add_ln101_4_reg_5585">8, 0, 8, 0</column>
<column name="add_ln101_8_reg_5564">16, 0, 16, 0</column>
<column name="add_ln101_9_reg_5569">24, 0, 24, 0</column>
<column name="add_ln102_3_reg_5641">8, 0, 8, 0</column>
<column name="add_ln102_8_reg_5646">16, 0, 16, 0</column>
<column name="add_ln102_9_reg_5651">24, 0, 24, 0</column>
<column name="add_ln103_10_reg_5727">24, 0, 24, 0</column>
<column name="add_ln103_4_reg_5717">8, 0, 8, 0</column>
<column name="add_ln103_5_reg_5737">8, 0, 8, 0</column>
<column name="add_ln103_9_reg_5722">16, 0, 16, 0</column>
<column name="add_ln104_3_reg_5798">8, 0, 8, 0</column>
<column name="add_ln104_4_reg_5824">8, 0, 8, 0</column>
<column name="add_ln104_8_reg_5803">16, 0, 16, 0</column>
<column name="add_ln104_9_reg_5808">24, 0, 24, 0</column>
<column name="add_ln105_3_reg_5880">8, 0, 8, 0</column>
<column name="add_ln105_4_reg_5906">8, 0, 8, 0</column>
<column name="add_ln105_8_reg_5885">16, 0, 16, 0</column>
<column name="add_ln105_9_reg_5890">24, 0, 24, 0</column>
<column name="add_ln106_3_reg_5962">8, 0, 8, 0</column>
<column name="add_ln106_4_reg_5988">8, 0, 8, 0</column>
<column name="add_ln106_8_reg_5967">16, 0, 16, 0</column>
<column name="add_ln106_9_reg_5972">24, 0, 24, 0</column>
<column name="add_ln107_3_reg_6044">8, 0, 8, 0</column>
<column name="add_ln107_4_reg_6070">8, 0, 8, 0</column>
<column name="add_ln107_8_reg_6049">16, 0, 16, 0</column>
<column name="add_ln107_9_reg_6054">24, 0, 24, 0</column>
<column name="add_ln108_3_reg_6126">8, 0, 8, 0</column>
<column name="add_ln108_4_reg_6152">8, 0, 8, 0</column>
<column name="add_ln108_8_reg_6131">16, 0, 16, 0</column>
<column name="add_ln108_9_reg_6136">24, 0, 24, 0</column>
<column name="add_ln109_3_reg_6208">8, 0, 8, 0</column>
<column name="add_ln109_4_reg_6234">8, 0, 8, 0</column>
<column name="add_ln109_8_reg_6213">16, 0, 16, 0</column>
<column name="add_ln109_9_reg_6218">24, 0, 24, 0</column>
<column name="add_ln110_3_reg_6285">8, 0, 8, 0</column>
<column name="add_ln110_4_reg_6311">8, 0, 8, 0</column>
<column name="add_ln110_8_reg_6290">16, 0, 16, 0</column>
<column name="add_ln110_9_reg_6295">24, 0, 24, 0</column>
<column name="add_ln111_3_reg_6377">8, 0, 8, 0</column>
<column name="add_ln111_5_reg_6382">16, 0, 16, 0</column>
<column name="add_ln111_6_reg_6387">24, 0, 24, 0</column>
<column name="add_ln122_reg_5093">32, 0, 32, 0</column>
<column name="add_ln96_10_reg_5175">16, 0, 16, 0</column>
<column name="add_ln96_11_reg_5180">24, 0, 24, 0</column>
<column name="add_ln96_2_reg_5164">32, 0, 32, 0</column>
<column name="add_ln96_3_reg_5144">8, 0, 8, 0</column>
<column name="add_ln96_4_reg_5169">8, 0, 8, 0</column>
<column name="add_ln96_8_reg_5149">16, 0, 16, 0</column>
<column name="add_ln96_9_reg_5154">24, 0, 24, 0</column>
<column name="add_ln97_3_reg_5231">8, 0, 8, 0</column>
<column name="add_ln97_4_reg_5257">8, 0, 8, 0</column>
<column name="add_ln97_8_reg_5236">16, 0, 16, 0</column>
<column name="add_ln97_9_reg_5241">24, 0, 24, 0</column>
<column name="add_ln98_3_reg_5313">8, 0, 8, 0</column>
<column name="add_ln98_4_reg_5339">8, 0, 8, 0</column>
<column name="add_ln98_8_reg_5318">16, 0, 16, 0</column>
<column name="add_ln98_9_reg_5323">24, 0, 24, 0</column>
<column name="add_ln99_3_reg_5395">8, 0, 8, 0</column>
<column name="add_ln99_4_reg_5421">8, 0, 8, 0</column>
<column name="add_ln99_8_reg_5400">16, 0, 16, 0</column>
<column name="add_ln99_9_reg_5405">24, 0, 24, 0</column>
<column name="ap_CS_fsm">55, 0, 55, 0</column>
<column name="ap_return_preg">32, 0, 32, 0</column>
<column name="icmp_ln106_reg_5098">1, 0, 1, 0</column>
<column name="in_addr_reg_5075">6, 0, 6, 0</column>
<column name="ivec_addr14_reg_6417">3, 0, 3, 0</column>
<column name="l_0_reg_796">32, 0, 32, 0</column>
<column name="l_10_reg_5102">32, 0, 32, 0</column>
<column name="l_11_reg_5263">32, 0, 32, 0</column>
<column name="l_12_reg_5427">32, 0, 32, 0</column>
<column name="l_13_reg_5591">32, 0, 32, 0</column>
<column name="l_14_reg_5742">32, 0, 32, 0</column>
<column name="l_15_reg_5912">32, 0, 32, 0</column>
<column name="l_16_reg_6076">32, 0, 32, 0</column>
<column name="l_17_reg_6240">32, 0, 32, 0</column>
<column name="l_reg_5085">32, 0, 32, 0</column>
<column name="lshr_ln17_reg_5278">8, 0, 8, 0</column>
<column name="lshr_ln18_reg_5360">8, 0, 8, 0</column>
<column name="lshr_ln19_reg_5442">8, 0, 8, 0</column>
<column name="lshr_ln20_reg_5524">8, 0, 8, 0</column>
<column name="lshr_ln21_reg_5606">8, 0, 8, 0</column>
<column name="lshr_ln22_reg_5682">8, 0, 8, 0</column>
<column name="lshr_ln23_reg_5763">8, 0, 8, 0</column>
<column name="lshr_ln24_reg_5845">8, 0, 8, 0</column>
<column name="lshr_ln25_reg_5927">8, 0, 8, 0</column>
<column name="lshr_ln26_reg_6009">8, 0, 8, 0</column>
<column name="lshr_ln27_reg_6091">8, 0, 8, 0</column>
<column name="lshr_ln28_reg_6173">8, 0, 8, 0</column>
<column name="lshr_ln29_reg_6255">8, 0, 8, 0</column>
<column name="lshr_ln30_reg_6332">8, 0, 8, 0</column>
<column name="num_write_assign_reg_786">32, 0, 32, 0</column>
<column name="out_addr_reg_5080">6, 0, 6, 0</column>
<column name="p_01_rec_reg_805">32, 0, 32, 0</column>
<column name="r_10_reg_5191">32, 0, 32, 0</column>
<column name="r_11_reg_5345">32, 0, 32, 0</column>
<column name="r_12_reg_5509">32, 0, 32, 0</column>
<column name="r_13_reg_5661">32, 0, 32, 0</column>
<column name="r_14_reg_5830">32, 0, 32, 0</column>
<column name="r_15_reg_5994">32, 0, 32, 0</column>
<column name="r_16_reg_6158">32, 0, 32, 0</column>
<column name="r_17_reg_6317">32, 0, 32, 0</column>
<column name="reg_822">8, 0, 8, 0</column>
<column name="reg_827">8, 0, 8, 0</column>
<column name="reg_831">32, 0, 32, 0</column>
<column name="trunc_ln100_1_reg_5452">8, 0, 8, 0</column>
<column name="trunc_ln100_28_reg_5497">8, 0, 8, 0</column>
<column name="trunc_ln100_s_reg_5447">8, 0, 8, 0</column>
<column name="trunc_ln101_1_reg_5534">8, 0, 8, 0</column>
<column name="trunc_ln101_28_reg_5579">8, 0, 8, 0</column>
<column name="trunc_ln101_s_reg_5529">8, 0, 8, 0</column>
<column name="trunc_ln102_1_reg_5616">8, 0, 8, 0</column>
<column name="trunc_ln102_s_reg_5611">8, 0, 8, 0</column>
<column name="trunc_ln103_1_reg_5692">8, 0, 8, 0</column>
<column name="trunc_ln103_s_reg_5687">8, 0, 8, 0</column>
<column name="trunc_ln104_1_reg_5773">8, 0, 8, 0</column>
<column name="trunc_ln104_28_reg_5818">8, 0, 8, 0</column>
<column name="trunc_ln104_s_reg_5768">8, 0, 8, 0</column>
<column name="trunc_ln105_1_reg_5855">8, 0, 8, 0</column>
<column name="trunc_ln105_28_reg_5900">8, 0, 8, 0</column>
<column name="trunc_ln105_s_reg_5850">8, 0, 8, 0</column>
<column name="trunc_ln106_1_reg_5937">8, 0, 8, 0</column>
<column name="trunc_ln106_28_reg_5982">8, 0, 8, 0</column>
<column name="trunc_ln106_s_reg_5932">8, 0, 8, 0</column>
<column name="trunc_ln107_1_reg_6019">8, 0, 8, 0</column>
<column name="trunc_ln107_28_reg_6064">8, 0, 8, 0</column>
<column name="trunc_ln107_s_reg_6014">8, 0, 8, 0</column>
<column name="trunc_ln108_1_reg_6101">8, 0, 8, 0</column>
<column name="trunc_ln108_28_reg_6146">8, 0, 8, 0</column>
<column name="trunc_ln108_s_reg_6096">8, 0, 8, 0</column>
<column name="trunc_ln109_1_reg_6183">8, 0, 8, 0</column>
<column name="trunc_ln109_28_reg_6228">8, 0, 8, 0</column>
<column name="trunc_ln109_s_reg_6178">8, 0, 8, 0</column>
<column name="trunc_ln110_1_reg_6265">8, 0, 8, 0</column>
<column name="trunc_ln110_28_reg_6305">8, 0, 8, 0</column>
<column name="trunc_ln110_s_reg_6260">8, 0, 8, 0</column>
<column name="trunc_ln111_5_reg_6337">8, 0, 8, 0</column>
<column name="trunc_ln111_s_reg_6342">8, 0, 8, 0</column>
<column name="trunc_ln115_2_reg_6362">8, 0, 8, 0</column>
<column name="trunc_ln117_1_reg_6402">8, 0, 8, 0</column>
<column name="trunc_ln117_2_reg_6407">8, 0, 8, 0</column>
<column name="trunc_ln16_reg_6397">8, 0, 8, 0</column>
<column name="trunc_ln96_1_reg_5134">8, 0, 8, 0</column>
<column name="trunc_ln96_31_reg_5185">8, 0, 8, 0</column>
<column name="trunc_ln97_1_reg_5216">8, 0, 8, 0</column>
<column name="trunc_ln97_28_reg_5251">8, 0, 8, 0</column>
<column name="trunc_ln98_1_reg_5288">8, 0, 8, 0</column>
<column name="trunc_ln98_28_reg_5333">8, 0, 8, 0</column>
<column name="trunc_ln98_s_reg_5283">8, 0, 8, 0</column>
<column name="trunc_ln99_1_reg_5370">8, 0, 8, 0</column>
<column name="trunc_ln99_28_reg_5415">8, 0, 8, 0</column>
<column name="trunc_ln99_s_reg_5365">8, 0, 8, 0</column>
<column name="xor_ln100_19_reg_5514">16, 0, 16, 0</column>
<column name="xor_ln100_20_reg_5519">24, 0, 24, 0</column>
<column name="xor_ln100_21_reg_5549">8, 0, 8, 0</column>
<column name="xor_ln101_19_reg_5596">16, 0, 16, 0</column>
<column name="xor_ln101_20_reg_5601">24, 0, 24, 0</column>
<column name="xor_ln101_21_reg_5631">8, 0, 8, 0</column>
<column name="xor_ln102_19_reg_5666">16, 0, 16, 0</column>
<column name="xor_ln102_20_reg_5671">24, 0, 24, 0</column>
<column name="xor_ln102_21_reg_5676">8, 0, 8, 0</column>
<column name="xor_ln103_19_reg_5747">16, 0, 16, 0</column>
<column name="xor_ln103_20_reg_5752">24, 0, 24, 0</column>
<column name="xor_ln103_21_reg_5757">8, 0, 8, 0</column>
<column name="xor_ln104_19_reg_5835">16, 0, 16, 0</column>
<column name="xor_ln104_20_reg_5840">24, 0, 24, 0</column>
<column name="xor_ln104_21_reg_5870">8, 0, 8, 0</column>
<column name="xor_ln105_19_reg_5917">16, 0, 16, 0</column>
<column name="xor_ln105_20_reg_5922">24, 0, 24, 0</column>
<column name="xor_ln105_21_reg_5952">8, 0, 8, 0</column>
<column name="xor_ln106_19_reg_5999">16, 0, 16, 0</column>
<column name="xor_ln106_20_reg_6004">24, 0, 24, 0</column>
<column name="xor_ln106_21_reg_6034">8, 0, 8, 0</column>
<column name="xor_ln107_19_reg_6081">16, 0, 16, 0</column>
<column name="xor_ln107_20_reg_6086">24, 0, 24, 0</column>
<column name="xor_ln107_21_reg_6116">8, 0, 8, 0</column>
<column name="xor_ln108_19_reg_6163">16, 0, 16, 0</column>
<column name="xor_ln108_20_reg_6168">24, 0, 24, 0</column>
<column name="xor_ln108_21_reg_6198">8, 0, 8, 0</column>
<column name="xor_ln109_19_reg_6245">16, 0, 16, 0</column>
<column name="xor_ln109_20_reg_6250">24, 0, 24, 0</column>
<column name="xor_ln110_19_reg_6322">16, 0, 16, 0</column>
<column name="xor_ln110_20_reg_6327">24, 0, 24, 0</column>
<column name="xor_ln110_21_reg_6347">8, 0, 8, 0</column>
<column name="xor_ln115_8_reg_5697">8, 0, 8, 0</column>
<column name="xor_ln115_reg_6367">8, 0, 8, 0</column>
<column name="xor_ln117_7_reg_5778">8, 0, 8, 0</column>
<column name="xor_ln117_reg_6412">8, 0, 8, 0</column>
<column name="xor_ln94_4_reg_5107">16, 0, 16, 0</column>
<column name="xor_ln94_5_reg_5112">24, 0, 24, 0</column>
<column name="xor_ln94_6_reg_5117">8, 0, 8, 0</column>
<column name="xor_ln96_19_reg_5196">16, 0, 16, 0</column>
<column name="xor_ln96_20_reg_5201">24, 0, 24, 0</column>
<column name="xor_ln96_21_reg_5221">8, 0, 8, 0</column>
<column name="xor_ln97_19_reg_5268">16, 0, 16, 0</column>
<column name="xor_ln97_20_reg_5273">24, 0, 24, 0</column>
<column name="xor_ln97_21_reg_5303">8, 0, 8, 0</column>
<column name="xor_ln98_19_reg_5350">16, 0, 16, 0</column>
<column name="xor_ln98_20_reg_5355">24, 0, 24, 0</column>
<column name="xor_ln98_21_reg_5385">8, 0, 8, 0</column>
<column name="xor_ln99_19_reg_5432">16, 0, 16, 0</column>
<column name="xor_ln99_20_reg_5437">24, 0, 24, 0</column>
<column name="xor_ln99_21_reg_5467">8, 0, 8, 0</column>
<column name="zext_ln124_reg_6423">3, 0, 32, 29</column>
</table>
</item>
</section>
</item>
</section>

<section name = "Interface" level="0">
<item name = "Summary"><table name="" hasTotal="0">
<keys size="6">RTL Ports, Dir, Bits, Protocol, Source Object, C Type</keys>
<column name="ap_clk">in, 1, ap_ctrl_hs, BF_cfb64_encrypt, return value</column>
<column name="ap_rst">in, 1, ap_ctrl_hs, BF_cfb64_encrypt, return value</column>
<column name="ap_start">in, 1, ap_ctrl_hs, BF_cfb64_encrypt, return value</column>
<column name="ap_done">out, 1, ap_ctrl_hs, BF_cfb64_encrypt, return value</column>
<column name="ap_idle">out, 1, ap_ctrl_hs, BF_cfb64_encrypt, return value</column>
<column name="ap_ready">out, 1, ap_ctrl_hs, BF_cfb64_encrypt, return value</column>
<column name="ap_return">out, 32, ap_ctrl_hs, BF_cfb64_encrypt, return value</column>
<column name="in_r_address0">out, 6, ap_memory, in_r, array</column>
<column name="in_r_ce0">out, 1, ap_memory, in_r, array</column>
<column name="in_r_q0">in, 7, ap_memory, in_r, array</column>
<column name="out_r_address0">out, 6, ap_memory, out_r, array</column>
<column name="out_r_ce0">out, 1, ap_memory, out_r, array</column>
<column name="out_r_we0">out, 1, ap_memory, out_r, array</column>
<column name="out_r_d0">out, 8, ap_memory, out_r, array</column>
<column name="length_r">in, 7, ap_none, length_r, scalar</column>
<column name="ivec_address0">out, 3, ap_memory, ivec, array</column>
<column name="ivec_ce0">out, 1, ap_memory, ivec, array</column>
<column name="ivec_we0">out, 1, ap_memory, ivec, array</column>
<column name="ivec_d0">out, 8, ap_memory, ivec, array</column>
<column name="ivec_q0">in, 8, ap_memory, ivec, array</column>
<column name="ivec_address1">out, 3, ap_memory, ivec, array</column>
<column name="ivec_ce1">out, 1, ap_memory, ivec, array</column>
<column name="ivec_we1">out, 1, ap_memory, ivec, array</column>
<column name="ivec_d1">out, 8, ap_memory, ivec, array</column>
<column name="ivec_q1">in, 8, ap_memory, ivec, array</column>
<column name="num_read">in, 32, ap_none, num_read, scalar</column>
<column name="key_S_address0">out, 10, ap_memory, key_S, array</column>
<column name="key_S_ce0">out, 1, ap_memory, key_S, array</column>
<column name="key_S_q0">in, 32, ap_memory, key_S, array</column>
<column name="key_S_address1">out, 10, ap_memory, key_S, array</column>
<column name="key_S_ce1">out, 1, ap_memory, key_S, array</column>
<column name="key_S_q1">in, 32, ap_memory, key_S, array</column>
<column name="key_P_address0">out, 5, ap_memory, key_P, array</column>
<column name="key_P_ce0">out, 1, ap_memory, key_P, array</column>
<column name="key_P_q0">in, 32, ap_memory, key_P, array</column>
</table>
</item>
</section>
</profile>
