<stg><name>blowfish_main</name>


<trans_list>

<trans id="107" from="1" to="2">
<condition id="-1">
<or_exp><and_exp></and_exp></or_exp>
</condition>
</trans>

<trans id="128" from="2" to="3">
<condition id="-1">
<or_exp><and_exp><literal name="icmp_ln837" val="1"/>
</and_exp></or_exp>
</condition>
</trans>

<trans id="129" from="2" to="2">
<condition id="-1">
<or_exp><and_exp><literal name="icmp_ln837" val="0"/>
</and_exp></or_exp>
</condition>
</trans>

<trans id="110" from="3" to="4">
<condition id="-1">
<or_exp><and_exp></and_exp></or_exp>
</condition>
</trans>

<trans id="111" from="4" to="5">
<condition id="-1">
<or_exp><and_exp></and_exp></or_exp>
</condition>
</trans>

<trans id="112" from="5" to="6">
<condition id="-1">
<or_exp><and_exp><literal name="icmp_ln846" val="1"/>
</and_exp></or_exp>
</condition>
</trans>

<trans id="114" from="6" to="7">
<condition id="-1">
<or_exp><and_exp></and_exp></or_exp>
</condition>
</trans>

<trans id="132" from="7" to="9">
<condition id="-1">
<or_exp><and_exp><literal name="exitcond1" val="1"/>
</and_exp></or_exp>
</condition>
</trans>

<trans id="133" from="7" to="8">
<condition id="-1">
<or_exp><and_exp><literal name="exitcond1" val="0"/>
</and_exp></or_exp>
</condition>
</trans>

<trans id="131" from="8" to="7">
<condition id="-1">
<or_exp><and_exp></and_exp></or_exp>
</condition>
</trans>

<trans id="119" from="9" to="10">
<condition id="-1">
<or_exp><and_exp></and_exp></or_exp>
</condition>
</trans>

<trans id="120" from="10" to="11">
<condition id="-1">
<or_exp><and_exp></and_exp></or_exp>
</condition>
</trans>

<trans id="137" from="11" to="14">
<condition id="-1">
<or_exp><and_exp><literal name="icmp_ln859" val="1"/>
</and_exp></or_exp>
</condition>
</trans>

<trans id="138" from="11" to="12">
<condition id="-1">
<or_exp><and_exp><literal name="icmp_ln859" val="0"/>
</and_exp></or_exp>
</condition>
</trans>

<trans id="135" from="12" to="13">
<condition id="-1">
<or_exp><and_exp></and_exp></or_exp>
</condition>
</trans>

<trans id="136" from="13" to="11">
<condition id="-1">
<or_exp><and_exp></and_exp></or_exp>
</condition>
</trans>

<trans id="126" from="14" to="5">
<condition id="-1">
<or_exp><and_exp></and_exp></or_exp>
</condition>
</trans>
</trans_list>



<state_list>

<state id="1" st_id="1">

<operation id="15" st_id="1" stage="1" lat="1">
<core>NULL</core>
<MemPortIdVec></MemPortIdVec>
<condition id="-1">
<or_exp><and_exp></and_exp></or_exp>
</condition>

<Node id="8" bw="0" op_0_bw="0" op_1_bw="32">
<![CDATA[
:0  call void (...)* @_ssdm_op_SpecBitsMap(i32 0) nounwind, !map !73

]]></Node>
<StgValue><ssdm name="specbitsmap_ln0"/></StgValue>
</operation>

<operation id="16" st_id="1" stage="1" lat="1">
<core>NULL</core>
<MemPortIdVec></MemPortIdVec>
<condition id="-1">
<or_exp><and_exp></and_exp></or_exp>
</condition>

<Node id="9" bw="0" op_0_bw="0" op_1_bw="0">
<![CDATA[
:1  call void (...)* @_ssdm_op_SpecTopModule([14 x i8]* @blowfish_main_str) nounwind

]]></Node>
<StgValue><ssdm name="spectopmodule_ln0"/></StgValue>
</operation>

<operation id="17" st_id="1" stage="1" lat="1">
<core>RAM</core>
<MemPortIdVec></MemPortIdVec>
<condition id="-1">
<or_exp><and_exp></and_exp></or_exp>
</condition>

<Node id="10" bw="7" op_0_bw="64">
<![CDATA[
:2  %indata = alloca [40 x i7], align 1

]]></Node>
<StgValue><ssdm name="indata"/><MemPortTyVec>2 3 </MemPortTyVec>
</StgValue>
</operation>

<operation id="18" st_id="1" stage="1" lat="1">
<core>RAM</core>
<MemPortIdVec></MemPortIdVec>
<condition id="-1">
<or_exp><and_exp></and_exp></or_exp>
</condition>

<Node id="11" bw="8" op_0_bw="64">
<![CDATA[
:3  %outdata = alloca [40 x i8], align 16

]]></Node>
<StgValue><ssdm name="outdata"/><MemPortTyVec>2 3 </MemPortTyVec>
</StgValue>
</operation>

<operation id="19" st_id="1" stage="1" lat="1">
<core>RAM</core>
<MemPortIdVec></MemPortIdVec>
<condition id="-1">
<or_exp><and_exp></and_exp></or_exp>
</condition>

<Node id="12" bw="8" op_0_bw="64">
<![CDATA[
:4  %ivec = alloca [8 x i8], align 1

]]></Node>
<StgValue><ssdm name="ivec"/><MemPortTyVec>2 2 </MemPortTyVec>
</StgValue>
</operation>

<operation id="20" st_id="1" stage="1" lat="1">
<core>NULL</core>
<MemPortIdVec></MemPortIdVec>
<condition id="-1">
<or_exp><and_exp></and_exp></or_exp>
</condition>

<Node id="13" bw="0" op_0_bw="0">
<![CDATA[
:5  br label %1

]]></Node>
<StgValue><ssdm name="br_ln837"/></StgValue>
</operation>
</state>

<state id="2" st_id="2">

<operation id="21" st_id="2" stage="1" lat="1">
<core>NULL</core>
<MemPortIdVec></MemPortIdVec>
<condition id="-1">
<or_exp><and_exp></and_exp></or_exp>
</condition>

<Node id="15" bw="4" op_0_bw="4" op_1_bw="0" op_2_bw="4" op_3_bw="0">
<![CDATA[
:0  %i_0 = phi i4 [ 0, %0 ], [ %i, %hls_label_4 ]

]]></Node>
<StgValue><ssdm name="i_0"/></StgValue>
</operation>

<operation id="22" st_id="2" stage="1" lat="1">
<core>Cmp</core>
<MemPortIdVec></MemPortIdVec>
<condition id="-1">
<or_exp><and_exp></and_exp></or_exp>
</condition>

<Node id="16" bw="1" op_0_bw="4" op_1_bw="4">
<![CDATA[
:1  %icmp_ln837 = icmp eq i4 %i_0, -8

]]></Node>
<StgValue><ssdm name="icmp_ln837"/></StgValue>
</operation>

<operation id="23" st_id="2" stage="1" lat="1">
<core>NULL</core>
<MemPortIdVec></MemPortIdVec>
<condition id="-1">
<or_exp><and_exp></and_exp></or_exp>
</condition>

<Node id="17" bw="0" op_0_bw="0" op_1_bw="64" op_2_bw="64" op_3_bw="64">
<![CDATA[
:2  call void (...)* @_ssdm_op_SpecLoopTripCount(i64 8, i64 8, i64 8)

]]></Node>
<StgValue><ssdm name="speclooptripcount_ln0"/></StgValue>
</operation>

<operation id="24" st_id="2" stage="1" lat="1">
<core>AddSub</core>
<MemPortIdVec></MemPortIdVec>
<condition id="-1">
<or_exp><and_exp></and_exp></or_exp>
</condition>

<Node id="18" bw="4" op_0_bw="4" op_1_bw="4">
<![CDATA[
:3  %i = add i4 %i_0, 1

]]></Node>
<StgValue><ssdm name="i"/></StgValue>
</operation>

<operation id="25" st_id="2" stage="1" lat="1">
<core>NULL</core>
<MemPortIdVec></MemPortIdVec>
<condition id="-1">
<or_exp><and_exp></and_exp></or_exp>
</condition>

<Node id="19" bw="0" op_0_bw="1" op_1_bw="0" op_2_bw="0">
<![CDATA[
:4  br i1 %icmp_ln837, label %2, label %hls_label_4

]]></Node>
<StgValue><ssdm name="br_ln837"/></StgValue>
</operation>

<operation id="26" st_id="2" stage="1" lat="1">
<core>NULL</core>
<MemPortIdVec></MemPortIdVec>
<condition id="-1">
<or_exp><and_exp><literal name="icmp_ln837" val="0"/>
</and_exp></or_exp>
</condition>

<Node id="21" bw="32" op_0_bw="32" op_1_bw="0">
<![CDATA[
hls_label_4:0  %tmp = call i32 (...)* @_ssdm_op_SpecRegionBegin([12 x i8]* @p_str514) nounwind

]]></Node>
<StgValue><ssdm name="tmp"/></StgValue>
</operation>

<operation id="27" st_id="2" stage="1" lat="1">
<core>NULL</core>
<MemPortIdVec></MemPortIdVec>
<condition id="-1">
<or_exp><and_exp><literal name="icmp_ln837" val="0"/>
</and_exp></or_exp>
</condition>

<Node id="22" bw="0" op_0_bw="0" op_1_bw="32" op_2_bw="32" op_3_bw="32" op_4_bw="32" op_5_bw="0">
<![CDATA[
hls_label_4:1  call void (...)* @_ssdm_op_SpecPipeline(i32 -1, i32 1, i32 1, i32 0, [1 x i8]* @p_str110) nounwind

]]></Node>
<StgValue><ssdm name="specpipeline_ln839"/></StgValue>
</operation>

<operation id="28" st_id="2" stage="1" lat="1">
<core>NULL</core>
<MemPortIdVec></MemPortIdVec>
<condition id="-1">
<or_exp><and_exp><literal name="icmp_ln837" val="0"/>
</and_exp></or_exp>
</condition>

<Node id="23" bw="64" op_0_bw="4">
<![CDATA[
hls_label_4:2  %zext_ln841 = zext i4 %i_0 to i64

]]></Node>
<StgValue><ssdm name="zext_ln841"/></StgValue>
</operation>

<operation id="29" st_id="2" stage="1" lat="1">
<core>NULL</core>
<MemPortIdVec></MemPortIdVec>
<condition id="-1">
<or_exp><and_exp><literal name="icmp_ln837" val="0"/>
</and_exp></or_exp>
</condition>

<Node id="24" bw="3" op_0_bw="8" op_1_bw="64" op_2_bw="64">
<![CDATA[
hls_label_4:3  %ivec_addr = getelementptr inbounds [8 x i8]* %ivec, i64 0, i64 %zext_ln841

]]></Node>
<StgValue><ssdm name="ivec_addr"/></StgValue>
</operation>

<operation id="30" st_id="2" stage="1" lat="1">
<core>RAM</core>
<MemPortIdVec>0 </MemPortIdVec>
<condition id="-1">
<or_exp><and_exp><literal name="icmp_ln837" val="0"/>
</and_exp></or_exp>
</condition>

<Node id="25" bw="0" op_0_bw="8" op_1_bw="3">
<![CDATA[
hls_label_4:4  store i8 0, i8* %ivec_addr, align 1

]]></Node>
<StgValue><ssdm name="store_ln842"/></StgValue>
</operation>

<operation id="31" st_id="2" stage="1" lat="1">
<core>NULL</core>
<MemPortIdVec></MemPortIdVec>
<condition id="-1">
<or_exp><and_exp><literal name="icmp_ln837" val="0"/>
</and_exp></or_exp>
</condition>

<Node id="26" bw="32" op_0_bw="32" op_1_bw="0" op_2_bw="32">
<![CDATA[
hls_label_4:5  %empty = call i32 (...)* @_ssdm_op_SpecRegionEnd([12 x i8]* @p_str514, i32 %tmp) nounwind

]]></Node>
<StgValue><ssdm name="empty"/></StgValue>
</operation>

<operation id="32" st_id="2" stage="1" lat="1">
<core>NULL</core>
<MemPortIdVec></MemPortIdVec>
<condition id="-1">
<or_exp><and_exp><literal name="icmp_ln837" val="0"/>
</and_exp></or_exp>
</condition>

<Node id="27" bw="0" op_0_bw="0">
<![CDATA[
hls_label_4:6  br label %1

]]></Node>
<StgValue><ssdm name="br_ln837"/></StgValue>
</operation>
</state>

<state id="3" st_id="3">

<operation id="33" st_id="3" stage="1" lat="1">
<core>NULL</core>
<MemPortIdVec></MemPortIdVec>
<condition id="-1">
<or_exp><and_exp></and_exp></or_exp>
</condition>

<Node id="29" bw="32" op_0_bw="32">
<![CDATA[
:0  %check_1 = alloca i32

]]></Node>
<StgValue><ssdm name="check_1"/></StgValue>
</operation>

<operation id="34" st_id="3" stage="2" lat="2">
<core></core>
<MemPortIdVec></MemPortIdVec>
<condition id="-1">
<or_exp><and_exp></and_exp></or_exp>
</condition>

<Node id="30" bw="0" op_0_bw="0" op_1_bw="8" op_2_bw="32" op_3_bw="32" op_4_bw="32" op_5_bw="32">
<![CDATA[
:1  call fastcc void @BF_set_key([8 x i8]* @ukey) nounwind

]]></Node>
<StgValue><ssdm name="call_ln844"/></StgValue>
</operation>

<operation id="35" st_id="3" stage="1" lat="1">
<core>NULL</core>
<MemPortIdVec></MemPortIdVec>
<condition id="-1">
<or_exp><and_exp></and_exp></or_exp>
</condition>

<Node id="31" bw="0" op_0_bw="32" op_1_bw="32">
<![CDATA[
:2  store i32 0, i32* %check_1

]]></Node>
<StgValue><ssdm name="store_ln846"/></StgValue>
</operation>
</state>

<state id="4" st_id="4">

<operation id="36" st_id="4" stage="1" lat="2">
<core></core>
<MemPortIdVec></MemPortIdVec>
<condition id="-1">
<or_exp><and_exp></and_exp></or_exp>
</condition>

<Node id="30" bw="0" op_0_bw="0" op_1_bw="8" op_2_bw="32" op_3_bw="32" op_4_bw="32" op_5_bw="32">
<![CDATA[
:1  call fastcc void @BF_set_key([8 x i8]* @ukey) nounwind

]]></Node>
<StgValue><ssdm name="call_ln844"/></StgValue>
</operation>

<operation id="37" st_id="4" stage="1" lat="1">
<core>NULL</core>
<MemPortIdVec></MemPortIdVec>
<condition id="-1">
<or_exp><and_exp></and_exp></or_exp>
</condition>

<Node id="32" bw="0" op_0_bw="0">
<![CDATA[
:3  br label %3

]]></Node>
<StgValue><ssdm name="br_ln846"/></StgValue>
</operation>
</state>

<state id="5" st_id="5">

<operation id="38" st_id="5" stage="1" lat="1">
<core>NULL</core>
<MemPortIdVec></MemPortIdVec>
<condition id="-1">
<or_exp><and_exp></and_exp></or_exp>
</condition>

<Node id="34" bw="32" op_0_bw="32" op_1_bw="0" op_2_bw="32" op_3_bw="0">
<![CDATA[
:0  %num_0 = phi i32 [ 0, %2 ], [ %num, %hls_label_5_end ]

]]></Node>
<StgValue><ssdm name="num_0"/></StgValue>
</operation>

<operation id="39" st_id="5" stage="1" lat="1">
<core>NULL</core>
<MemPortIdVec></MemPortIdVec>
<condition id="-1">
<or_exp><and_exp></and_exp></or_exp>
</condition>

<Node id="35" bw="32" op_0_bw="32" op_1_bw="0" op_2_bw="32" op_3_bw="0">
<![CDATA[
:1  %l_0 = phi i32 [ 0, %2 ], [ %sub_ln851, %hls_label_5_end ]

]]></Node>
<StgValue><ssdm name="l_0"/></StgValue>
</operation>

<operation id="40" st_id="5" stage="1" lat="1">
<core>NULL</core>
<MemPortIdVec></MemPortIdVec>
<condition id="-1">
<or_exp><and_exp></and_exp></or_exp>
</condition>

<Node id="36" bw="32" op_0_bw="32" op_1_bw="0" op_2_bw="32" op_3_bw="0">
<![CDATA[
:2  %k_0 = phi i32 [ 0, %2 ], [ %k, %hls_label_5_end ]

]]></Node>
<StgValue><ssdm name="k_0"/></StgValue>
</operation>

<operation id="41" st_id="5" stage="1" lat="1">
<core>Cmp</core>
<MemPortIdVec></MemPortIdVec>
<condition id="-1">
<or_exp><and_exp></and_exp></or_exp>
</condition>

<Node id="37" bw="1" op_0_bw="32" op_1_bw="32">
<![CDATA[
:3  %icmp_ln846 = icmp slt i32 %k_0, 5200

]]></Node>
<StgValue><ssdm name="icmp_ln846"/></StgValue>
</operation>

<operation id="42" st_id="5" stage="1" lat="1">
<core>NULL</core>
<MemPortIdVec></MemPortIdVec>
<condition id="-1">
<or_exp><and_exp></and_exp></or_exp>
</condition>

<Node id="38" bw="0" op_0_bw="1" op_1_bw="0" op_2_bw="0">
<![CDATA[
:4  br i1 %icmp_ln846, label %hls_label_5_begin, label %7

]]></Node>
<StgValue><ssdm name="br_ln846"/></StgValue>
</operation>

<operation id="43" st_id="5" stage="1" lat="1">
<core>AddSub</core>
<MemPortIdVec></MemPortIdVec>
<condition id="-1">
<or_exp><and_exp><literal name="icmp_ln846" val="1"/>
</and_exp></or_exp>
</condition>

<Node id="45" bw="32" op_0_bw="32" op_1_bw="32">
<![CDATA[
hls_label_5_begin:5  %add_ln851_2 = add i32 -5201, %k_0

]]></Node>
<StgValue><ssdm name="add_ln851_2"/></StgValue>
</operation>

<operation id="44" st_id="5" stage="1" lat="1">
<core>Cmp</core>
<MemPortIdVec></MemPortIdVec>
<condition id="-1">
<or_exp><and_exp><literal name="icmp_ln846" val="1"/>
</and_exp></or_exp>
</condition>

<Node id="47" bw="1" op_0_bw="32" op_1_bw="32">
<![CDATA[
hls_label_5_begin:7  %empty_9 = icmp ugt i32 %add_ln851_2, -41

]]></Node>
<StgValue><ssdm name="empty_9"/></StgValue>
</operation>

<operation id="45" st_id="5" stage="1" lat="1">
<core>NULL</core>
<MemPortIdVec></MemPortIdVec>
<condition id="-1">
<or_exp><and_exp><literal name="icmp_ln846" val="0"/>
</and_exp></or_exp>
</condition>

<Node id="105" bw="32" op_0_bw="32" op_1_bw="0">
<![CDATA[
:0  %check_1_load = load i32* %check_1

]]></Node>
<StgValue><ssdm name="check_1_load"/></StgValue>
</operation>

<operation id="46" st_id="5" stage="1" lat="1">
<core>NULL</core>
<MemPortIdVec></MemPortIdVec>
<condition id="-1">
<or_exp><and_exp><literal name="icmp_ln846" val="0"/>
</and_exp></or_exp>
</condition>

<Node id="106" bw="0" op_0_bw="32">
<![CDATA[
:1  ret i32 %check_1_load

]]></Node>
<StgValue><ssdm name="ret_ln867"/></StgValue>
</operation>
</state>

<state id="6" st_id="6">

<operation id="47" st_id="6" stage="1" lat="1">
<core>NULL</core>
<MemPortIdVec></MemPortIdVec>
<condition id="-1">
<or_exp><and_exp></and_exp></or_exp>
</condition>

<Node id="40" bw="32" op_0_bw="32" op_1_bw="0">
<![CDATA[
hls_label_5_begin:0  %tmp_1 = call i32 (...)* @_ssdm_op_SpecRegionBegin([12 x i8]* @p_str615) nounwind

]]></Node>
<StgValue><ssdm name="tmp_1"/></StgValue>
</operation>

<operation id="48" st_id="6" stage="1" lat="1">
<core>NULL</core>
<MemPortIdVec></MemPortIdVec>
<condition id="-1">
<or_exp><and_exp></and_exp></or_exp>
</condition>

<Node id="41" bw="0" op_0_bw="0" op_1_bw="32" op_2_bw="32" op_3_bw="32" op_4_bw="0">
<![CDATA[
hls_label_5_begin:1  call void (...)* @_ssdm_op_SpecLoopTripCount(i32 1, i32 5200, i32 2600, [1 x i8]* @p_str110) nounwind

]]></Node>
<StgValue><ssdm name="speclooptripcount_ln848"/></StgValue>
</operation>

<operation id="49" st_id="6" stage="1" lat="1">
<core>NULL</core>
<MemPortIdVec></MemPortIdVec>
<condition id="-1">
<or_exp><and_exp></and_exp></or_exp>
</condition>

<Node id="42" bw="0" op_0_bw="0" op_1_bw="32" op_2_bw="32" op_3_bw="32" op_4_bw="32" op_5_bw="0">
<![CDATA[
hls_label_5_begin:2  call void (...)* @_ssdm_op_SpecPipeline(i32 -1, i32 1, i32 1, i32 0, [1 x i8]* @p_str110) nounwind

]]></Node>
<StgValue><ssdm name="specpipeline_ln849"/></StgValue>
</operation>

<operation id="50" st_id="6" stage="1" lat="1">
<core>TAddSub</core>
<MemPortIdVec></MemPortIdVec>
<condition id="-1">
<or_exp><and_exp></and_exp></or_exp>
</condition>

<Node id="43" bw="32" op_0_bw="32" op_1_bw="32">
<![CDATA[
hls_label_5_begin:3  %add_ln851 = add i32 -1, %k_0

]]></Node>
<StgValue><ssdm name="add_ln851"/></StgValue>
</operation>

<operation id="51" st_id="6" stage="1" lat="1">
<core>NULL</core>
<MemPortIdVec></MemPortIdVec>
<condition id="-1">
<or_exp><and_exp><literal name="empty_9" val="1"/>
</and_exp></or_exp>
</condition>

<Node id="44" bw="7" op_0_bw="32">
<![CDATA[
hls_label_5_begin:4  %trunc_ln851 = trunc i32 %k_0 to i7

]]></Node>
<StgValue><ssdm name="trunc_ln851"/></StgValue>
</operation>

<operation id="52" st_id="6" stage="1" lat="1">
<core>AddSub</core>
<MemPortIdVec></MemPortIdVec>
<condition id="-1">
<or_exp><and_exp><literal name="empty_9" val="1"/>
</and_exp></or_exp>
</condition>

<Node id="46" bw="7" op_0_bw="7" op_1_bw="7">
<![CDATA[
hls_label_5_begin:6  %add_ln851_2_cast = add i7 47, %trunc_ln851

]]></Node>
<StgValue><ssdm name="add_ln851_2_cast"/></StgValue>
</operation>

<operation id="53" st_id="6" stage="1" lat="1">
<core>Sel</core>
<MemPortIdVec></MemPortIdVec>
<condition id="-1">
<or_exp><and_exp></and_exp></or_exp>
</condition>

<Node id="48" bw="7" op_0_bw="1" op_1_bw="7" op_2_bw="7">
<![CDATA[
hls_label_5_begin:8  %umax = select i1 %empty_9, i7 %add_ln851_2_cast, i7 -41

]]></Node>
<StgValue><ssdm name="umax"/></StgValue>
</operation>

<operation id="54" st_id="6" stage="1" lat="1">
<core>NULL</core>
<MemPortIdVec></MemPortIdVec>
<condition id="-1">
<or_exp><and_exp></and_exp></or_exp>
</condition>

<Node id="49" bw="32" op_0_bw="7">
<![CDATA[
hls_label_5_begin:9  %umax_cast = sext i7 %umax to i32

]]></Node>
<StgValue><ssdm name="umax_cast"/></StgValue>
</operation>

<operation id="55" st_id="6" stage="1" lat="1">
<core>LogicGate</core>
<MemPortIdVec></MemPortIdVec>
<condition id="-1">
<or_exp><and_exp></and_exp></or_exp>
</condition>

<Node id="50" bw="7" op_0_bw="7" op_1_bw="7">
<![CDATA[
hls_label_5_begin:10  %i_1 = xor i7 %umax, -1

]]></Node>
<StgValue><ssdm name="i_1"/></StgValue>
</operation>

<operation id="56" st_id="6" stage="1" lat="1">
<core>TAddSub</core>
<MemPortIdVec></MemPortIdVec>
<condition id="-1">
<or_exp><and_exp></and_exp></or_exp>
</condition>

<Node id="51" bw="32" op_0_bw="32" op_1_bw="32">
<![CDATA[
hls_label_5_begin:11  %k = sub i32 %add_ln851, %umax_cast

]]></Node>
<StgValue><ssdm name="k"/></StgValue>
</operation>

<operation id="57" st_id="6" stage="1" lat="1">
<core>TAddSub</core>
<MemPortIdVec></MemPortIdVec>
<condition id="-1">
<or_exp><and_exp></and_exp></or_exp>
</condition>

<Node id="52" bw="32" op_0_bw="32" op_1_bw="32">
<![CDATA[
hls_label_5_begin:12  %add_ln851_1 = add i32 -1, %l_0

]]></Node>
<StgValue><ssdm name="add_ln851_1"/></StgValue>
</operation>

<operation id="58" st_id="6" stage="1" lat="1">
<core>TAddSub</core>
<MemPortIdVec></MemPortIdVec>
<condition id="-1">
<or_exp><and_exp></and_exp></or_exp>
</condition>

<Node id="53" bw="32" op_0_bw="32" op_1_bw="32">
<![CDATA[
hls_label_5_begin:13  %sub_ln851 = sub i32 %add_ln851_1, %umax_cast

]]></Node>
<StgValue><ssdm name="sub_ln851"/></StgValue>
</operation>

<operation id="59" st_id="6" stage="1" lat="1">
<core>NULL</core>
<MemPortIdVec></MemPortIdVec>
<condition id="-1">
<or_exp><and_exp></and_exp></or_exp>
</condition>

<Node id="54" bw="0" op_0_bw="0">
<![CDATA[
hls_label_5_begin:14  br label %4

]]></Node>
<StgValue><ssdm name="br_ln851"/></StgValue>
</operation>
</state>

<state id="7" st_id="7">

<operation id="60" st_id="7" stage="1" lat="1">
<core>NULL</core>
<MemPortIdVec></MemPortIdVec>
<condition id="-1">
<or_exp><and_exp></and_exp></or_exp>
</condition>

<Node id="56" bw="32" op_0_bw="32" op_1_bw="0" op_2_bw="32" op_3_bw="0">
<![CDATA[
:0  %k_1 = phi i32 [ %add_ln854, %hls_label_6 ], [ %k_0, %hls_label_5_begin ]

]]></Node>
<StgValue><ssdm name="k_1"/></StgValue>
</operation>

<operation id="61" st_id="7" stage="1" lat="1">
<core>NULL</core>
<MemPortIdVec></MemPortIdVec>
<condition id="-1">
<or_exp><and_exp></and_exp></or_exp>
</condition>

<Node id="57" bw="32" op_0_bw="32" op_1_bw="0" op_2_bw="32" op_3_bw="0">
<![CDATA[
:1  %i_2 = phi i32 [ %add_ln854_1, %hls_label_6 ], [ 0, %hls_label_5_begin ]

]]></Node>
<StgValue><ssdm name="i_2"/></StgValue>
</operation>

<operation id="62" st_id="7" stage="1" lat="1">
<core>Cmp</core>
<MemPortIdVec></MemPortIdVec>
<condition id="-1">
<or_exp><and_exp></and_exp></or_exp>
</condition>

<Node id="58" bw="1" op_0_bw="32" op_1_bw="32">
<![CDATA[
:2  %exitcond1 = icmp eq i32 %k_1, %k

]]></Node>
<StgValue><ssdm name="exitcond1"/></StgValue>
</operation>

<operation id="63" st_id="7" stage="1" lat="1">
<core>AddSub</core>
<MemPortIdVec></MemPortIdVec>
<condition id="-1">
<or_exp><and_exp></and_exp></or_exp>
</condition>

<Node id="59" bw="32" op_0_bw="32" op_1_bw="32">
<![CDATA[
:3  %add_ln854_1 = add nsw i32 %i_2, 1

]]></Node>
<StgValue><ssdm name="add_ln854_1"/></StgValue>
</operation>

<operation id="64" st_id="7" stage="1" lat="1">
<core>NULL</core>
<MemPortIdVec></MemPortIdVec>
<condition id="-1">
<or_exp><and_exp></and_exp></or_exp>
</condition>

<Node id="60" bw="0" op_0_bw="1" op_1_bw="0" op_2_bw="0">
<![CDATA[
:4  br i1 %exitcond1, label %5, label %hls_label_6

]]></Node>
<StgValue><ssdm name="br_ln854"/></StgValue>
</operation>

<operation id="65" st_id="7" stage="1" lat="1">
<core>AddSub</core>
<MemPortIdVec></MemPortIdVec>
<condition id="-1">
<or_exp><and_exp><literal name="exitcond1" val="0"/>
</and_exp></or_exp>
</condition>

<Node id="65" bw="32" op_0_bw="32" op_1_bw="32">
<![CDATA[
hls_label_6:3  %add_ln854 = add nsw i32 %k_1, 1

]]></Node>
<StgValue><ssdm name="add_ln854"/></StgValue>
</operation>

<operation id="66" st_id="7" stage="1" lat="1">
<core>NULL</core>
<MemPortIdVec></MemPortIdVec>
<condition id="-1">
<or_exp><and_exp><literal name="exitcond1" val="0"/>
</and_exp></or_exp>
</condition>

<Node id="66" bw="64" op_0_bw="32">
<![CDATA[
hls_label_6:4  %sext_ln854 = sext i32 %k_1 to i64

]]></Node>
<StgValue><ssdm name="sext_ln854"/></StgValue>
</operation>

<operation id="67" st_id="7" stage="1" lat="1">
<core>NULL</core>
<MemPortIdVec></MemPortIdVec>
<condition id="-1">
<or_exp><and_exp><literal name="exitcond1" val="0"/>
</and_exp></or_exp>
</condition>

<Node id="67" bw="13" op_0_bw="7" op_1_bw="64" op_2_bw="64">
<![CDATA[
hls_label_6:5  %in_key_addr = getelementptr [5200 x i7]* @in_key, i64 0, i64 %sext_ln854

]]></Node>
<StgValue><ssdm name="in_key_addr"/></StgValue>
</operation>

<operation id="68" st_id="7" stage="2" lat="2">
<core>ROM_nP</core>
<MemPortIdVec>0 </MemPortIdVec>
<condition id="-1">
<or_exp><and_exp><literal name="exitcond1" val="0"/>
</and_exp></or_exp>
</condition>

<Node id="68" bw="7" op_0_bw="13">
<![CDATA[
hls_label_6:6  %in_key_load = load i7* %in_key_addr, align 1

]]></Node>
<StgValue><ssdm name="in_key_load"/></StgValue>
</operation>
</state>

<state id="8" st_id="8">

<operation id="69" st_id="8" stage="1" lat="1">
<core>NULL</core>
<MemPortIdVec></MemPortIdVec>
<condition id="-1">
<or_exp><and_exp><literal name="exitcond1" val="0"/>
</and_exp></or_exp>
</condition>

<Node id="62" bw="32" op_0_bw="32" op_1_bw="0">
<![CDATA[
hls_label_6:0  %tmp_2 = call i32 (...)* @_ssdm_op_SpecRegionBegin([12 x i8]* @p_str716) nounwind

]]></Node>
<StgValue><ssdm name="tmp_2"/></StgValue>
</operation>

<operation id="70" st_id="8" stage="1" lat="1">
<core>NULL</core>
<MemPortIdVec></MemPortIdVec>
<condition id="-1">
<or_exp><and_exp><literal name="exitcond1" val="0"/>
</and_exp></or_exp>
</condition>

<Node id="63" bw="0" op_0_bw="0" op_1_bw="32" op_2_bw="32" op_3_bw="32" op_4_bw="0">
<![CDATA[
hls_label_6:1  call void (...)* @_ssdm_op_SpecLoopTripCount(i32 1, i32 5200, i32 2600, [1 x i8]* @p_str110) nounwind

]]></Node>
<StgValue><ssdm name="speclooptripcount_ln852"/></StgValue>
</operation>

<operation id="71" st_id="8" stage="1" lat="1">
<core>NULL</core>
<MemPortIdVec></MemPortIdVec>
<condition id="-1">
<or_exp><and_exp><literal name="exitcond1" val="0"/>
</and_exp></or_exp>
</condition>

<Node id="64" bw="0" op_0_bw="0" op_1_bw="32" op_2_bw="32" op_3_bw="32" op_4_bw="32" op_5_bw="0">
<![CDATA[
hls_label_6:2  call void (...)* @_ssdm_op_SpecPipeline(i32 -1, i32 1, i32 1, i32 0, [1 x i8]* @p_str110) nounwind

]]></Node>
<StgValue><ssdm name="specpipeline_ln853"/></StgValue>
</operation>

<operation id="72" st_id="8" stage="1" lat="2">
<core>ROM_nP</core>
<MemPortIdVec>0 </MemPortIdVec>
<condition id="-1">
<or_exp><and_exp><literal name="exitcond1" val="0"/>
</and_exp></or_exp>
</condition>

<Node id="68" bw="7" op_0_bw="13">
<![CDATA[
hls_label_6:6  %in_key_load = load i7* %in_key_addr, align 1

]]></Node>
<StgValue><ssdm name="in_key_load"/></StgValue>
</operation>

<operation id="73" st_id="8" stage="1" lat="1">
<core>NULL</core>
<MemPortIdVec></MemPortIdVec>
<condition id="-1">
<or_exp><and_exp><literal name="exitcond1" val="0"/>
</and_exp></or_exp>
</condition>

<Node id="69" bw="64" op_0_bw="32">
<![CDATA[
hls_label_6:7  %sext_ln854_1 = sext i32 %i_2 to i64

]]></Node>
<StgValue><ssdm name="sext_ln854_1"/></StgValue>
</operation>

<operation id="74" st_id="8" stage="1" lat="1">
<core>NULL</core>
<MemPortIdVec></MemPortIdVec>
<condition id="-1">
<or_exp><and_exp><literal name="exitcond1" val="0"/>
</and_exp></or_exp>
</condition>

<Node id="70" bw="6" op_0_bw="7" op_1_bw="64" op_2_bw="64">
<![CDATA[
hls_label_6:8  %indata_addr = getelementptr [40 x i7]* %indata, i64 0, i64 %sext_ln854_1

]]></Node>
<StgValue><ssdm name="indata_addr"/></StgValue>
</operation>

<operation id="75" st_id="8" stage="1" lat="1">
<core>RAM</core>
<MemPortIdVec>0 </MemPortIdVec>
<condition id="-1">
<or_exp><and_exp><literal name="exitcond1" val="0"/>
</and_exp></or_exp>
</condition>

<Node id="71" bw="0" op_0_bw="7" op_1_bw="6">
<![CDATA[
hls_label_6:9  store i7 %in_key_load, i7* %indata_addr, align 1

]]></Node>
<StgValue><ssdm name="store_ln854"/></StgValue>
</operation>

<operation id="76" st_id="8" stage="1" lat="1">
<core>NULL</core>
<MemPortIdVec></MemPortIdVec>
<condition id="-1">
<or_exp><and_exp><literal name="exitcond1" val="0"/>
</and_exp></or_exp>
</condition>

<Node id="72" bw="32" op_0_bw="32" op_1_bw="0" op_2_bw="32">
<![CDATA[
hls_label_6:10  %empty_10 = call i32 (...)* @_ssdm_op_SpecRegionEnd([12 x i8]* @p_str716, i32 %tmp_2) nounwind

]]></Node>
<StgValue><ssdm name="empty_10"/></StgValue>
</operation>

<operation id="77" st_id="8" stage="1" lat="1">
<core>NULL</core>
<MemPortIdVec></MemPortIdVec>
<condition id="-1">
<or_exp><and_exp><literal name="exitcond1" val="0"/>
</and_exp></or_exp>
</condition>

<Node id="73" bw="0" op_0_bw="0">
<![CDATA[
hls_label_6:11  br label %4

]]></Node>
<StgValue><ssdm name="br_ln855"/></StgValue>
</operation>
</state>

<state id="9" st_id="9">

<operation id="78" st_id="9" stage="2" lat="2">
<core></core>
<MemPortIdVec></MemPortIdVec>
<condition id="-1">
<or_exp><and_exp></and_exp></or_exp>
</condition>

<Node id="75" bw="32" op_0_bw="32" op_1_bw="7" op_2_bw="8" op_3_bw="7" op_4_bw="8" op_5_bw="32" op_6_bw="32" op_7_bw="32" op_8_bw="0">
<![CDATA[
:0  %num = call fastcc i32 @BF_cfb64_encrypt([40 x i7]* %indata, [40 x i8]* %outdata, i7 %i_1, [8 x i8]* %ivec, i32 %num_0) nounwind

]]></Node>
<StgValue><ssdm name="num"/></StgValue>
</operation>
</state>

<state id="10" st_id="10">

<operation id="79" st_id="10" stage="1" lat="2">
<core></core>
<MemPortIdVec></MemPortIdVec>
<condition id="-1">
<or_exp><and_exp></and_exp></or_exp>
</condition>

<Node id="75" bw="32" op_0_bw="32" op_1_bw="7" op_2_bw="8" op_3_bw="7" op_4_bw="8" op_5_bw="32" op_6_bw="32" op_7_bw="32" op_8_bw="0">
<![CDATA[
:0  %num = call fastcc i32 @BF_cfb64_encrypt([40 x i7]* %indata, [40 x i8]* %outdata, i7 %i_1, [8 x i8]* %ivec, i32 %num_0) nounwind

]]></Node>
<StgValue><ssdm name="num"/></StgValue>
</operation>

<operation id="80" st_id="10" stage="1" lat="1">
<core>NULL</core>
<MemPortIdVec></MemPortIdVec>
<condition id="-1">
<or_exp><and_exp></and_exp></or_exp>
</condition>

<Node id="76" bw="0" op_0_bw="0">
<![CDATA[
:1  br label %6

]]></Node>
<StgValue><ssdm name="br_ln859"/></StgValue>
</operation>
</state>

<state id="11" st_id="11">

<operation id="81" st_id="11" stage="1" lat="1">
<core>NULL</core>
<MemPortIdVec></MemPortIdVec>
<condition id="-1">
<or_exp><and_exp></and_exp></or_exp>
</condition>

<Node id="78" bw="32" op_0_bw="32" op_1_bw="0" op_2_bw="32" op_3_bw="0">
<![CDATA[
:0  %l_1 = phi i32 [ %l_0, %5 ], [ %add_ln863, %hls_label_7 ]

]]></Node>
<StgValue><ssdm name="l_1"/></StgValue>
</operation>

<operation id="82" st_id="11" stage="1" lat="1">
<core>NULL</core>
<MemPortIdVec></MemPortIdVec>
<condition id="-1">
<or_exp><and_exp></and_exp></or_exp>
</condition>

<Node id="79" bw="32" op_0_bw="32" op_1_bw="0" op_2_bw="32" op_3_bw="0">
<![CDATA[
:1  %j_0 = phi i32 [ 0, %5 ], [ %j, %hls_label_7 ]

]]></Node>
<StgValue><ssdm name="j_0"/></StgValue>
</operation>

<operation id="83" st_id="11" stage="1" lat="1">
<core>Cmp</core>
<MemPortIdVec></MemPortIdVec>
<condition id="-1">
<or_exp><and_exp></and_exp></or_exp>
</condition>

<Node id="80" bw="1" op_0_bw="32" op_1_bw="32">
<![CDATA[
:2  %icmp_ln859 = icmp eq i32 %l_1, %sub_ln851

]]></Node>
<StgValue><ssdm name="icmp_ln859"/></StgValue>
</operation>

<operation id="84" st_id="11" stage="1" lat="1">
<core>AddSub</core>
<MemPortIdVec></MemPortIdVec>
<condition id="-1">
<or_exp><and_exp></and_exp></or_exp>
</condition>

<Node id="81" bw="32" op_0_bw="32" op_1_bw="32">
<![CDATA[
:3  %j = add nsw i32 %j_0, 1

]]></Node>
<StgValue><ssdm name="j"/></StgValue>
</operation>

<operation id="85" st_id="11" stage="1" lat="1">
<core>NULL</core>
<MemPortIdVec></MemPortIdVec>
<condition id="-1">
<or_exp><and_exp></and_exp></or_exp>
</condition>

<Node id="82" bw="0" op_0_bw="1" op_1_bw="0" op_2_bw="0">
<![CDATA[
:4  br i1 %icmp_ln859, label %hls_label_5_end, label %hls_label_7

]]></Node>
<StgValue><ssdm name="br_ln859"/></StgValue>
</operation>

<operation id="86" st_id="11" stage="1" lat="1">
<core>AddSub</core>
<MemPortIdVec></MemPortIdVec>
<condition id="-1">
<or_exp><and_exp><literal name="icmp_ln859" val="0"/>
</and_exp></or_exp>
</condition>

<Node id="91" bw="32" op_0_bw="32" op_1_bw="32">
<![CDATA[
hls_label_7:7  %add_ln863 = add nsw i32 %l_1, 1

]]></Node>
<StgValue><ssdm name="add_ln863"/></StgValue>
</operation>

<operation id="87" st_id="11" stage="1" lat="1">
<core>NULL</core>
<MemPortIdVec></MemPortIdVec>
<condition id="-1">
<or_exp><and_exp><literal name="icmp_ln859" val="0"/>
</and_exp></or_exp>
</condition>

<Node id="92" bw="64" op_0_bw="32">
<![CDATA[
hls_label_7:8  %sext_ln863_1 = sext i32 %l_1 to i64

]]></Node>
<StgValue><ssdm name="sext_ln863_1"/></StgValue>
</operation>

<operation id="88" st_id="11" stage="1" lat="1">
<core>NULL</core>
<MemPortIdVec></MemPortIdVec>
<condition id="-1">
<or_exp><and_exp><literal name="icmp_ln859" val="0"/>
</and_exp></or_exp>
</condition>

<Node id="93" bw="13" op_0_bw="8" op_1_bw="64" op_2_bw="64">
<![CDATA[
hls_label_7:9  %out_key_addr = getelementptr inbounds [5200 x i8]* @out_key, i64 0, i64 %sext_ln863_1

]]></Node>
<StgValue><ssdm name="out_key_addr"/></StgValue>
</operation>

<operation id="89" st_id="11" stage="2" lat="2">
<core>ROM_nP</core>
<MemPortIdVec>0 </MemPortIdVec>
<condition id="-1">
<or_exp><and_exp><literal name="icmp_ln859" val="0"/>
</and_exp></or_exp>
</condition>

<Node id="94" bw="8" op_0_bw="13">
<![CDATA[
hls_label_7:10  %out_key_load = load i8* %out_key_addr, align 1

]]></Node>
<StgValue><ssdm name="out_key_load"/></StgValue>
</operation>
</state>

<state id="12" st_id="12">

<operation id="90" st_id="12" stage="1" lat="1">
<core>NULL</core>
<MemPortIdVec></MemPortIdVec>
<condition id="-1">
<or_exp><and_exp><literal name="icmp_ln859" val="0"/>
</and_exp></or_exp>
</condition>

<Node id="88" bw="64" op_0_bw="32">
<![CDATA[
hls_label_7:4  %sext_ln863 = sext i32 %j_0 to i64

]]></Node>
<StgValue><ssdm name="sext_ln863"/></StgValue>
</operation>

<operation id="91" st_id="12" stage="1" lat="1">
<core>NULL</core>
<MemPortIdVec></MemPortIdVec>
<condition id="-1">
<or_exp><and_exp><literal name="icmp_ln859" val="0"/>
</and_exp></or_exp>
</condition>

<Node id="89" bw="6" op_0_bw="8" op_1_bw="64" op_2_bw="64">
<![CDATA[
hls_label_7:5  %outdata_addr = getelementptr inbounds [40 x i8]* %outdata, i64 0, i64 %sext_ln863

]]></Node>
<StgValue><ssdm name="outdata_addr"/></StgValue>
</operation>

<operation id="92" st_id="12" stage="2" lat="2">
<core>RAM</core>
<MemPortIdVec>0 </MemPortIdVec>
<condition id="-1">
<or_exp><and_exp><literal name="icmp_ln859" val="0"/>
</and_exp></or_exp>
</condition>

<Node id="90" bw="8" op_0_bw="6">
<![CDATA[
hls_label_7:6  %outdata_load = load i8* %outdata_addr, align 1

]]></Node>
<StgValue><ssdm name="outdata_load"/></StgValue>
</operation>

<operation id="93" st_id="12" stage="1" lat="2">
<core>ROM_nP</core>
<MemPortIdVec>0 </MemPortIdVec>
<condition id="-1">
<or_exp><and_exp><literal name="icmp_ln859" val="0"/>
</and_exp></or_exp>
</condition>

<Node id="94" bw="8" op_0_bw="13">
<![CDATA[
hls_label_7:10  %out_key_load = load i8* %out_key_addr, align 1

]]></Node>
<StgValue><ssdm name="out_key_load"/></StgValue>
</operation>
</state>

<state id="13" st_id="13">

<operation id="94" st_id="13" stage="1" lat="1">
<core>NULL</core>
<MemPortIdVec></MemPortIdVec>
<condition id="-1">
<or_exp><and_exp><literal name="icmp_ln859" val="0"/>
</and_exp></or_exp>
</condition>

<Node id="84" bw="32" op_0_bw="32" op_1_bw="0">
<![CDATA[
hls_label_7:0  %check_1_load_1 = load i32* %check_1

]]></Node>
<StgValue><ssdm name="check_1_load_1"/></StgValue>
</operation>

<operation id="95" st_id="13" stage="1" lat="1">
<core>NULL</core>
<MemPortIdVec></MemPortIdVec>
<condition id="-1">
<or_exp><and_exp><literal name="icmp_ln859" val="0"/>
</and_exp></or_exp>
</condition>

<Node id="85" bw="32" op_0_bw="32" op_1_bw="0">
<![CDATA[
hls_label_7:1  %tmp_3 = call i32 (...)* @_ssdm_op_SpecRegionBegin([12 x i8]* @p_str817) nounwind

]]></Node>
<StgValue><ssdm name="tmp_3"/></StgValue>
</operation>

<operation id="96" st_id="13" stage="1" lat="1">
<core>NULL</core>
<MemPortIdVec></MemPortIdVec>
<condition id="-1">
<or_exp><and_exp><literal name="icmp_ln859" val="0"/>
</and_exp></or_exp>
</condition>

<Node id="86" bw="0" op_0_bw="0" op_1_bw="32" op_2_bw="32" op_3_bw="32" op_4_bw="0">
<![CDATA[
hls_label_7:2  call void (...)* @_ssdm_op_SpecLoopTripCount(i32 1, i32 5200, i32 2600, [1 x i8]* @p_str110) nounwind

]]></Node>
<StgValue><ssdm name="speclooptripcount_ln860"/></StgValue>
</operation>

<operation id="97" st_id="13" stage="1" lat="1">
<core>NULL</core>
<MemPortIdVec></MemPortIdVec>
<condition id="-1">
<or_exp><and_exp><literal name="icmp_ln859" val="0"/>
</and_exp></or_exp>
</condition>

<Node id="87" bw="0" op_0_bw="0" op_1_bw="32" op_2_bw="32" op_3_bw="32" op_4_bw="32" op_5_bw="0">
<![CDATA[
hls_label_7:3  call void (...)* @_ssdm_op_SpecPipeline(i32 -1, i32 1, i32 1, i32 0, [1 x i8]* @p_str110) nounwind

]]></Node>
<StgValue><ssdm name="specpipeline_ln861"/></StgValue>
</operation>

<operation id="98" st_id="13" stage="1" lat="2">
<core>RAM</core>
<MemPortIdVec>0 </MemPortIdVec>
<condition id="-1">
<or_exp><and_exp><literal name="icmp_ln859" val="0"/>
</and_exp></or_exp>
</condition>

<Node id="90" bw="8" op_0_bw="6">
<![CDATA[
hls_label_7:6  %outdata_load = load i8* %outdata_addr, align 1

]]></Node>
<StgValue><ssdm name="outdata_load"/></StgValue>
</operation>

<operation id="99" st_id="13" stage="1" lat="1">
<core>Cmp</core>
<MemPortIdVec></MemPortIdVec>
<condition id="-1">
<or_exp><and_exp><literal name="icmp_ln859" val="0"/>
</and_exp></or_exp>
</condition>

<Node id="95" bw="1" op_0_bw="8" op_1_bw="8">
<![CDATA[
hls_label_7:11  %icmp_ln863 = icmp ne i8 %outdata_load, %out_key_load

]]></Node>
<StgValue><ssdm name="icmp_ln863"/></StgValue>
</operation>

<operation id="100" st_id="13" stage="1" lat="1">
<core>NULL</core>
<MemPortIdVec></MemPortIdVec>
<condition id="-1">
<or_exp><and_exp><literal name="icmp_ln859" val="0"/>
</and_exp></or_exp>
</condition>

<Node id="96" bw="32" op_0_bw="1">
<![CDATA[
hls_label_7:12  %zext_ln863 = zext i1 %icmp_ln863 to i32

]]></Node>
<StgValue><ssdm name="zext_ln863"/></StgValue>
</operation>

<operation id="101" st_id="13" stage="1" lat="1">
<core>AddSub</core>
<MemPortIdVec></MemPortIdVec>
<condition id="-1">
<or_exp><and_exp><literal name="icmp_ln859" val="0"/>
</and_exp></or_exp>
</condition>

<Node id="97" bw="32" op_0_bw="32" op_1_bw="32">
<![CDATA[
hls_label_7:13  %check = add nsw i32 %zext_ln863, %check_1_load_1

]]></Node>
<StgValue><ssdm name="check"/></StgValue>
</operation>

<operation id="102" st_id="13" stage="1" lat="1">
<core>NULL</core>
<MemPortIdVec></MemPortIdVec>
<condition id="-1">
<or_exp><and_exp><literal name="icmp_ln859" val="0"/>
</and_exp></or_exp>
</condition>

<Node id="98" bw="32" op_0_bw="32" op_1_bw="0" op_2_bw="32">
<![CDATA[
hls_label_7:14  %empty_11 = call i32 (...)* @_ssdm_op_SpecRegionEnd([12 x i8]* @p_str817, i32 %tmp_3) nounwind

]]></Node>
<StgValue><ssdm name="empty_11"/></StgValue>
</operation>

<operation id="103" st_id="13" stage="1" lat="1">
<core>NULL</core>
<MemPortIdVec></MemPortIdVec>
<condition id="-1">
<or_exp><and_exp><literal name="icmp_ln859" val="0"/>
</and_exp></or_exp>
</condition>

<Node id="99" bw="0" op_0_bw="32" op_1_bw="32" op_2_bw="32" op_3_bw="0">
<![CDATA[
hls_label_7:15  store i32 %check, i32* %check_1

]]></Node>
<StgValue><ssdm name="store_ln859"/></StgValue>
</operation>

<operation id="104" st_id="13" stage="1" lat="1">
<core>NULL</core>
<MemPortIdVec></MemPortIdVec>
<condition id="-1">
<or_exp><and_exp><literal name="icmp_ln859" val="0"/>
</and_exp></or_exp>
</condition>

<Node id="100" bw="0" op_0_bw="0">
<![CDATA[
hls_label_7:16  br label %6

]]></Node>
<StgValue><ssdm name="br_ln859"/></StgValue>
</operation>
</state>

<state id="14" st_id="14">

<operation id="105" st_id="14" stage="1" lat="1">
<core>NULL</core>
<MemPortIdVec></MemPortIdVec>
<condition id="-1">
<or_exp><and_exp></and_exp></or_exp>
</condition>

<Node id="102" bw="32" op_0_bw="32" op_1_bw="0" op_2_bw="32">
<![CDATA[
hls_label_5_end:0  %empty_12 = call i32 (...)* @_ssdm_op_SpecRegionEnd([12 x i8]* @p_str615, i32 %tmp_1) nounwind

]]></Node>
<StgValue><ssdm name="empty_12"/></StgValue>
</operation>

<operation id="106" st_id="14" stage="1" lat="1">
<core>NULL</core>
<MemPortIdVec></MemPortIdVec>
<condition id="-1">
<or_exp><and_exp></and_exp></or_exp>
</condition>

<Node id="103" bw="0" op_0_bw="0">
<![CDATA[
hls_label_5_end:1  br label %3

]]></Node>
<StgValue><ssdm name="br_ln866"/></StgValue>
</operation>
</state>
</state_list>


<ports>
<port id="139" name="bf_init_P" dir="0" iftype="1">
<core>ROM_nP</core><StgValue><ssdm name="bf_init_P"/><MemPortTyVec>1 </MemPortTyVec>
</StgValue>
</port>
<port id="140" name="key_P" dir="2" iftype="1">
<core>RAM</core><StgValue><ssdm name="key_P"/><MemPortTyVec>2 2 </MemPortTyVec>
</StgValue>
</port>
<port id="141" name="bf_init_S" dir="0" iftype="1">
<core>ROM_nP</core><StgValue><ssdm name="bf_init_S"/><MemPortTyVec>1 </MemPortTyVec>
</StgValue>
</port>
<port id="142" name="key_S" dir="2" iftype="1">
<core>RAM</core><StgValue><ssdm name="key_S"/><MemPortTyVec>2 2 </MemPortTyVec>
</StgValue>
</port>
<port id="143" name="ukey" dir="0" iftype="1">
<core>RAM</core><StgValue><ssdm name="ukey"/><MemPortTyVec>1 1 </MemPortTyVec>
</StgValue>
</port>
<port id="144" name="in_key" dir="0" iftype="1">
<core>ROM_nP</core><StgValue><ssdm name="in_key"/><MemPortTyVec>1 </MemPortTyVec>
</StgValue>
</port>
<port id="145" name="out_key" dir="0" iftype="1">
<core>ROM_nP</core><StgValue><ssdm name="out_key"/><MemPortTyVec>1 </MemPortTyVec>
</StgValue>
</port>
</ports>


<dataflows>
<dataflow id="147" from="_ssdm_op_SpecBitsMap" to="specbitsmap_ln0" fromId="146" toId="15">
</dataflow>
<dataflow id="149" from="StgValue_148" to="specbitsmap_ln0" fromId="148" toId="15">
</dataflow>
<dataflow id="151" from="_ssdm_op_SpecTopModule" to="spectopmodule_ln0" fromId="150" toId="16">
</dataflow>
<dataflow id="153" from="blowfish_main_str" to="spectopmodule_ln0" fromId="152" toId="16">
</dataflow>
<dataflow id="155" from="StgValue_154" to="indata" fromId="154" toId="17">
</dataflow>
<dataflow id="156" from="StgValue_154" to="outdata" fromId="154" toId="18">
</dataflow>
<dataflow id="157" from="StgValue_154" to="ivec" fromId="154" toId="19">
</dataflow>
<dataflow id="159" from="StgValue_158" to="i_0" fromId="158" toId="21">
<condition id="-1">
<or_exp><and_exp></and_exp></or_exp>
</condition>
</dataflow>
<dataflow id="160" from="br_ln837" to="i_0" fromId="20" toId="21">
</dataflow>
<dataflow id="161" from="i" to="i_0" fromId="24" toId="21">
<BackEdge/>
<condition id="-1">
<or_exp><and_exp><literal name="icmp_ln837" val="0"/>
</and_exp></or_exp>
</condition>
</dataflow>
<dataflow id="162" from="br_ln837" to="i_0" fromId="32" toId="21">
<BackEdge/>
</dataflow>
<dataflow id="163" from="i_0" to="icmp_ln837" fromId="21" toId="22">
</dataflow>
<dataflow id="165" from="StgValue_164" to="icmp_ln837" fromId="164" toId="22">
</dataflow>
<dataflow id="167" from="_ssdm_op_SpecLoopTripCount" to="speclooptripcount_ln0" fromId="166" toId="23">
</dataflow>
<dataflow id="169" from="StgValue_168" to="speclooptripcount_ln0" fromId="168" toId="23">
</dataflow>
<dataflow id="170" from="StgValue_168" to="speclooptripcount_ln0" fromId="168" toId="23">
</dataflow>
<dataflow id="171" from="StgValue_168" to="speclooptripcount_ln0" fromId="168" toId="23">
</dataflow>
<dataflow id="172" from="i_0" to="i" fromId="21" toId="24">
</dataflow>
<dataflow id="174" from="StgValue_173" to="i" fromId="173" toId="24">
</dataflow>
<dataflow id="175" from="icmp_ln837" to="br_ln837" fromId="22" toId="25">
</dataflow>
<dataflow id="177" from="_ssdm_op_SpecRegionBegin" to="tmp" fromId="176" toId="26">
</dataflow>
<dataflow id="179" from="p_str514" to="tmp" fromId="178" toId="26">
</dataflow>
<dataflow id="181" from="_ssdm_op_SpecPipeline" to="specpipeline_ln839" fromId="180" toId="27">
</dataflow>
<dataflow id="183" from="StgValue_182" to="specpipeline_ln839" fromId="182" toId="27">
</dataflow>
<dataflow id="185" from="StgValue_184" to="specpipeline_ln839" fromId="184" toId="27">
</dataflow>
<dataflow id="186" from="StgValue_184" to="specpipeline_ln839" fromId="184" toId="27">
</dataflow>
<dataflow id="187" from="StgValue_148" to="specpipeline_ln839" fromId="148" toId="27">
</dataflow>
<dataflow id="189" from="p_str110" to="specpipeline_ln839" fromId="188" toId="27">
</dataflow>
<dataflow id="190" from="i_0" to="zext_ln841" fromId="21" toId="28">
</dataflow>
<dataflow id="191" from="ivec" to="ivec_addr" fromId="19" toId="29">
</dataflow>
<dataflow id="193" from="StgValue_192" to="ivec_addr" fromId="192" toId="29">
</dataflow>
<dataflow id="194" from="zext_ln841" to="ivec_addr" fromId="28" toId="29">
</dataflow>
<dataflow id="196" from="StgValue_195" to="store_ln842" fromId="195" toId="30">
</dataflow>
<dataflow id="197" from="ivec_addr" to="store_ln842" fromId="29" toId="30">
</dataflow>
<dataflow id="199" from="_ssdm_op_SpecRegionEnd" to="empty" fromId="198" toId="31">
</dataflow>
<dataflow id="200" from="p_str514" to="empty" fromId="178" toId="31">
</dataflow>
<dataflow id="201" from="tmp" to="empty" fromId="26" toId="31">
</dataflow>
<dataflow id="202" from="StgValue_184" to="check_1" fromId="184" toId="33">
</dataflow>
<dataflow id="204" from="BF_set_key" to="call_ln844" fromId="203" toId="34">
</dataflow>
<dataflow id="205" from="ukey" to="call_ln844" fromId="143" toId="34">
</dataflow>
<dataflow id="206" from="bf_init_P" to="call_ln844" fromId="139" toId="34">
</dataflow>
<dataflow id="207" from="key_P" to="call_ln844" fromId="140" toId="34">
</dataflow>
<dataflow id="208" from="bf_init_S" to="call_ln844" fromId="141" toId="34">
</dataflow>
<dataflow id="209" from="key_S" to="call_ln844" fromId="142" toId="34">
</dataflow>
<dataflow id="210" from="StgValue_148" to="store_ln846" fromId="148" toId="35">
</dataflow>
<dataflow id="211" from="check_1" to="store_ln846" fromId="33" toId="35">
</dataflow>
<dataflow id="212" from="BF_set_key" to="call_ln844" fromId="203" toId="36">
</dataflow>
<dataflow id="213" from="ukey" to="call_ln844" fromId="143" toId="36">
</dataflow>
<dataflow id="214" from="bf_init_P" to="call_ln844" fromId="139" toId="36">
</dataflow>
<dataflow id="215" from="key_P" to="call_ln844" fromId="140" toId="36">
</dataflow>
<dataflow id="216" from="bf_init_S" to="call_ln844" fromId="141" toId="36">
</dataflow>
<dataflow id="217" from="key_S" to="call_ln844" fromId="142" toId="36">
</dataflow>
<dataflow id="218" from="StgValue_148" to="num_0" fromId="148" toId="38">
<condition id="-1">
<or_exp><and_exp></and_exp></or_exp>
</condition>
</dataflow>
<dataflow id="219" from="br_ln846" to="num_0" fromId="37" toId="38">
</dataflow>
<dataflow id="220" from="num" to="num_0" fromId="79" toId="38">
<BackEdge/>
<condition id="-1">
<or_exp><and_exp></and_exp></or_exp>
</condition>
</dataflow>
<dataflow id="221" from="br_ln866" to="num_0" fromId="106" toId="38">
<BackEdge/>
</dataflow>
<dataflow id="222" from="StgValue_148" to="l_0" fromId="148" toId="39">
<condition id="-1">
<or_exp><and_exp></and_exp></or_exp>
</condition>
</dataflow>
<dataflow id="223" from="br_ln846" to="l_0" fromId="37" toId="39">
</dataflow>
<dataflow id="224" from="sub_ln851" to="l_0" fromId="58" toId="39">
<BackEdge/>
<condition id="-1">
<or_exp><and_exp></and_exp></or_exp>
</condition>
</dataflow>
<dataflow id="225" from="br_ln866" to="l_0" fromId="106" toId="39">
<BackEdge/>
</dataflow>
<dataflow id="226" from="StgValue_148" to="k_0" fromId="148" toId="40">
<condition id="-1">
<or_exp><and_exp></and_exp></or_exp>
</condition>
</dataflow>
<dataflow id="227" from="br_ln846" to="k_0" fromId="37" toId="40">
</dataflow>
<dataflow id="228" from="k" to="k_0" fromId="56" toId="40">
<BackEdge/>
<condition id="-1">
<or_exp><and_exp></and_exp></or_exp>
</condition>
</dataflow>
<dataflow id="229" from="br_ln866" to="k_0" fromId="106" toId="40">
<BackEdge/>
</dataflow>
<dataflow id="230" from="k_0" to="icmp_ln846" fromId="40" toId="41">
</dataflow>
<dataflow id="232" from="StgValue_231" to="icmp_ln846" fromId="231" toId="41">
</dataflow>
<dataflow id="233" from="icmp_ln846" to="br_ln846" fromId="41" toId="42">
</dataflow>
<dataflow id="235" from="StgValue_234" to="add_ln851_2" fromId="234" toId="43">
</dataflow>
<dataflow id="236" from="k_0" to="add_ln851_2" fromId="40" toId="43">
</dataflow>
<dataflow id="237" from="add_ln851_2" to="empty_9" fromId="43" toId="44">
</dataflow>
<dataflow id="239" from="StgValue_238" to="empty_9" fromId="238" toId="44">
</dataflow>
<dataflow id="240" from="check_1" to="check_1_load" fromId="33" toId="45">
</dataflow>
<dataflow id="241" from="check_1_load" to="ret_ln867" fromId="45" toId="46">
</dataflow>
<dataflow id="242" from="_ssdm_op_SpecRegionBegin" to="tmp_1" fromId="176" toId="47">
</dataflow>
<dataflow id="244" from="p_str615" to="tmp_1" fromId="243" toId="47">
</dataflow>
<dataflow id="245" from="_ssdm_op_SpecLoopTripCount" to="speclooptripcount_ln848" fromId="166" toId="48">
</dataflow>
<dataflow id="246" from="StgValue_184" to="speclooptripcount_ln848" fromId="184" toId="48">
</dataflow>
<dataflow id="247" from="StgValue_231" to="speclooptripcount_ln848" fromId="231" toId="48">
</dataflow>
<dataflow id="249" from="StgValue_248" to="speclooptripcount_ln848" fromId="248" toId="48">
</dataflow>
<dataflow id="250" from="p_str110" to="speclooptripcount_ln848" fromId="188" toId="48">
</dataflow>
<dataflow id="251" from="_ssdm_op_SpecPipeline" to="specpipeline_ln849" fromId="180" toId="49">
</dataflow>
<dataflow id="252" from="StgValue_182" to="specpipeline_ln849" fromId="182" toId="49">
</dataflow>
<dataflow id="253" from="StgValue_184" to="specpipeline_ln849" fromId="184" toId="49">
</dataflow>
<dataflow id="254" from="StgValue_184" to="specpipeline_ln849" fromId="184" toId="49">
</dataflow>
<dataflow id="255" from="StgValue_148" to="specpipeline_ln849" fromId="148" toId="49">
</dataflow>
<dataflow id="256" from="p_str110" to="specpipeline_ln849" fromId="188" toId="49">
</dataflow>
<dataflow id="257" from="StgValue_182" to="add_ln851" fromId="182" toId="50">
</dataflow>
<dataflow id="258" from="k_0" to="add_ln851" fromId="40" toId="50">
</dataflow>
<dataflow id="259" from="k_0" to="trunc_ln851" fromId="40" toId="51">
</dataflow>
<dataflow id="261" from="StgValue_260" to="add_ln851_2_cast" fromId="260" toId="52">
</dataflow>
<dataflow id="262" from="trunc_ln851" to="add_ln851_2_cast" fromId="51" toId="52">
</dataflow>
<dataflow id="263" from="empty_9" to="umax" fromId="44" toId="53">
</dataflow>
<dataflow id="264" from="add_ln851_2_cast" to="umax" fromId="52" toId="53">
</dataflow>
<dataflow id="266" from="StgValue_265" to="umax" fromId="265" toId="53">
</dataflow>
<dataflow id="267" from="umax" to="umax_cast" fromId="53" toId="54">
</dataflow>
<dataflow id="268" from="umax" to="i_1" fromId="53" toId="55">
</dataflow>
<dataflow id="270" from="StgValue_269" to="i_1" fromId="269" toId="55">
</dataflow>
<dataflow id="271" from="add_ln851" to="k" fromId="50" toId="56">
</dataflow>
<dataflow id="272" from="umax_cast" to="k" fromId="54" toId="56">
</dataflow>
<dataflow id="273" from="StgValue_182" to="add_ln851_1" fromId="182" toId="57">
</dataflow>
<dataflow id="274" from="l_0" to="add_ln851_1" fromId="39" toId="57">
</dataflow>
<dataflow id="275" from="add_ln851_1" to="sub_ln851" fromId="57" toId="58">
</dataflow>
<dataflow id="276" from="umax_cast" to="sub_ln851" fromId="54" toId="58">
</dataflow>
<dataflow id="277" from="add_ln854" to="k_1" fromId="65" toId="60">
<BackEdge/>
<condition id="-1">
<or_exp><and_exp><literal name="exitcond1" val="0"/>
</and_exp></or_exp>
</condition>
</dataflow>
<dataflow id="278" from="br_ln855" to="k_1" fromId="77" toId="60">
<BackEdge/>
</dataflow>
<dataflow id="279" from="k_0" to="k_1" fromId="40" toId="60">
<condition id="-1">
<or_exp><and_exp></and_exp></or_exp>
</condition>
</dataflow>
<dataflow id="280" from="br_ln851" to="k_1" fromId="59" toId="60">
</dataflow>
<dataflow id="281" from="add_ln854_1" to="i_2" fromId="63" toId="61">
<BackEdge/>
<condition id="-1">
<or_exp><and_exp><literal name="exitcond1" val="0"/>
</and_exp></or_exp>
</condition>
</dataflow>
<dataflow id="282" from="br_ln855" to="i_2" fromId="77" toId="61">
<BackEdge/>
</dataflow>
<dataflow id="283" from="StgValue_148" to="i_2" fromId="148" toId="61">
<condition id="-1">
<or_exp><and_exp></and_exp></or_exp>
</condition>
</dataflow>
<dataflow id="284" from="br_ln851" to="i_2" fromId="59" toId="61">
</dataflow>
<dataflow id="285" from="k_1" to="exitcond1" fromId="60" toId="62">
</dataflow>
<dataflow id="286" from="k" to="exitcond1" fromId="56" toId="62">
</dataflow>
<dataflow id="287" from="i_2" to="add_ln854_1" fromId="61" toId="63">
</dataflow>
<dataflow id="288" from="StgValue_184" to="add_ln854_1" fromId="184" toId="63">
</dataflow>
<dataflow id="289" from="exitcond1" to="br_ln854" fromId="62" toId="64">
</dataflow>
<dataflow id="290" from="k_1" to="add_ln854" fromId="60" toId="65">
</dataflow>
<dataflow id="291" from="StgValue_184" to="add_ln854" fromId="184" toId="65">
</dataflow>
<dataflow id="292" from="k_1" to="sext_ln854" fromId="60" toId="66">
</dataflow>
<dataflow id="293" from="in_key" to="in_key_addr" fromId="144" toId="67">
</dataflow>
<dataflow id="294" from="StgValue_192" to="in_key_addr" fromId="192" toId="67">
</dataflow>
<dataflow id="295" from="sext_ln854" to="in_key_addr" fromId="66" toId="67">
</dataflow>
<dataflow id="296" from="in_key_addr" to="in_key_load" fromId="67" toId="68">
</dataflow>
<dataflow id="297" from="_ssdm_op_SpecRegionBegin" to="tmp_2" fromId="176" toId="69">
</dataflow>
<dataflow id="299" from="p_str716" to="tmp_2" fromId="298" toId="69">
</dataflow>
<dataflow id="300" from="_ssdm_op_SpecLoopTripCount" to="speclooptripcount_ln852" fromId="166" toId="70">
</dataflow>
<dataflow id="301" from="StgValue_184" to="speclooptripcount_ln852" fromId="184" toId="70">
</dataflow>
<dataflow id="302" from="StgValue_231" to="speclooptripcount_ln852" fromId="231" toId="70">
</dataflow>
<dataflow id="303" from="StgValue_248" to="speclooptripcount_ln852" fromId="248" toId="70">
</dataflow>
<dataflow id="304" from="p_str110" to="speclooptripcount_ln852" fromId="188" toId="70">
</dataflow>
<dataflow id="305" from="_ssdm_op_SpecPipeline" to="specpipeline_ln853" fromId="180" toId="71">
</dataflow>
<dataflow id="306" from="StgValue_182" to="specpipeline_ln853" fromId="182" toId="71">
</dataflow>
<dataflow id="307" from="StgValue_184" to="specpipeline_ln853" fromId="184" toId="71">
</dataflow>
<dataflow id="308" from="StgValue_184" to="specpipeline_ln853" fromId="184" toId="71">
</dataflow>
<dataflow id="309" from="StgValue_148" to="specpipeline_ln853" fromId="148" toId="71">
</dataflow>
<dataflow id="310" from="p_str110" to="specpipeline_ln853" fromId="188" toId="71">
</dataflow>
<dataflow id="311" from="in_key_addr" to="in_key_load" fromId="67" toId="72">
</dataflow>
<dataflow id="312" from="i_2" to="sext_ln854_1" fromId="61" toId="73">
</dataflow>
<dataflow id="313" from="indata" to="indata_addr" fromId="17" toId="74">
</dataflow>
<dataflow id="314" from="StgValue_192" to="indata_addr" fromId="192" toId="74">
</dataflow>
<dataflow id="315" from="sext_ln854_1" to="indata_addr" fromId="73" toId="74">
</dataflow>
<dataflow id="316" from="in_key_load" to="store_ln854" fromId="72" toId="75">
</dataflow>
<dataflow id="317" from="indata_addr" to="store_ln854" fromId="74" toId="75">
</dataflow>
<dataflow id="318" from="_ssdm_op_SpecRegionEnd" to="empty_10" fromId="198" toId="76">
</dataflow>
<dataflow id="319" from="p_str716" to="empty_10" fromId="298" toId="76">
</dataflow>
<dataflow id="320" from="tmp_2" to="empty_10" fromId="69" toId="76">
</dataflow>
<dataflow id="322" from="BF_cfb64_encrypt" to="num" fromId="321" toId="78">
</dataflow>
<dataflow id="323" from="indata" to="num" fromId="17" toId="78">
</dataflow>
<dataflow id="324" from="outdata" to="num" fromId="18" toId="78">
</dataflow>
<dataflow id="325" from="i_1" to="num" fromId="55" toId="78">
</dataflow>
<dataflow id="326" from="ivec" to="num" fromId="19" toId="78">
</dataflow>
<dataflow id="327" from="num_0" to="num" fromId="38" toId="78">
</dataflow>
<dataflow id="328" from="key_S" to="num" fromId="142" toId="78">
</dataflow>
<dataflow id="329" from="key_P" to="num" fromId="140" toId="78">
</dataflow>
<dataflow id="330" from="BF_cfb64_encrypt" to="num" fromId="321" toId="79">
</dataflow>
<dataflow id="331" from="indata" to="num" fromId="17" toId="79">
</dataflow>
<dataflow id="332" from="outdata" to="num" fromId="18" toId="79">
</dataflow>
<dataflow id="333" from="i_1" to="num" fromId="55" toId="79">
</dataflow>
<dataflow id="334" from="ivec" to="num" fromId="19" toId="79">
</dataflow>
<dataflow id="335" from="num_0" to="num" fromId="38" toId="79">
</dataflow>
<dataflow id="336" from="key_S" to="num" fromId="142" toId="79">
</dataflow>
<dataflow id="337" from="key_P" to="num" fromId="140" toId="79">
</dataflow>
<dataflow id="338" from="l_0" to="l_1" fromId="39" toId="81">
<condition id="-1">
<or_exp><and_exp></and_exp></or_exp>
</condition>
</dataflow>
<dataflow id="339" from="br_ln859" to="l_1" fromId="80" toId="81">
</dataflow>
<dataflow id="340" from="add_ln863" to="l_1" fromId="86" toId="81">
<BackEdge/>
<condition id="-1">
<or_exp><and_exp><literal name="icmp_ln859" val="0"/>
</and_exp></or_exp>
</condition>
</dataflow>
<dataflow id="341" from="br_ln859" to="l_1" fromId="104" toId="81">
<BackEdge/>
</dataflow>
<dataflow id="342" from="StgValue_148" to="j_0" fromId="148" toId="82">
<condition id="-1">
<or_exp><and_exp></and_exp></or_exp>
</condition>
</dataflow>
<dataflow id="343" from="br_ln859" to="j_0" fromId="80" toId="82">
</dataflow>
<dataflow id="344" from="j" to="j_0" fromId="84" toId="82">
<BackEdge/>
<condition id="-1">
<or_exp><and_exp><literal name="icmp_ln859" val="0"/>
</and_exp></or_exp>
</condition>
</dataflow>
<dataflow id="345" from="br_ln859" to="j_0" fromId="104" toId="82">
<BackEdge/>
</dataflow>
<dataflow id="346" from="l_1" to="icmp_ln859" fromId="81" toId="83">
</dataflow>
<dataflow id="347" from="sub_ln851" to="icmp_ln859" fromId="58" toId="83">
</dataflow>
<dataflow id="348" from="j_0" to="j" fromId="82" toId="84">
</dataflow>
<dataflow id="349" from="StgValue_184" to="j" fromId="184" toId="84">
</dataflow>
<dataflow id="350" from="icmp_ln859" to="br_ln859" fromId="83" toId="85">
</dataflow>
<dataflow id="351" from="l_1" to="add_ln863" fromId="81" toId="86">
</dataflow>
<dataflow id="352" from="StgValue_184" to="add_ln863" fromId="184" toId="86">
</dataflow>
<dataflow id="353" from="l_1" to="sext_ln863_1" fromId="81" toId="87">
</dataflow>
<dataflow id="354" from="out_key" to="out_key_addr" fromId="145" toId="88">
</dataflow>
<dataflow id="355" from="StgValue_192" to="out_key_addr" fromId="192" toId="88">
</dataflow>
<dataflow id="356" from="sext_ln863_1" to="out_key_addr" fromId="87" toId="88">
</dataflow>
<dataflow id="357" from="out_key_addr" to="out_key_load" fromId="88" toId="89">
</dataflow>
<dataflow id="358" from="j_0" to="sext_ln863" fromId="82" toId="90">
</dataflow>
<dataflow id="359" from="outdata" to="outdata_addr" fromId="18" toId="91">
</dataflow>
<dataflow id="360" from="StgValue_192" to="outdata_addr" fromId="192" toId="91">
</dataflow>
<dataflow id="361" from="sext_ln863" to="outdata_addr" fromId="90" toId="91">
</dataflow>
<dataflow id="362" from="outdata_addr" to="outdata_load" fromId="91" toId="92">
</dataflow>
<dataflow id="363" from="out_key_addr" to="out_key_load" fromId="88" toId="93">
</dataflow>
<dataflow id="364" from="check_1" to="check_1_load_1" fromId="33" toId="94">
</dataflow>
<dataflow id="365" from="_ssdm_op_SpecRegionBegin" to="tmp_3" fromId="176" toId="95">
</dataflow>
<dataflow id="367" from="p_str817" to="tmp_3" fromId="366" toId="95">
</dataflow>
<dataflow id="368" from="_ssdm_op_SpecLoopTripCount" to="speclooptripcount_ln860" fromId="166" toId="96">
</dataflow>
<dataflow id="369" from="StgValue_184" to="speclooptripcount_ln860" fromId="184" toId="96">
</dataflow>
<dataflow id="370" from="StgValue_231" to="speclooptripcount_ln860" fromId="231" toId="96">
</dataflow>
<dataflow id="371" from="StgValue_248" to="speclooptripcount_ln860" fromId="248" toId="96">
</dataflow>
<dataflow id="372" from="p_str110" to="speclooptripcount_ln860" fromId="188" toId="96">
</dataflow>
<dataflow id="373" from="_ssdm_op_SpecPipeline" to="specpipeline_ln861" fromId="180" toId="97">
</dataflow>
<dataflow id="374" from="StgValue_182" to="specpipeline_ln861" fromId="182" toId="97">
</dataflow>
<dataflow id="375" from="StgValue_184" to="specpipeline_ln861" fromId="184" toId="97">
</dataflow>
<dataflow id="376" from="StgValue_184" to="specpipeline_ln861" fromId="184" toId="97">
</dataflow>
<dataflow id="377" from="StgValue_148" to="specpipeline_ln861" fromId="148" toId="97">
</dataflow>
<dataflow id="378" from="p_str110" to="specpipeline_ln861" fromId="188" toId="97">
</dataflow>
<dataflow id="379" from="outdata_addr" to="outdata_load" fromId="91" toId="98">
</dataflow>
<dataflow id="380" from="outdata_load" to="icmp_ln863" fromId="98" toId="99">
</dataflow>
<dataflow id="381" from="out_key_load" to="icmp_ln863" fromId="93" toId="99">
</dataflow>
<dataflow id="382" from="icmp_ln863" to="zext_ln863" fromId="99" toId="100">
</dataflow>
<dataflow id="383" from="zext_ln863" to="check" fromId="100" toId="101">
</dataflow>
<dataflow id="384" from="check_1_load_1" to="check" fromId="94" toId="101">
</dataflow>
<dataflow id="385" from="_ssdm_op_SpecRegionEnd" to="empty_11" fromId="198" toId="102">
</dataflow>
<dataflow id="386" from="p_str817" to="empty_11" fromId="366" toId="102">
</dataflow>
<dataflow id="387" from="tmp_3" to="empty_11" fromId="95" toId="102">
</dataflow>
<dataflow id="388" from="check" to="store_ln859" fromId="101" toId="103">
</dataflow>
<dataflow id="389" from="check_1" to="store_ln859" fromId="33" toId="103">
</dataflow>
<dataflow id="390" from="_ssdm_op_SpecRegionEnd" to="empty_12" fromId="198" toId="105">
</dataflow>
<dataflow id="391" from="p_str615" to="empty_12" fromId="243" toId="105">
</dataflow>
<dataflow id="392" from="tmp_1" to="empty_12" fromId="47" toId="105">
</dataflow>
<dataflow id="393" from="icmp_ln837" to="StgValue_2" fromId="22" toId="2">
</dataflow>
<dataflow id="394" from="icmp_ln846" to="StgValue_5" fromId="41" toId="5">
</dataflow>
<dataflow id="395" from="empty_9" to="StgValue_6" fromId="44" toId="6">
</dataflow>
<dataflow id="396" from="exitcond1" to="StgValue_7" fromId="62" toId="7">
</dataflow>
<dataflow id="397" from="exitcond1" to="StgValue_8" fromId="62" toId="8">
</dataflow>
<dataflow id="398" from="icmp_ln859" to="StgValue_11" fromId="83" toId="11">
</dataflow>
<dataflow id="399" from="icmp_ln859" to="StgValue_12" fromId="83" toId="12">
</dataflow>
<dataflow id="400" from="icmp_ln859" to="StgValue_13" fromId="83" toId="13">
</dataflow>
</dataflows>


</stg>
