<profile>

<section name = "Vivado HLS Report for 'BF_cfb64_encrypt'" level="0">
<item name = "Date">Sat Apr 10 21:35:47 2021
</item>
<item name = "Version">2019.1 (Build 2552052 on Fri May 24 15:28:33 MDT 2019)</item>
<item name = "Project">Blowfish.prj</item>
<item name = "Solution">Baseline</item>
<item name = "Product family">zynq</item>
<item name = "Target device">xc7z020-clg484-1</item>
</section>

<section name = "Performance Estimates" level="0">
<item name = "Timing (ns)">
<section name = "" level="1">
<item name = "Summary"><table name="" hasTotal="0">
<keys size="4">Clock, Target, Estimated, Uncertainty</keys>
<column name="ap_clk">10.00, 7.792, 1.25</column>
</table>
</item>
</section>
</item>
<item name = "Latency (clock cycles)">
<section name = "" level="1">
<item name = "Summary"><table name="" hasTotal="0">
<keys size="6">, min, max, min, max, Type</keys>
<column name="">5, 525201, 5, 525201, none</column>
</table>
</item>
<item name = "Detail">
<section name = "" level="1">
<item name = "Instance"><table name="" hasTotal="0">
<keys size="7">Instance, Module, min, max, min, max, Type</keys>
<column name="grp_BF_encrypt_fu_220">BF_encrypt, 63, 63, 32, 32, function</column>
</table>
</item>
<item name = "Loop"><table name="" hasTotal="0">
<keys size="8">Loop Name, min, max, Latency, achieved, target, Count, Pipelined</keys>
<column name="- Loop 1">4, 525200, 4 ~ 101, -, -, 1 ~ 5200, no</column>
</table>
</item>
</section>
</item>
</section>
</item>
</section>

<section name = "Utilization Estimates" level="0">
<item name = "Summary"><table name="" hasTotal="1">
<keys size="6">Name, BRAM_18K, DSP48E, FF, LUT, URAM</keys>
<column name="DSP">-, -, -, -, -</column>
<column name="Expression">-, -, 0, 134, -</column>
<column name="FIFO">-, -, -, -, -</column>
<column name="Instance">-, -, 2866, 7119, -</column>
<column name="Memory">-, -, -, -, -</column>
<column name="Multiplexer">-, -, -, 615, -</column>
<column name="Register">-, -, 426, -, -</column>
<specialColumn name="Available">280, 220, 106400, 53200, 0</specialColumn>
<specialColumn name="Utilization (%)">0, 0, 3, 14, 0</specialColumn>
</table>
</item>
<item name = "Detail">
<section name = "" level="1">
<item name = "Instance"><table name="" hasTotal="1">
<keys size="7">Instance, Module, BRAM_18K, DSP48E, FF, LUT, URAM</keys>
<column name="grp_BF_encrypt_fu_220">BF_encrypt, 0, 0, 2866, 7119, 0</column>
</table>
</item>
<item name = "DSP48E"><table name="" hasTotal="0">
<keys size="3">Instance, Module, Expression</keys>
</table>
</item>
<item name = "Memory"><table name="" hasTotal="1">
<keys size="10">Memory, Module, BRAM_18K, FF, LUT, URAM, Words, Bits, Banks, W*Bits*Banks</keys>
</table>
</item>
<item name = "FIFO"><table name="" hasTotal="1">
<keys size="8">Name, BRAM_18K, FF, LUT, URAM, Depth, Bits, Size:D*B</keys>
</table>
</item>
<item name = "Expression"><table name="" hasTotal="1">
<keys size="7">Variable Name, Operation, DSP48E, FF, LUT, Bitwidth P0, Bitwidth P1</keys>
<column name="add_ln120_fu_252_p2">+, 0, 0, 39, 32, 1</column>
<column name="l_fu_240_p2">+, 0, 0, 39, 32, 2</column>
<column name="n_fu_369_p2">+, 0, 0, 12, 1, 3</column>
<column name="icmp_ln101_fu_246_p2">icmp, 0, 0, 18, 32, 1</column>
<column name="icmp_ln104_fu_258_p2">icmp, 0, 0, 18, 32, 1</column>
<column name="c_fu_383_p2">xor, 0, 0, 8, 8, 8</column>
</table>
</item>
<item name = "Multiplexer"><table name="" hasTotal="1">
<keys size="5">Name, LUT, Input Size, Bits, Total Bits</keys>
<column name="ap_NS_fsm">453, 103, 1, 103</column>
<column name="ap_return">9, 2, 32, 64</column>
<column name="ivec_address0">33, 6, 3, 18</column>
<column name="ivec_address1">33, 6, 3, 18</column>
<column name="ivec_d0">27, 5, 8, 40</column>
<column name="ivec_d1">33, 6, 8, 48</column>
<column name="l_0_reg_200">9, 2, 32, 64</column>
<column name="num_write_assign_reg_190">9, 2, 32, 64</column>
<column name="p_01_rec_reg_209">9, 2, 32, 64</column>
</table>
</item>
<item name = "Register"><table name="" hasTotal="1">
<keys size="5">Name, FF, LUT, Bits, Const Bits</keys>
<column name="add_ln120_reg_459">32, 0, 32, 0</column>
<column name="ap_CS_fsm">102, 0, 102, 0</column>
<column name="ap_return_preg">32, 0, 32, 0</column>
<column name="grp_BF_encrypt_fu_220_ap_start_reg">1, 0, 1, 0</column>
<column name="icmp_ln104_reg_464">1, 0, 1, 0</column>
<column name="in_addr_reg_441">6, 0, 6, 0</column>
<column name="iv_1_load_reg_478">8, 0, 8, 0</column>
<column name="iv_2_load_reg_483">8, 0, 8, 0</column>
<column name="iv_3_load_reg_488">8, 0, 8, 0</column>
<column name="iv_4_load_reg_493">8, 0, 8, 0</column>
<column name="iv_load_reg_473">8, 0, 8, 0</column>
<column name="ivec_addr14_reg_548">3, 0, 3, 0</column>
<column name="ivec_load_reg_468">8, 0, 8, 0</column>
<column name="l_0_reg_200">32, 0, 32, 0</column>
<column name="l_reg_451">32, 0, 32, 0</column>
<column name="num_write_assign_reg_190">32, 0, 32, 0</column>
<column name="out_addr_reg_446">6, 0, 6, 0</column>
<column name="p_01_rec_reg_209">32, 0, 32, 0</column>
<column name="trunc_ln113_1_reg_513">8, 0, 8, 0</column>
<column name="trunc_ln113_2_reg_518">8, 0, 8, 0</column>
<column name="trunc_ln113_reg_523">8, 0, 8, 0</column>
<column name="trunc_ln115_1_reg_533">8, 0, 8, 0</column>
<column name="trunc_ln115_2_reg_538">8, 0, 8, 0</column>
<column name="trunc_ln115_reg_543">8, 0, 8, 0</column>
<column name="trunc_ln16_reg_528">8, 0, 8, 0</column>
<column name="trunc_ln_reg_508">8, 0, 8, 0</column>
<column name="zext_ln122_reg_554">3, 0, 32, 29</column>
</table>
</item>
</section>
</item>
</section>

<section name = "Interface" level="0">
<item name = "Summary"><table name="" hasTotal="0">
<keys size="6">RTL Ports, Dir, Bits, Protocol, Source Object, C Type</keys>
<column name="ap_clk">in, 1, ap_ctrl_hs, BF_cfb64_encrypt, return value</column>
<column name="ap_rst">in, 1, ap_ctrl_hs, BF_cfb64_encrypt, return value</column>
<column name="ap_start">in, 1, ap_ctrl_hs, BF_cfb64_encrypt, return value</column>
<column name="ap_done">out, 1, ap_ctrl_hs, BF_cfb64_encrypt, return value</column>
<column name="ap_idle">out, 1, ap_ctrl_hs, BF_cfb64_encrypt, return value</column>
<column name="ap_ready">out, 1, ap_ctrl_hs, BF_cfb64_encrypt, return value</column>
<column name="ap_return">out, 32, ap_ctrl_hs, BF_cfb64_encrypt, return value</column>
<column name="in_r_address0">out, 6, ap_memory, in_r, array</column>
<column name="in_r_ce0">out, 1, ap_memory, in_r, array</column>
<column name="in_r_q0">in, 7, ap_memory, in_r, array</column>
<column name="out_r_address0">out, 6, ap_memory, out_r, array</column>
<column name="out_r_ce0">out, 1, ap_memory, out_r, array</column>
<column name="out_r_we0">out, 1, ap_memory, out_r, array</column>
<column name="out_r_d0">out, 8, ap_memory, out_r, array</column>
<column name="length_r">in, 7, ap_none, length_r, scalar</column>
<column name="ivec_address0">out, 3, ap_memory, ivec, array</column>
<column name="ivec_ce0">out, 1, ap_memory, ivec, array</column>
<column name="ivec_we0">out, 1, ap_memory, ivec, array</column>
<column name="ivec_d0">out, 8, ap_memory, ivec, array</column>
<column name="ivec_q0">in, 8, ap_memory, ivec, array</column>
<column name="ivec_address1">out, 3, ap_memory, ivec, array</column>
<column name="ivec_ce1">out, 1, ap_memory, ivec, array</column>
<column name="ivec_we1">out, 1, ap_memory, ivec, array</column>
<column name="ivec_d1">out, 8, ap_memory, ivec, array</column>
<column name="ivec_q1">in, 8, ap_memory, ivec, array</column>
<column name="num_read">in, 32, ap_none, num_read, scalar</column>
<column name="key_S_address0">out, 10, ap_memory, key_S, array</column>
<column name="key_S_ce0">out, 1, ap_memory, key_S, array</column>
<column name="key_S_q0">in, 32, ap_memory, key_S, array</column>
<column name="key_S_address1">out, 10, ap_memory, key_S, array</column>
<column name="key_S_ce1">out, 1, ap_memory, key_S, array</column>
<column name="key_S_q1">in, 32, ap_memory, key_S, array</column>
<column name="key_P_address0">out, 5, ap_memory, key_P, array</column>
<column name="key_P_ce0">out, 1, ap_memory, key_P, array</column>
<column name="key_P_q0">in, 32, ap_memory, key_P, array</column>
<column name="key_P_address1">out, 5, ap_memory, key_P, array</column>
<column name="key_P_ce1">out, 1, ap_memory, key_P, array</column>
<column name="key_P_q1">in, 32, ap_memory, key_P, array</column>
</table>
</item>
</section>
</profile>
