<profile>

<section name = "Vivado HLS Report for 'BF_set_key'" level="0">
<item name = "Date">Sat Apr 10 21:35:43 2021
</item>
<item name = "Version">2019.1 (Build 2552052 on Fri May 24 15:28:33 MDT 2019)</item>
<item name = "Project">Blowfish.prj</item>
<item name = "Solution">Baseline</item>
<item name = "Product family">zynq</item>
<item name = "Target device">xc7z020-clg484-1</item>
</section>

<section name = "Performance Estimates" level="0">
<item name = "Timing (ns)">
<section name = "" level="1">
<item name = "Summary"><table name="" hasTotal="0">
<keys size="4">Clock, Target, Estimated, Uncertainty</keys>
<column name="ap_clk">10.00, 8.750, 1.25</column>
</table>
</item>
</section>
</item>
<item name = "Latency (clock cycles)">
<section name = "" level="1">
<item name = "Summary"><table name="" hasTotal="0">
<keys size="6">, min, max, min, max, Type</keys>
<column name="">36010, 36010, 36010, 36010, none</column>
</table>
</item>
<item name = "Detail">
<section name = "" level="1">
<item name = "Instance"><table name="" hasTotal="0">
<keys size="7">Instance, Module, min, max, min, max, Type</keys>
</table>
</item>
<item name = "Loop"><table name="" hasTotal="0">
<keys size="8">Loop Name, min, max, Latency, achieved, target, Count, Pipelined</keys>
<column name="- Loop 1">36, 36, 2, -, -, 18, no</column>
<column name="- Loop 2">2048, 2048, 2, -, -, 1024, no</column>
<column name="- Loop 3">54, 54, 3, -, -, 18, no</column>
<column name="- Loop 4">585, 585, 66, 65, 1, 9, yes</column>
<column name="- Loop 5">33280, 33280, 66, 65, 1, 512, yes</column>
</table>
</item>
</section>
</item>
</section>
</item>
</section>
</profile>
