<profile>

<section name = "Vivado HLS Report for 'BF_set_key'" level="0">
<item name = "Date">Sat Apr 10 21:35:46 2021
</item>
<item name = "Version">2019.1 (Build 2552052 on Fri May 24 15:28:33 MDT 2019)</item>
<item name = "Project">Blowfish.prj</item>
<item name = "Solution">Baseline</item>
<item name = "Product family">zynq</item>
<item name = "Target device">xc7z020-clg484-1</item>
</section>

<section name = "Performance Estimates" level="0">
<item name = "Timing (ns)">
<section name = "" level="1">
<item name = "Summary"><table name="" hasTotal="0">
<keys size="4">Clock, Target, Estimated, Uncertainty</keys>
<column name="ap_clk">10.00, 8.750, 1.25</column>
</table>
</item>
</section>
</item>
<item name = "Latency (clock cycles)">
<section name = "" level="1">
<item name = "Summary"><table name="" hasTotal="0">
<keys size="6">, min, max, min, max, Type</keys>
<column name="">36010, 36010, 36010, 36010, none</column>
</table>
</item>
<item name = "Detail">
<section name = "" level="1">
<item name = "Instance"><table name="" hasTotal="0">
<keys size="7">Instance, Module, min, max, min, max, Type</keys>
<column name="grp_BF_encrypt_fu_351">BF_encrypt, 63, 63, 32, 32, function</column>
</table>
</item>
<item name = "Loop"><table name="" hasTotal="0">
<keys size="8">Loop Name, min, max, Latency, achieved, target, Count, Pipelined</keys>
<column name="- Loop 1">36, 36, 2, -, -, 18, no</column>
<column name="- Loop 2">2048, 2048, 2, -, -, 1024, no</column>
<column name="- Loop 3">54, 54, 3, -, -, 18, no</column>
<column name="- Loop 4">585, 585, 66, 65, 1, 9, yes</column>
<column name="- Loop 5">33280, 33280, 66, 65, 1, 512, yes</column>
</table>
</item>
</section>
</item>
</section>
</item>
</section>

<section name = "Utilization Estimates" level="0">
<item name = "Summary"><table name="" hasTotal="1">
<keys size="6">Name, BRAM_18K, DSP48E, FF, LUT, URAM</keys>
<column name="DSP">-, -, -, -, -</column>
<column name="Expression">-, -, 0, 1016, -</column>
<column name="FIFO">-, -, -, -, -</column>
<column name="Instance">-, -, 2866, 7119, -</column>
<column name="Memory">2, -, 32, 9, -</column>
<column name="Multiplexer">-, -, -, 995, -</column>
<column name="Register">-, -, 480, -, -</column>
<specialColumn name="Available">280, 220, 106400, 53200, 0</specialColumn>
<specialColumn name="Utilization (%)">~0, 0, 3, 17, 0</specialColumn>
</table>
</item>
<item name = "Detail">
<section name = "" level="1">
<item name = "Instance"><table name="" hasTotal="1">
<keys size="7">Instance, Module, BRAM_18K, DSP48E, FF, LUT, URAM</keys>
<column name="grp_BF_encrypt_fu_351">BF_encrypt, 0, 0, 2866, 7119, 0</column>
</table>
</item>
<item name = "DSP48E"><table name="" hasTotal="0">
<keys size="3">Instance, Module, Expression</keys>
</table>
</item>
<item name = "Memory"><table name="" hasTotal="1">
<keys size="10">Memory, Module, BRAM_18K, FF, LUT, URAM, Words, Bits, Banks, W*Bits*Banks</keys>
<column name="bf_init_P_U">BF_set_key_bf_inibkb, 0, 32, 9, 0, 18, 32, 1, 576</column>
<column name="bf_init_S_U">BF_set_key_bf_inicud, 2, 0, 0, 0, 1024, 32, 1, 32768</column>
</table>
</item>
<item name = "FIFO"><table name="" hasTotal="1">
<keys size="8">Name, BRAM_18K, FF, LUT, URAM, Depth, Bits, Size:D*B</keys>
</table>
</item>
<item name = "Expression"><table name="" hasTotal="1">
<keys size="7">Variable Name, Operation, DSP48E, FF, LUT, Bitwidth P0, Bitwidth P1</keys>
<column name="add_ln112_1_fu_457_p2">+, 0, 0, 23, 16, 15</column>
<column name="add_ln112_2_fu_523_p2">+, 0, 0, 21, 15, 2</column>
<column name="add_ln112_3_fu_550_p2">+, 0, 0, 21, 15, 2</column>
<column name="add_ln112_4_fu_637_p2">+, 0, 0, 21, 15, 3</column>
<column name="add_ln112_fu_437_p2">+, 0, 0, 21, 15, 1</column>
<column name="add_ln117_fu_488_p2">+, 0, 0, 23, 16, 15</column>
<column name="add_ln122_fu_566_p2">+, 0, 0, 23, 16, 15</column>
<column name="add_ln127_fu_672_p2">+, 0, 0, 23, 16, 15</column>
<column name="add_ln89_1_fu_419_p2">+, 0, 0, 13, 11, 1</column>
<column name="add_ln89_fu_401_p2">+, 0, 0, 15, 5, 1</column>
<column name="i_3_fu_762_p2">+, 0, 0, 15, 5, 2</column>
<column name="i_4_fu_792_p2">+, 0, 0, 13, 2, 11</column>
<column name="i_fu_431_p2">+, 0, 0, 15, 5, 1</column>
<column name="and_ln123_fu_626_p2">and, 0, 0, 2, 1, 1</column>
<column name="icmp_ln110_fu_425_p2">icmp, 0, 0, 11, 5, 5</column>
<column name="icmp_ln112_fu_447_p2">icmp, 0, 0, 13, 15, 14</column>
<column name="icmp_ln113_fu_476_p2">icmp, 0, 0, 13, 15, 14</column>
<column name="icmp_ln117_fu_482_p2">icmp, 0, 0, 13, 15, 14</column>
<column name="icmp_ln118_fu_533_p2">icmp, 0, 0, 13, 15, 14</column>
<column name="icmp_ln122_fu_560_p2">icmp, 0, 0, 13, 15, 14</column>
<column name="icmp_ln123_fu_608_p2">icmp, 0, 0, 13, 15, 14</column>
<column name="icmp_ln127_fu_666_p2">icmp, 0, 0, 13, 15, 14</column>
<column name="icmp_ln128_fu_737_p2">icmp, 0, 0, 13, 15, 14</column>
<column name="icmp_ln136_fu_756_p2">icmp, 0, 0, 11, 5, 5</column>
<column name="icmp_ln86_1_fu_413_p2">icmp, 0, 0, 13, 11, 12</column>
<column name="icmp_ln86_fu_395_p2">icmp, 0, 0, 11, 5, 5</column>
<column name="or_ln118_fu_544_p2">or, 0, 0, 2, 1, 1</column>
<column name="or_ln123_1_fu_631_p2">or, 0, 0, 2, 1, 1</column>
<column name="or_ln123_fu_614_p2">or, 0, 0, 2, 1, 1</column>
<column name="or_ln141_fu_773_p2">or, 0, 0, 5, 5, 1</column>
<column name="or_ln150_fu_807_p2">or, 0, 0, 10, 10, 1</column>
<column name="select_ln112_fu_463_p3">select, 0, 0, 16, 1, 16</column>
<column name="select_ln113_1_fu_592_p3">select, 0, 0, 64, 1, 64</column>
<column name="select_ln113_2_fu_643_p3">select, 0, 0, 15, 1, 15</column>
<column name="select_ln113_3_fu_698_p3">select, 0, 0, 64, 1, 64</column>
<column name="select_ln113_fu_514_p3">select, 0, 0, 64, 1, 64</column>
<column name="select_ln117_1_fu_502_p3">select, 0, 0, 16, 1, 16</column>
<column name="select_ln117_fu_494_p3">select, 0, 0, 16, 1, 16</column>
<column name="select_ln118_1_fu_705_p3">select, 0, 0, 64, 1, 64</column>
<column name="select_ln118_2_fu_650_p3">select, 0, 0, 15, 1, 15</column>
<column name="select_ln118_fu_599_p3">select, 0, 0, 64, 1, 64</column>
<column name="select_ln122_1_fu_580_p3">select, 0, 0, 16, 1, 16</column>
<column name="select_ln122_fu_572_p3">select, 0, 0, 16, 1, 16</column>
<column name="select_ln123_1_fu_658_p3">select, 0, 0, 15, 1, 15</column>
<column name="select_ln123_fu_713_p3">select, 0, 0, 64, 1, 64</column>
<column name="select_ln127_1_fu_686_p3">select, 0, 0, 16, 1, 16</column>
<column name="select_ln127_fu_678_p3">select, 0, 0, 16, 1, 16</column>
<column name="select_ln128_fu_742_p3">select, 0, 0, 15, 1, 15</column>
<column name="ap_enable_pp0">xor, 0, 0, 2, 1, 2</column>
<column name="ap_enable_pp1">xor, 0, 0, 2, 1, 2</column>
<column name="xor_ln118_fu_539_p2">xor, 0, 0, 2, 1, 2</column>
<column name="xor_ln123_fu_620_p2">xor, 0, 0, 2, 1, 2</column>
<column name="xor_ln131_fu_749_p2">xor, 0, 0, 32, 32, 32</column>
</table>
</item>
<item name = "Multiplexer"><table name="" hasTotal="1">
<keys size="5">Name, LUT, Input Size, Bits, Total Bits</keys>
<column name="ap_NS_fsm">629, 141, 1, 141</column>
<column name="ap_enable_reg_pp0_iter1">9, 2, 1, 2</column>
<column name="ap_enable_reg_pp1_iter1">9, 2, 1, 2</column>
<column name="ap_phi_mux_i_1_phi_fu_309_p4">9, 2, 5, 10</column>
<column name="ap_phi_mux_i_2_phi_fu_343_p4">9, 2, 11, 22</column>
<column name="data_address0">15, 3, 3, 9</column>
<column name="data_address1">15, 3, 3, 9</column>
<column name="grp_BF_encrypt_fu_351_data_0_read">15, 3, 32, 96</column>
<column name="grp_BF_encrypt_fu_351_data_1_read">15, 3, 32, 96</column>
<column name="i_0_reg_257">9, 2, 5, 10</column>
<column name="i_1_reg_305">9, 2, 5, 10</column>
<column name="i_2_reg_339">9, 2, 11, 22</column>
<column name="in_0_0_reg_293">9, 2, 32, 64</column>
<column name="in_0_1_reg_328">9, 2, 32, 64</column>
<column name="in_1_0_reg_281">9, 2, 32, 64</column>
<column name="in_1_1_reg_317">9, 2, 32, 64</column>
<column name="key_P_address0">33, 6, 5, 30</column>
<column name="key_P_address1">15, 3, 5, 15</column>
<column name="key_P_ce0">15, 3, 1, 3</column>
<column name="key_P_ce1">15, 3, 1, 3</column>
<column name="key_P_d0">21, 4, 32, 128</column>
<column name="key_S_address0">21, 4, 10, 40</column>
<column name="key_S_address1">15, 3, 10, 30</column>
<column name="key_S_ce0">15, 3, 1, 3</column>
<column name="key_S_ce1">15, 3, 1, 3</column>
<column name="key_S_d0">15, 3, 32, 96</column>
<column name="mem_index_phi_reg_269">9, 2, 15, 30</column>
<column name="p1_0_rec_i35_reg_246">9, 2, 11, 22</column>
<column name="p1_0_rec_i_reg_235">9, 2, 5, 10</column>
</table>
</item>
<item name = "Register"><table name="" hasTotal="1">
<keys size="5">Name, FF, LUT, Bits, Const Bits</keys>
<column name="add_ln89_1_reg_849">11, 0, 11, 0</column>
<column name="add_ln89_reg_831">5, 0, 5, 0</column>
<column name="ap_CS_fsm">140, 0, 140, 0</column>
<column name="ap_enable_reg_pp0_iter0">1, 0, 1, 0</column>
<column name="ap_enable_reg_pp0_iter1">1, 0, 1, 0</column>
<column name="ap_enable_reg_pp1_iter0">1, 0, 1, 0</column>
<column name="ap_enable_reg_pp1_iter1">1, 0, 1, 0</column>
<column name="data_load_1_reg_887">8, 0, 8, 0</column>
<column name="data_load_reg_882">8, 0, 8, 0</column>
<column name="grp_BF_encrypt_fu_351_ap_start_reg">1, 0, 1, 0</column>
<column name="i_0_reg_257">5, 0, 5, 0</column>
<column name="i_1_reg_305">5, 0, 5, 0</column>
<column name="i_2_reg_339">11, 0, 11, 0</column>
<column name="i_3_reg_922">5, 0, 5, 0</column>
<column name="i_4_reg_931">11, 0, 11, 0</column>
<column name="i_reg_858">5, 0, 5, 0</column>
<column name="icmp_ln113_reg_868">1, 0, 1, 0</column>
<column name="icmp_ln136_reg_918">1, 0, 1, 0</column>
<column name="in_0_0_reg_293">32, 0, 32, 0</column>
<column name="in_0_1_reg_328">32, 0, 32, 0</column>
<column name="in_1_0_reg_281">32, 0, 32, 0</column>
<column name="in_1_1_reg_317">32, 0, 32, 0</column>
<column name="key_P_addr_3_reg_823">5, 0, 5, 0</column>
<column name="key_P_addr_reg_908">5, 0, 5, 0</column>
<column name="key_S_addr_2_reg_841">10, 0, 10, 0</column>
<column name="mem_index_phi_reg_269">15, 0, 15, 0</column>
<column name="p1_0_rec_i35_reg_246">11, 0, 11, 0</column>
<column name="p1_0_rec_i_reg_235">5, 0, 5, 0</column>
<column name="reg_373">32, 0, 32, 0</column>
<column name="reg_381">32, 0, 32, 0</column>
<column name="select_ln123_1_reg_897">15, 0, 15, 0</column>
<column name="tmp_1_reg_927">1, 0, 1, 0</column>
</table>
</item>
</section>
</item>
</section>

<section name = "Interface" level="0">
<item name = "Summary"><table name="" hasTotal="0">
<keys size="6">RTL Ports, Dir, Bits, Protocol, Source Object, C Type</keys>
<column name="ap_clk">in, 1, ap_ctrl_hs, BF_set_key, return value</column>
<column name="ap_rst">in, 1, ap_ctrl_hs, BF_set_key, return value</column>
<column name="ap_start">in, 1, ap_ctrl_hs, BF_set_key, return value</column>
<column name="ap_done">out, 1, ap_ctrl_hs, BF_set_key, return value</column>
<column name="ap_idle">out, 1, ap_ctrl_hs, BF_set_key, return value</column>
<column name="ap_ready">out, 1, ap_ctrl_hs, BF_set_key, return value</column>
<column name="data_address0">out, 3, ap_memory, data, array</column>
<column name="data_ce0">out, 1, ap_memory, data, array</column>
<column name="data_q0">in, 8, ap_memory, data, array</column>
<column name="data_address1">out, 3, ap_memory, data, array</column>
<column name="data_ce1">out, 1, ap_memory, data, array</column>
<column name="data_q1">in, 8, ap_memory, data, array</column>
<column name="key_P_address0">out, 5, ap_memory, key_P, array</column>
<column name="key_P_ce0">out, 1, ap_memory, key_P, array</column>
<column name="key_P_we0">out, 1, ap_memory, key_P, array</column>
<column name="key_P_d0">out, 32, ap_memory, key_P, array</column>
<column name="key_P_q0">in, 32, ap_memory, key_P, array</column>
<column name="key_P_address1">out, 5, ap_memory, key_P, array</column>
<column name="key_P_ce1">out, 1, ap_memory, key_P, array</column>
<column name="key_P_we1">out, 1, ap_memory, key_P, array</column>
<column name="key_P_d1">out, 32, ap_memory, key_P, array</column>
<column name="key_P_q1">in, 32, ap_memory, key_P, array</column>
<column name="key_S_address0">out, 10, ap_memory, key_S, array</column>
<column name="key_S_ce0">out, 1, ap_memory, key_S, array</column>
<column name="key_S_we0">out, 1, ap_memory, key_S, array</column>
<column name="key_S_d0">out, 32, ap_memory, key_S, array</column>
<column name="key_S_q0">in, 32, ap_memory, key_S, array</column>
<column name="key_S_address1">out, 10, ap_memory, key_S, array</column>
<column name="key_S_ce1">out, 1, ap_memory, key_S, array</column>
<column name="key_S_we1">out, 1, ap_memory, key_S, array</column>
<column name="key_S_d1">out, 32, ap_memory, key_S, array</column>
<column name="key_S_q1">in, 32, ap_memory, key_S, array</column>
</table>
</item>
</section>
</profile>
