<profile>

<section name = "Vivado HLS Report for 'blowfish_main'" level="0">
<item name = "Date">Sat Apr 10 21:35:44 2021
</item>
<item name = "Version">2019.1 (Build 2552052 on Fri May 24 15:28:33 MDT 2019)</item>
<item name = "Project">Blowfish.prj</item>
<item name = "Solution">Baseline</item>
<item name = "Product family">zynq</item>
<item name = "Target device">xc7z020-clg484-1</item>
</section>

<section name = "Performance Estimates" level="0">
<item name = "Timing (ns)">
<section name = "" level="1">
<item name = "Summary"><table name="" hasTotal="0">
<keys size="4">Clock, Target, Estimated, Uncertainty</keys>
<column name="ap_clk">10.00, 8.750, 1.25</column>
</table>
</item>
</section>
</item>
<item name = "Latency (clock cycles)">
<section name = "" level="1">
<item name = "Summary"><table name="" hasTotal="0">
<keys size="6">, min, max, min, max, Type</keys>
<column name="">36036, 2866307221, 36036, 2866307221, none</column>
</table>
</item>
<item name = "Detail">
<section name = "" level="1">
<item name = "Instance"><table name="" hasTotal="0">
<keys size="7">Instance, Module, min, max, min, max, Type</keys>
<column name="grp_BF_set_key_fu_242">BF_set_key, 36010, 36010, 36010, 36010, none</column>
<column name="grp_BF_cfb64_encrypt_fu_256">BF_cfb64_encrypt, 5, 525201, 5, 525201, none</column>
</table>
</item>
<item name = "Loop"><table name="" hasTotal="0">
<keys size="8">Loop Name, min, max, Latency, achieved, target, Count, Pipelined</keys>
<column name="- Loop 1">8, 8, 1, -, -, 8, no</column>
<column name="- Loop 2">15, 2866271200, 15 ~ 551206, -, -, 1 ~ 5200, no</column>
<column name=" + Loop 2.1">2, 10400, 2, -, -, 1 ~ 5200, no</column>
<column name=" + Loop 2.2">3, 15600, 3, -, -, 1 ~ 5200, no</column>
</table>
</item>
</section>
</item>
</section>
</item>
</section>
</profile>
