<stg><name>blowfish_main</name>


<trans_list>

<trans id="98" from="1" to="2">
<condition id="-1">
<or_exp><and_exp></and_exp></or_exp>
</condition>
</trans>

<trans id="99" from="2" to="3">
<condition id="-1">
<or_exp><and_exp><literal name="icmp_ln837" val="1"/>
</and_exp></or_exp>
</condition>
</trans>

<trans id="100" from="2" to="2">
<condition id="-1">
<or_exp><and_exp><literal name="icmp_ln837" val="0"/>
</and_exp></or_exp>
</condition>
</trans>

<trans id="102" from="3" to="4">
<condition id="-1">
<or_exp><and_exp></and_exp></or_exp>
</condition>
</trans>

<trans id="103" from="4" to="5">
<condition id="-1">
<or_exp><and_exp><literal name="icmp_ln846" val="1"/>
</and_exp></or_exp>
</condition>
</trans>

<trans id="105" from="5" to="6">
<condition id="-1">
<or_exp><and_exp></and_exp></or_exp>
</condition>
</trans>

<trans id="106" from="6" to="7">
<condition id="-1">
<or_exp><and_exp><literal name="exitcond1" val="0"/>
</and_exp></or_exp>
</condition>
</trans>

<trans id="107" from="6" to="8">
<condition id="-1">
<or_exp><and_exp><literal name="exitcond1" val="1"/>
</and_exp></or_exp>
</condition>
</trans>

<trans id="109" from="7" to="6">
<condition id="-1">
<or_exp><and_exp></and_exp></or_exp>
</condition>
</trans>

<trans id="111" from="8" to="9">
<condition id="-1">
<or_exp><and_exp></and_exp></or_exp>
</condition>
</trans>

<trans id="112" from="9" to="10">
<condition id="-1">
<or_exp><and_exp><literal name="icmp_ln859" val="0"/>
</and_exp></or_exp>
</condition>
</trans>

<trans id="116" from="9" to="4">
<condition id="-1">
<or_exp><and_exp><literal name="icmp_ln859" val="1"/>
</and_exp></or_exp>
</condition>
</trans>

<trans id="114" from="10" to="11">
<condition id="-1">
<or_exp><and_exp></and_exp></or_exp>
</condition>
</trans>

<trans id="115" from="11" to="9">
<condition id="-1">
<or_exp><and_exp></and_exp></or_exp>
</condition>
</trans>
</trans_list>



<state_list>

<state id="1" st_id="1">

<operation id="12" st_id="1" stage="1" lat="1">
<core>NULL</core>
<MemPortIdVec></MemPortIdVec>
<condition id="-1">
<or_exp><and_exp></and_exp></or_exp>
</condition>

<Node id="8" bw="0" op_0_bw="0" op_1_bw="32">
<![CDATA[
:0  call void (...)* @_ssdm_op_SpecBitsMap(i32 0) nounwind, !map !73

]]></Node>
<StgValue><ssdm name="specbitsmap_ln0"/></StgValue>
</operation>

<operation id="13" st_id="1" stage="1" lat="1">
<core>NULL</core>
<MemPortIdVec></MemPortIdVec>
<condition id="-1">
<or_exp><and_exp></and_exp></or_exp>
</condition>

<Node id="9" bw="0" op_0_bw="0" op_1_bw="0">
<![CDATA[
:1  call void (...)* @_ssdm_op_SpecTopModule([14 x i8]* @blowfish_main_str) nounwind

]]></Node>
<StgValue><ssdm name="spectopmodule_ln0"/></StgValue>
</operation>

<operation id="14" st_id="1" stage="1" lat="1">
<core>RAM</core>
<MemPortIdVec></MemPortIdVec>
<condition id="-1">
<or_exp><and_exp></and_exp></or_exp>
</condition>

<Node id="10" bw="7" op_0_bw="64">
<![CDATA[
:2  %indata = alloca [40 x i7], align 1

]]></Node>
<StgValue><ssdm name="indata"/></StgValue>
</operation>

<operation id="15" st_id="1" stage="1" lat="1">
<core>RAM</core>
<MemPortIdVec></MemPortIdVec>
<condition id="-1">
<or_exp><and_exp></and_exp></or_exp>
</condition>

<Node id="11" bw="8" op_0_bw="64">
<![CDATA[
:3  %outdata = alloca [40 x i8], align 16

]]></Node>
<StgValue><ssdm name="outdata"/></StgValue>
</operation>

<operation id="16" st_id="1" stage="1" lat="1">
<core>RAM</core>
<MemPortIdVec></MemPortIdVec>
<condition id="-1">
<or_exp><and_exp></and_exp></or_exp>
</condition>

<Node id="12" bw="8" op_0_bw="64">
<![CDATA[
:4  %ivec = alloca [8 x i8], align 1

]]></Node>
<StgValue><ssdm name="ivec"/></StgValue>
</operation>

<operation id="17" st_id="1" stage="1" lat="1">
<core>NULL</core>
<MemPortIdVec></MemPortIdVec>
<condition id="-1">
<or_exp><and_exp></and_exp></or_exp>
</condition>

<Node id="13" bw="0" op_0_bw="0">
<![CDATA[
:5  br label %1

]]></Node>
<StgValue><ssdm name="br_ln837"/></StgValue>
</operation>
</state>

<state id="2" st_id="2">

<operation id="18" st_id="2" stage="1" lat="1">
<core>NULL</core>
<MemPortIdVec></MemPortIdVec>
<condition id="-1">
<or_exp><and_exp></and_exp></or_exp>
</condition>

<Node id="15" bw="4" op_0_bw="4" op_1_bw="0" op_2_bw="4" op_3_bw="0">
<![CDATA[
:0  %i_0 = phi i4 [ 0, %0 ], [ %i, %2 ]

]]></Node>
<StgValue><ssdm name="i_0"/></StgValue>
</operation>

<operation id="19" st_id="2" stage="1" lat="1">
<core>Cmp</core>
<MemPortIdVec></MemPortIdVec>
<condition id="-1">
<or_exp><and_exp></and_exp></or_exp>
</condition>

<Node id="16" bw="1" op_0_bw="4" op_1_bw="4">
<![CDATA[
:1  %icmp_ln837 = icmp eq i4 %i_0, -8

]]></Node>
<StgValue><ssdm name="icmp_ln837"/></StgValue>
</operation>

<operation id="20" st_id="2" stage="1" lat="1">
<core>NULL</core>
<MemPortIdVec></MemPortIdVec>
<condition id="-1">
<or_exp><and_exp></and_exp></or_exp>
</condition>

<Node id="17" bw="0" op_0_bw="0" op_1_bw="64" op_2_bw="64" op_3_bw="64">
<![CDATA[
:2  call void (...)* @_ssdm_op_SpecLoopTripCount(i64 8, i64 8, i64 8)

]]></Node>
<StgValue><ssdm name="speclooptripcount_ln0"/></StgValue>
</operation>

<operation id="21" st_id="2" stage="1" lat="1">
<core>AddSub</core>
<MemPortIdVec></MemPortIdVec>
<condition id="-1">
<or_exp><and_exp></and_exp></or_exp>
</condition>

<Node id="18" bw="4" op_0_bw="4" op_1_bw="4">
<![CDATA[
:3  %i = add i4 %i_0, 1

]]></Node>
<StgValue><ssdm name="i"/></StgValue>
</operation>

<operation id="22" st_id="2" stage="1" lat="1">
<core>NULL</core>
<MemPortIdVec></MemPortIdVec>
<condition id="-1">
<or_exp><and_exp></and_exp></or_exp>
</condition>

<Node id="19" bw="0" op_0_bw="1" op_1_bw="0" op_2_bw="0">
<![CDATA[
:4  br i1 %icmp_ln837, label %3, label %2

]]></Node>
<StgValue><ssdm name="br_ln837"/></StgValue>
</operation>

<operation id="23" st_id="2" stage="1" lat="1">
<core>NULL</core>
<MemPortIdVec></MemPortIdVec>
<condition id="-1">
<or_exp><and_exp><literal name="icmp_ln837" val="0"/>
</and_exp></or_exp>
</condition>

<Node id="21" bw="64" op_0_bw="4">
<![CDATA[
:0  %zext_ln841 = zext i4 %i_0 to i64

]]></Node>
<StgValue><ssdm name="zext_ln841"/></StgValue>
</operation>

<operation id="24" st_id="2" stage="1" lat="1">
<core>NULL</core>
<MemPortIdVec></MemPortIdVec>
<condition id="-1">
<or_exp><and_exp><literal name="icmp_ln837" val="0"/>
</and_exp></or_exp>
</condition>

<Node id="22" bw="3" op_0_bw="8" op_1_bw="64" op_2_bw="64">
<![CDATA[
:1  %ivec_addr = getelementptr inbounds [8 x i8]* %ivec, i64 0, i64 %zext_ln841

]]></Node>
<StgValue><ssdm name="ivec_addr"/></StgValue>
</operation>

<operation id="25" st_id="2" stage="1" lat="1">
<core>RAM</core>
<MemPortIdVec></MemPortIdVec>
<condition id="-1">
<or_exp><and_exp><literal name="icmp_ln837" val="0"/>
</and_exp></or_exp>
</condition>

<Node id="23" bw="0" op_0_bw="8" op_1_bw="3">
<![CDATA[
:2  store i8 0, i8* %ivec_addr, align 1

]]></Node>
<StgValue><ssdm name="store_ln842"/></StgValue>
</operation>

<operation id="26" st_id="2" stage="1" lat="1">
<core>NULL</core>
<MemPortIdVec></MemPortIdVec>
<condition id="-1">
<or_exp><and_exp><literal name="icmp_ln837" val="0"/>
</and_exp></or_exp>
</condition>

<Node id="24" bw="0" op_0_bw="0">
<![CDATA[
:3  br label %1

]]></Node>
<StgValue><ssdm name="br_ln837"/></StgValue>
</operation>

<operation id="27" st_id="2" stage="1" lat="1">
<core>NULL</core>
<MemPortIdVec></MemPortIdVec>
<condition id="-1">
<or_exp><and_exp><literal name="icmp_ln837" val="1"/>
</and_exp></or_exp>
</condition>

<Node id="26" bw="32" op_0_bw="32">
<![CDATA[
:0  %check_1 = alloca i32

]]></Node>
<StgValue><ssdm name="check_1"/></StgValue>
</operation>

<operation id="28" st_id="2" stage="2" lat="2">
<core></core>
<MemPortIdVec></MemPortIdVec>
<condition id="-1">
<or_exp><and_exp><literal name="icmp_ln837" val="1"/>
</and_exp></or_exp>
</condition>

<Node id="27" bw="0" op_0_bw="0" op_1_bw="8" op_2_bw="32" op_3_bw="32" op_4_bw="32" op_5_bw="32">
<![CDATA[
:1  call fastcc void @BF_set_key([8 x i8]* @ukey) nounwind

]]></Node>
<StgValue><ssdm name="call_ln844"/></StgValue>
</operation>

<operation id="29" st_id="2" stage="1" lat="1">
<core>NULL</core>
<MemPortIdVec></MemPortIdVec>
<condition id="-1">
<or_exp><and_exp><literal name="icmp_ln837" val="1"/>
</and_exp></or_exp>
</condition>

<Node id="28" bw="0" op_0_bw="32" op_1_bw="32">
<![CDATA[
:2  store i32 0, i32* %check_1

]]></Node>
<StgValue><ssdm name="store_ln846"/></StgValue>
</operation>
</state>

<state id="3" st_id="3">

<operation id="30" st_id="3" stage="1" lat="2">
<core></core>
<MemPortIdVec></MemPortIdVec>
<condition id="-1">
<or_exp><and_exp></and_exp></or_exp>
</condition>

<Node id="27" bw="0" op_0_bw="0" op_1_bw="8" op_2_bw="32" op_3_bw="32" op_4_bw="32" op_5_bw="32">
<![CDATA[
:1  call fastcc void @BF_set_key([8 x i8]* @ukey) nounwind

]]></Node>
<StgValue><ssdm name="call_ln844"/></StgValue>
</operation>

<operation id="31" st_id="3" stage="1" lat="1">
<core>NULL</core>
<MemPortIdVec></MemPortIdVec>
<condition id="-1">
<or_exp><and_exp></and_exp></or_exp>
</condition>

<Node id="29" bw="0" op_0_bw="0">
<![CDATA[
:3  br label %4

]]></Node>
<StgValue><ssdm name="br_ln846"/></StgValue>
</operation>
</state>

<state id="4" st_id="4">

<operation id="32" st_id="4" stage="1" lat="1">
<core>NULL</core>
<MemPortIdVec></MemPortIdVec>
<condition id="-1">
<or_exp><and_exp></and_exp></or_exp>
</condition>

<Node id="31" bw="32" op_0_bw="32" op_1_bw="0" op_2_bw="32" op_3_bw="0">
<![CDATA[
:0  %num_0 = phi i32 [ 0, %3 ], [ %num, %hls_label_4_end ]

]]></Node>
<StgValue><ssdm name="num_0"/></StgValue>
</operation>

<operation id="33" st_id="4" stage="1" lat="1">
<core>NULL</core>
<MemPortIdVec></MemPortIdVec>
<condition id="-1">
<or_exp><and_exp></and_exp></or_exp>
</condition>

<Node id="32" bw="32" op_0_bw="32" op_1_bw="0" op_2_bw="32" op_3_bw="0">
<![CDATA[
:1  %l_0 = phi i32 [ 0, %3 ], [ %sub_ln851, %hls_label_4_end ]

]]></Node>
<StgValue><ssdm name="l_0"/></StgValue>
</operation>

<operation id="34" st_id="4" stage="1" lat="1">
<core>NULL</core>
<MemPortIdVec></MemPortIdVec>
<condition id="-1">
<or_exp><and_exp></and_exp></or_exp>
</condition>

<Node id="33" bw="32" op_0_bw="32" op_1_bw="0" op_2_bw="32" op_3_bw="0">
<![CDATA[
:2  %k_0 = phi i32 [ 0, %3 ], [ %k, %hls_label_4_end ]

]]></Node>
<StgValue><ssdm name="k_0"/></StgValue>
</operation>

<operation id="35" st_id="4" stage="1" lat="1">
<core>Cmp</core>
<MemPortIdVec></MemPortIdVec>
<condition id="-1">
<or_exp><and_exp></and_exp></or_exp>
</condition>

<Node id="34" bw="1" op_0_bw="32" op_1_bw="32">
<![CDATA[
:3  %icmp_ln846 = icmp slt i32 %k_0, 5200

]]></Node>
<StgValue><ssdm name="icmp_ln846"/></StgValue>
</operation>

<operation id="36" st_id="4" stage="1" lat="1">
<core>NULL</core>
<MemPortIdVec></MemPortIdVec>
<condition id="-1">
<or_exp><and_exp></and_exp></or_exp>
</condition>

<Node id="35" bw="0" op_0_bw="1" op_1_bw="0" op_2_bw="0">
<![CDATA[
:4  br i1 %icmp_ln846, label %hls_label_4_begin, label %8

]]></Node>
<StgValue><ssdm name="br_ln846"/></StgValue>
</operation>

<operation id="37" st_id="4" stage="1" lat="1">
<core>AddSub</core>
<MemPortIdVec></MemPortIdVec>
<condition id="-1">
<or_exp><and_exp><literal name="icmp_ln846" val="1"/>
</and_exp></or_exp>
</condition>

<Node id="41" bw="32" op_0_bw="32" op_1_bw="32">
<![CDATA[
hls_label_4_begin:4  %add_ln851_2 = add i32 -5201, %k_0

]]></Node>
<StgValue><ssdm name="add_ln851_2"/></StgValue>
</operation>

<operation id="38" st_id="4" stage="1" lat="1">
<core>Cmp</core>
<MemPortIdVec></MemPortIdVec>
<condition id="-1">
<or_exp><and_exp><literal name="icmp_ln846" val="1"/>
</and_exp></or_exp>
</condition>

<Node id="43" bw="1" op_0_bw="32" op_1_bw="32">
<![CDATA[
hls_label_4_begin:6  %empty = icmp ugt i32 %add_ln851_2, -41

]]></Node>
<StgValue><ssdm name="empty"/></StgValue>
</operation>

<operation id="39" st_id="4" stage="1" lat="1">
<core>NULL</core>
<MemPortIdVec></MemPortIdVec>
<condition id="-1">
<or_exp><and_exp><literal name="icmp_ln846" val="0"/>
</and_exp></or_exp>
</condition>

<Node id="99" bw="32" op_0_bw="32" op_1_bw="0">
<![CDATA[
:0  %check_1_load = load i32* %check_1

]]></Node>
<StgValue><ssdm name="check_1_load"/></StgValue>
</operation>

<operation id="40" st_id="4" stage="1" lat="1">
<core>NULL</core>
<MemPortIdVec></MemPortIdVec>
<condition id="-1">
<or_exp><and_exp><literal name="icmp_ln846" val="0"/>
</and_exp></or_exp>
</condition>

<Node id="100" bw="0" op_0_bw="32">
<![CDATA[
:1  ret i32 %check_1_load

]]></Node>
<StgValue><ssdm name="ret_ln867"/></StgValue>
</operation>
</state>

<state id="5" st_id="5">

<operation id="41" st_id="5" stage="1" lat="1">
<core>NULL</core>
<MemPortIdVec></MemPortIdVec>
<condition id="-1">
<or_exp><and_exp></and_exp></or_exp>
</condition>

<Node id="37" bw="32" op_0_bw="32" op_1_bw="0">
<![CDATA[
hls_label_4_begin:0  %tmp = call i32 (...)* @_ssdm_op_SpecRegionBegin([12 x i8]* @p_str5) nounwind

]]></Node>
<StgValue><ssdm name="tmp"/></StgValue>
</operation>

<operation id="42" st_id="5" stage="1" lat="1">
<core>NULL</core>
<MemPortIdVec></MemPortIdVec>
<condition id="-1">
<or_exp><and_exp></and_exp></or_exp>
</condition>

<Node id="38" bw="0" op_0_bw="0" op_1_bw="32" op_2_bw="32" op_3_bw="32" op_4_bw="0">
<![CDATA[
hls_label_4_begin:1  call void (...)* @_ssdm_op_SpecLoopTripCount(i32 1, i32 5200, i32 2600, [1 x i8]* @p_str1) nounwind

]]></Node>
<StgValue><ssdm name="speclooptripcount_ln848"/></StgValue>
</operation>

<operation id="43" st_id="5" stage="1" lat="1">
<core>TAddSub</core>
<MemPortIdVec></MemPortIdVec>
<condition id="-1">
<or_exp><and_exp></and_exp></or_exp>
</condition>

<Node id="39" bw="32" op_0_bw="32" op_1_bw="32">
<![CDATA[
hls_label_4_begin:2  %add_ln851 = add i32 -1, %k_0

]]></Node>
<StgValue><ssdm name="add_ln851"/></StgValue>
</operation>

<operation id="44" st_id="5" stage="1" lat="1">
<core>NULL</core>
<MemPortIdVec></MemPortIdVec>
<condition id="-1">
<or_exp><and_exp><literal name="empty" val="1"/>
</and_exp></or_exp>
</condition>

<Node id="40" bw="7" op_0_bw="32">
<![CDATA[
hls_label_4_begin:3  %trunc_ln851 = trunc i32 %k_0 to i7

]]></Node>
<StgValue><ssdm name="trunc_ln851"/></StgValue>
</operation>

<operation id="45" st_id="5" stage="1" lat="1">
<core>AddSub</core>
<MemPortIdVec></MemPortIdVec>
<condition id="-1">
<or_exp><and_exp><literal name="empty" val="1"/>
</and_exp></or_exp>
</condition>

<Node id="42" bw="7" op_0_bw="7" op_1_bw="7">
<![CDATA[
hls_label_4_begin:5  %add_ln851_2_cast = add i7 47, %trunc_ln851

]]></Node>
<StgValue><ssdm name="add_ln851_2_cast"/></StgValue>
</operation>

<operation id="46" st_id="5" stage="1" lat="1">
<core>Sel</core>
<MemPortIdVec></MemPortIdVec>
<condition id="-1">
<or_exp><and_exp></and_exp></or_exp>
</condition>

<Node id="44" bw="7" op_0_bw="1" op_1_bw="7" op_2_bw="7">
<![CDATA[
hls_label_4_begin:7  %umax = select i1 %empty, i7 %add_ln851_2_cast, i7 -41

]]></Node>
<StgValue><ssdm name="umax"/></StgValue>
</operation>

<operation id="47" st_id="5" stage="1" lat="1">
<core>NULL</core>
<MemPortIdVec></MemPortIdVec>
<condition id="-1">
<or_exp><and_exp></and_exp></or_exp>
</condition>

<Node id="45" bw="32" op_0_bw="7">
<![CDATA[
hls_label_4_begin:8  %umax_cast = sext i7 %umax to i32

]]></Node>
<StgValue><ssdm name="umax_cast"/></StgValue>
</operation>

<operation id="48" st_id="5" stage="1" lat="1">
<core>LogicGate</core>
<MemPortIdVec></MemPortIdVec>
<condition id="-1">
<or_exp><and_exp></and_exp></or_exp>
</condition>

<Node id="46" bw="7" op_0_bw="7" op_1_bw="7">
<![CDATA[
hls_label_4_begin:9  %i_1 = xor i7 %umax, -1

]]></Node>
<StgValue><ssdm name="i_1"/></StgValue>
</operation>

<operation id="49" st_id="5" stage="1" lat="1">
<core>TAddSub</core>
<MemPortIdVec></MemPortIdVec>
<condition id="-1">
<or_exp><and_exp></and_exp></or_exp>
</condition>

<Node id="47" bw="32" op_0_bw="32" op_1_bw="32">
<![CDATA[
hls_label_4_begin:10  %k = sub i32 %add_ln851, %umax_cast

]]></Node>
<StgValue><ssdm name="k"/></StgValue>
</operation>

<operation id="50" st_id="5" stage="1" lat="1">
<core>TAddSub</core>
<MemPortIdVec></MemPortIdVec>
<condition id="-1">
<or_exp><and_exp></and_exp></or_exp>
</condition>

<Node id="48" bw="32" op_0_bw="32" op_1_bw="32">
<![CDATA[
hls_label_4_begin:11  %add_ln851_1 = add i32 -1, %l_0

]]></Node>
<StgValue><ssdm name="add_ln851_1"/></StgValue>
</operation>

<operation id="51" st_id="5" stage="1" lat="1">
<core>TAddSub</core>
<MemPortIdVec></MemPortIdVec>
<condition id="-1">
<or_exp><and_exp></and_exp></or_exp>
</condition>

<Node id="49" bw="32" op_0_bw="32" op_1_bw="32">
<![CDATA[
hls_label_4_begin:12  %sub_ln851 = sub i32 %add_ln851_1, %umax_cast

]]></Node>
<StgValue><ssdm name="sub_ln851"/></StgValue>
</operation>

<operation id="52" st_id="5" stage="1" lat="1">
<core>NULL</core>
<MemPortIdVec></MemPortIdVec>
<condition id="-1">
<or_exp><and_exp></and_exp></or_exp>
</condition>

<Node id="50" bw="0" op_0_bw="0">
<![CDATA[
hls_label_4_begin:13  br label %5

]]></Node>
<StgValue><ssdm name="br_ln851"/></StgValue>
</operation>
</state>

<state id="6" st_id="6">

<operation id="53" st_id="6" stage="1" lat="1">
<core>NULL</core>
<MemPortIdVec></MemPortIdVec>
<condition id="-1">
<or_exp><and_exp></and_exp></or_exp>
</condition>

<Node id="52" bw="32" op_0_bw="32" op_1_bw="0" op_2_bw="32" op_3_bw="0">
<![CDATA[
:0  %k_1 = phi i32 [ %add_ln854, %hls_label_5 ], [ %k_0, %hls_label_4_begin ]

]]></Node>
<StgValue><ssdm name="k_1"/></StgValue>
</operation>

<operation id="54" st_id="6" stage="1" lat="1">
<core>NULL</core>
<MemPortIdVec></MemPortIdVec>
<condition id="-1">
<or_exp><and_exp></and_exp></or_exp>
</condition>

<Node id="53" bw="32" op_0_bw="32" op_1_bw="0" op_2_bw="32" op_3_bw="0">
<![CDATA[
:1  %i_2 = phi i32 [ %add_ln854_1, %hls_label_5 ], [ 0, %hls_label_4_begin ]

]]></Node>
<StgValue><ssdm name="i_2"/></StgValue>
</operation>

<operation id="55" st_id="6" stage="1" lat="1">
<core>Cmp</core>
<MemPortIdVec></MemPortIdVec>
<condition id="-1">
<or_exp><and_exp></and_exp></or_exp>
</condition>

<Node id="54" bw="1" op_0_bw="32" op_1_bw="32">
<![CDATA[
:2  %exitcond1 = icmp eq i32 %k_1, %k

]]></Node>
<StgValue><ssdm name="exitcond1"/></StgValue>
</operation>

<operation id="56" st_id="6" stage="1" lat="1">
<core>AddSub</core>
<MemPortIdVec></MemPortIdVec>
<condition id="-1">
<or_exp><and_exp></and_exp></or_exp>
</condition>

<Node id="55" bw="32" op_0_bw="32" op_1_bw="32">
<![CDATA[
:3  %add_ln854_1 = add nsw i32 %i_2, 1

]]></Node>
<StgValue><ssdm name="add_ln854_1"/></StgValue>
</operation>

<operation id="57" st_id="6" stage="1" lat="1">
<core>NULL</core>
<MemPortIdVec></MemPortIdVec>
<condition id="-1">
<or_exp><and_exp></and_exp></or_exp>
</condition>

<Node id="56" bw="0" op_0_bw="1" op_1_bw="0" op_2_bw="0">
<![CDATA[
:4  br i1 %exitcond1, label %6, label %hls_label_5

]]></Node>
<StgValue><ssdm name="br_ln854"/></StgValue>
</operation>

<operation id="58" st_id="6" stage="1" lat="1">
<core>AddSub</core>
<MemPortIdVec></MemPortIdVec>
<condition id="-1">
<or_exp><and_exp><literal name="exitcond1" val="0"/>
</and_exp></or_exp>
</condition>

<Node id="60" bw="32" op_0_bw="32" op_1_bw="32">
<![CDATA[
hls_label_5:2  %add_ln854 = add nsw i32 %k_1, 1

]]></Node>
<StgValue><ssdm name="add_ln854"/></StgValue>
</operation>

<operation id="59" st_id="6" stage="1" lat="1">
<core>NULL</core>
<MemPortIdVec></MemPortIdVec>
<condition id="-1">
<or_exp><and_exp><literal name="exitcond1" val="0"/>
</and_exp></or_exp>
</condition>

<Node id="61" bw="64" op_0_bw="32">
<![CDATA[
hls_label_5:3  %sext_ln854 = sext i32 %k_1 to i64

]]></Node>
<StgValue><ssdm name="sext_ln854"/></StgValue>
</operation>

<operation id="60" st_id="6" stage="1" lat="1">
<core>NULL</core>
<MemPortIdVec></MemPortIdVec>
<condition id="-1">
<or_exp><and_exp><literal name="exitcond1" val="0"/>
</and_exp></or_exp>
</condition>

<Node id="62" bw="13" op_0_bw="7" op_1_bw="64" op_2_bw="64">
<![CDATA[
hls_label_5:4  %in_key_addr = getelementptr [5200 x i7]* @in_key, i64 0, i64 %sext_ln854

]]></Node>
<StgValue><ssdm name="in_key_addr"/></StgValue>
</operation>

<operation id="61" st_id="6" stage="2" lat="2">
<core>ROM_nP</core>
<MemPortIdVec></MemPortIdVec>
<condition id="-1">
<or_exp><and_exp><literal name="exitcond1" val="0"/>
</and_exp></or_exp>
</condition>

<Node id="63" bw="7" op_0_bw="13">
<![CDATA[
hls_label_5:5  %in_key_load = load i7* %in_key_addr, align 1

]]></Node>
<StgValue><ssdm name="in_key_load"/></StgValue>
</operation>

<operation id="62" st_id="6" stage="2" lat="2">
<core></core>
<MemPortIdVec></MemPortIdVec>
<condition id="-1">
<or_exp><and_exp><literal name="exitcond1" val="1"/>
</and_exp></or_exp>
</condition>

<Node id="70" bw="32" op_0_bw="32" op_1_bw="7" op_2_bw="8" op_3_bw="7" op_4_bw="8" op_5_bw="32" op_6_bw="32" op_7_bw="32" op_8_bw="0">
<![CDATA[
:0  %num = call fastcc i32 @BF_cfb64_encrypt([40 x i7]* %indata, [40 x i8]* %outdata, i7 %i_1, [8 x i8]* %ivec, i32 %num_0) nounwind

]]></Node>
<StgValue><ssdm name="num"/></StgValue>
</operation>
</state>

<state id="7" st_id="7">

<operation id="63" st_id="7" stage="1" lat="1">
<core>NULL</core>
<MemPortIdVec></MemPortIdVec>
<condition id="-1">
<or_exp><and_exp></and_exp></or_exp>
</condition>

<Node id="58" bw="32" op_0_bw="32" op_1_bw="0">
<![CDATA[
hls_label_5:0  %tmp_1 = call i32 (...)* @_ssdm_op_SpecRegionBegin([12 x i8]* @p_str6) nounwind

]]></Node>
<StgValue><ssdm name="tmp_1"/></StgValue>
</operation>

<operation id="64" st_id="7" stage="1" lat="1">
<core>NULL</core>
<MemPortIdVec></MemPortIdVec>
<condition id="-1">
<or_exp><and_exp></and_exp></or_exp>
</condition>

<Node id="59" bw="0" op_0_bw="0" op_1_bw="32" op_2_bw="32" op_3_bw="32" op_4_bw="0">
<![CDATA[
hls_label_5:1  call void (...)* @_ssdm_op_SpecLoopTripCount(i32 1, i32 5200, i32 2600, [1 x i8]* @p_str1) nounwind

]]></Node>
<StgValue><ssdm name="speclooptripcount_ln852"/></StgValue>
</operation>

<operation id="65" st_id="7" stage="1" lat="2">
<core>ROM_nP</core>
<MemPortIdVec></MemPortIdVec>
<condition id="-1">
<or_exp><and_exp></and_exp></or_exp>
</condition>

<Node id="63" bw="7" op_0_bw="13">
<![CDATA[
hls_label_5:5  %in_key_load = load i7* %in_key_addr, align 1

]]></Node>
<StgValue><ssdm name="in_key_load"/></StgValue>
</operation>

<operation id="66" st_id="7" stage="1" lat="1">
<core>NULL</core>
<MemPortIdVec></MemPortIdVec>
<condition id="-1">
<or_exp><and_exp></and_exp></or_exp>
</condition>

<Node id="64" bw="64" op_0_bw="32">
<![CDATA[
hls_label_5:6  %sext_ln854_1 = sext i32 %i_2 to i64

]]></Node>
<StgValue><ssdm name="sext_ln854_1"/></StgValue>
</operation>

<operation id="67" st_id="7" stage="1" lat="1">
<core>NULL</core>
<MemPortIdVec></MemPortIdVec>
<condition id="-1">
<or_exp><and_exp></and_exp></or_exp>
</condition>

<Node id="65" bw="6" op_0_bw="7" op_1_bw="64" op_2_bw="64">
<![CDATA[
hls_label_5:7  %indata_addr = getelementptr [40 x i7]* %indata, i64 0, i64 %sext_ln854_1

]]></Node>
<StgValue><ssdm name="indata_addr"/></StgValue>
</operation>

<operation id="68" st_id="7" stage="1" lat="1">
<core>RAM</core>
<MemPortIdVec></MemPortIdVec>
<condition id="-1">
<or_exp><and_exp></and_exp></or_exp>
</condition>

<Node id="66" bw="0" op_0_bw="7" op_1_bw="6">
<![CDATA[
hls_label_5:8  store i7 %in_key_load, i7* %indata_addr, align 1

]]></Node>
<StgValue><ssdm name="store_ln854"/></StgValue>
</operation>

<operation id="69" st_id="7" stage="1" lat="1">
<core>NULL</core>
<MemPortIdVec></MemPortIdVec>
<condition id="-1">
<or_exp><and_exp></and_exp></or_exp>
</condition>

<Node id="67" bw="32" op_0_bw="32" op_1_bw="0" op_2_bw="32">
<![CDATA[
hls_label_5:9  %empty_9 = call i32 (...)* @_ssdm_op_SpecRegionEnd([12 x i8]* @p_str6, i32 %tmp_1) nounwind

]]></Node>
<StgValue><ssdm name="empty_9"/></StgValue>
</operation>

<operation id="70" st_id="7" stage="1" lat="1">
<core>NULL</core>
<MemPortIdVec></MemPortIdVec>
<condition id="-1">
<or_exp><and_exp></and_exp></or_exp>
</condition>

<Node id="68" bw="0" op_0_bw="0">
<![CDATA[
hls_label_5:10  br label %5

]]></Node>
<StgValue><ssdm name="br_ln855"/></StgValue>
</operation>
</state>

<state id="8" st_id="8">

<operation id="71" st_id="8" stage="1" lat="2">
<core></core>
<MemPortIdVec></MemPortIdVec>
<condition id="-1">
<or_exp><and_exp></and_exp></or_exp>
</condition>

<Node id="70" bw="32" op_0_bw="32" op_1_bw="7" op_2_bw="8" op_3_bw="7" op_4_bw="8" op_5_bw="32" op_6_bw="32" op_7_bw="32" op_8_bw="0">
<![CDATA[
:0  %num = call fastcc i32 @BF_cfb64_encrypt([40 x i7]* %indata, [40 x i8]* %outdata, i7 %i_1, [8 x i8]* %ivec, i32 %num_0) nounwind

]]></Node>
<StgValue><ssdm name="num"/></StgValue>
</operation>

<operation id="72" st_id="8" stage="1" lat="1">
<core>NULL</core>
<MemPortIdVec></MemPortIdVec>
<condition id="-1">
<or_exp><and_exp></and_exp></or_exp>
</condition>

<Node id="71" bw="0" op_0_bw="0">
<![CDATA[
:1  br label %7

]]></Node>
<StgValue><ssdm name="br_ln859"/></StgValue>
</operation>
</state>

<state id="9" st_id="9">

<operation id="73" st_id="9" stage="1" lat="1">
<core>NULL</core>
<MemPortIdVec></MemPortIdVec>
<condition id="-1">
<or_exp><and_exp></and_exp></or_exp>
</condition>

<Node id="73" bw="32" op_0_bw="32" op_1_bw="0" op_2_bw="32" op_3_bw="0">
<![CDATA[
:0  %l_1 = phi i32 [ %l_0, %6 ], [ %add_ln863, %hls_label_6 ]

]]></Node>
<StgValue><ssdm name="l_1"/></StgValue>
</operation>

<operation id="74" st_id="9" stage="1" lat="1">
<core>NULL</core>
<MemPortIdVec></MemPortIdVec>
<condition id="-1">
<or_exp><and_exp></and_exp></or_exp>
</condition>

<Node id="74" bw="32" op_0_bw="32" op_1_bw="0" op_2_bw="32" op_3_bw="0">
<![CDATA[
:1  %j_0 = phi i32 [ 0, %6 ], [ %j, %hls_label_6 ]

]]></Node>
<StgValue><ssdm name="j_0"/></StgValue>
</operation>

<operation id="75" st_id="9" stage="1" lat="1">
<core>Cmp</core>
<MemPortIdVec></MemPortIdVec>
<condition id="-1">
<or_exp><and_exp></and_exp></or_exp>
</condition>

<Node id="75" bw="1" op_0_bw="32" op_1_bw="32">
<![CDATA[
:2  %icmp_ln859 = icmp eq i32 %l_1, %sub_ln851

]]></Node>
<StgValue><ssdm name="icmp_ln859"/></StgValue>
</operation>

<operation id="76" st_id="9" stage="1" lat="1">
<core>AddSub</core>
<MemPortIdVec></MemPortIdVec>
<condition id="-1">
<or_exp><and_exp></and_exp></or_exp>
</condition>

<Node id="76" bw="32" op_0_bw="32" op_1_bw="32">
<![CDATA[
:3  %j = add nsw i32 %j_0, 1

]]></Node>
<StgValue><ssdm name="j"/></StgValue>
</operation>

<operation id="77" st_id="9" stage="1" lat="1">
<core>NULL</core>
<MemPortIdVec></MemPortIdVec>
<condition id="-1">
<or_exp><and_exp></and_exp></or_exp>
</condition>

<Node id="77" bw="0" op_0_bw="1" op_1_bw="0" op_2_bw="0">
<![CDATA[
:4  br i1 %icmp_ln859, label %hls_label_4_end, label %hls_label_6

]]></Node>
<StgValue><ssdm name="br_ln859"/></StgValue>
</operation>

<operation id="78" st_id="9" stage="1" lat="1">
<core>NULL</core>
<MemPortIdVec></MemPortIdVec>
<condition id="-1">
<or_exp><and_exp><literal name="icmp_ln859" val="0"/>
</and_exp></or_exp>
</condition>

<Node id="82" bw="64" op_0_bw="32">
<![CDATA[
hls_label_6:3  %sext_ln863 = sext i32 %j_0 to i64

]]></Node>
<StgValue><ssdm name="sext_ln863"/></StgValue>
</operation>

<operation id="79" st_id="9" stage="1" lat="1">
<core>NULL</core>
<MemPortIdVec></MemPortIdVec>
<condition id="-1">
<or_exp><and_exp><literal name="icmp_ln859" val="0"/>
</and_exp></or_exp>
</condition>

<Node id="83" bw="6" op_0_bw="8" op_1_bw="64" op_2_bw="64">
<![CDATA[
hls_label_6:4  %outdata_addr = getelementptr inbounds [40 x i8]* %outdata, i64 0, i64 %sext_ln863

]]></Node>
<StgValue><ssdm name="outdata_addr"/></StgValue>
</operation>

<operation id="80" st_id="9" stage="2" lat="2">
<core>RAM</core>
<MemPortIdVec></MemPortIdVec>
<condition id="-1">
<or_exp><and_exp><literal name="icmp_ln859" val="0"/>
</and_exp></or_exp>
</condition>

<Node id="84" bw="8" op_0_bw="6">
<![CDATA[
hls_label_6:5  %outdata_load = load i8* %outdata_addr, align 1

]]></Node>
<StgValue><ssdm name="outdata_load"/></StgValue>
</operation>

<operation id="81" st_id="9" stage="1" lat="1">
<core>AddSub</core>
<MemPortIdVec></MemPortIdVec>
<condition id="-1">
<or_exp><and_exp><literal name="icmp_ln859" val="0"/>
</and_exp></or_exp>
</condition>

<Node id="85" bw="32" op_0_bw="32" op_1_bw="32">
<![CDATA[
hls_label_6:6  %add_ln863 = add nsw i32 %l_1, 1

]]></Node>
<StgValue><ssdm name="add_ln863"/></StgValue>
</operation>

<operation id="82" st_id="9" stage="1" lat="1">
<core>NULL</core>
<MemPortIdVec></MemPortIdVec>
<condition id="-1">
<or_exp><and_exp><literal name="icmp_ln859" val="0"/>
</and_exp></or_exp>
</condition>

<Node id="86" bw="64" op_0_bw="32">
<![CDATA[
hls_label_6:7  %sext_ln863_1 = sext i32 %l_1 to i64

]]></Node>
<StgValue><ssdm name="sext_ln863_1"/></StgValue>
</operation>

<operation id="83" st_id="9" stage="1" lat="1">
<core>NULL</core>
<MemPortIdVec></MemPortIdVec>
<condition id="-1">
<or_exp><and_exp><literal name="icmp_ln859" val="0"/>
</and_exp></or_exp>
</condition>

<Node id="87" bw="13" op_0_bw="8" op_1_bw="64" op_2_bw="64">
<![CDATA[
hls_label_6:8  %out_key_addr = getelementptr inbounds [5200 x i8]* @out_key, i64 0, i64 %sext_ln863_1

]]></Node>
<StgValue><ssdm name="out_key_addr"/></StgValue>
</operation>

<operation id="84" st_id="9" stage="2" lat="2">
<core>ROM_nP</core>
<MemPortIdVec></MemPortIdVec>
<condition id="-1">
<or_exp><and_exp><literal name="icmp_ln859" val="0"/>
</and_exp></or_exp>
</condition>

<Node id="88" bw="8" op_0_bw="13">
<![CDATA[
hls_label_6:9  %out_key_load = load i8* %out_key_addr, align 1

]]></Node>
<StgValue><ssdm name="out_key_load"/></StgValue>
</operation>

<operation id="85" st_id="9" stage="1" lat="1">
<core>NULL</core>
<MemPortIdVec></MemPortIdVec>
<condition id="-1">
<or_exp><and_exp><literal name="icmp_ln859" val="1"/>
</and_exp></or_exp>
</condition>

<Node id="96" bw="32" op_0_bw="32" op_1_bw="0" op_2_bw="32">
<![CDATA[
hls_label_4_end:0  %empty_11 = call i32 (...)* @_ssdm_op_SpecRegionEnd([12 x i8]* @p_str5, i32 %tmp) nounwind

]]></Node>
<StgValue><ssdm name="empty_11"/></StgValue>
</operation>

<operation id="86" st_id="9" stage="1" lat="1">
<core>NULL</core>
<MemPortIdVec></MemPortIdVec>
<condition id="-1">
<or_exp><and_exp><literal name="icmp_ln859" val="1"/>
</and_exp></or_exp>
</condition>

<Node id="97" bw="0" op_0_bw="0">
<![CDATA[
hls_label_4_end:1  br label %4

]]></Node>
<StgValue><ssdm name="br_ln866"/></StgValue>
</operation>
</state>

<state id="10" st_id="10">

<operation id="87" st_id="10" stage="1" lat="2">
<core>RAM</core>
<MemPortIdVec></MemPortIdVec>
<condition id="-1">
<or_exp><and_exp></and_exp></or_exp>
</condition>

<Node id="84" bw="8" op_0_bw="6">
<![CDATA[
hls_label_6:5  %outdata_load = load i8* %outdata_addr, align 1

]]></Node>
<StgValue><ssdm name="outdata_load"/></StgValue>
</operation>

<operation id="88" st_id="10" stage="1" lat="2">
<core>ROM_nP</core>
<MemPortIdVec></MemPortIdVec>
<condition id="-1">
<or_exp><and_exp></and_exp></or_exp>
</condition>

<Node id="88" bw="8" op_0_bw="13">
<![CDATA[
hls_label_6:9  %out_key_load = load i8* %out_key_addr, align 1

]]></Node>
<StgValue><ssdm name="out_key_load"/></StgValue>
</operation>

<operation id="89" st_id="10" stage="1" lat="1">
<core>Cmp</core>
<MemPortIdVec></MemPortIdVec>
<condition id="-1">
<or_exp><and_exp></and_exp></or_exp>
</condition>

<Node id="89" bw="1" op_0_bw="8" op_1_bw="8">
<![CDATA[
hls_label_6:10  %icmp_ln863 = icmp ne i8 %outdata_load, %out_key_load

]]></Node>
<StgValue><ssdm name="icmp_ln863"/></StgValue>
</operation>
</state>

<state id="11" st_id="11">

<operation id="90" st_id="11" stage="1" lat="1">
<core>NULL</core>
<MemPortIdVec></MemPortIdVec>
<condition id="-1">
<or_exp><and_exp></and_exp></or_exp>
</condition>

<Node id="79" bw="32" op_0_bw="32" op_1_bw="0">
<![CDATA[
hls_label_6:0  %check_1_load_1 = load i32* %check_1

]]></Node>
<StgValue><ssdm name="check_1_load_1"/></StgValue>
</operation>

<operation id="91" st_id="11" stage="1" lat="1">
<core>NULL</core>
<MemPortIdVec></MemPortIdVec>
<condition id="-1">
<or_exp><and_exp></and_exp></or_exp>
</condition>

<Node id="80" bw="32" op_0_bw="32" op_1_bw="0">
<![CDATA[
hls_label_6:1  %tmp_2 = call i32 (...)* @_ssdm_op_SpecRegionBegin([12 x i8]* @p_str7) nounwind

]]></Node>
<StgValue><ssdm name="tmp_2"/></StgValue>
</operation>

<operation id="92" st_id="11" stage="1" lat="1">
<core>NULL</core>
<MemPortIdVec></MemPortIdVec>
<condition id="-1">
<or_exp><and_exp></and_exp></or_exp>
</condition>

<Node id="81" bw="0" op_0_bw="0" op_1_bw="32" op_2_bw="32" op_3_bw="32" op_4_bw="0">
<![CDATA[
hls_label_6:2  call void (...)* @_ssdm_op_SpecLoopTripCount(i32 1, i32 5200, i32 2600, [1 x i8]* @p_str1) nounwind

]]></Node>
<StgValue><ssdm name="speclooptripcount_ln860"/></StgValue>
</operation>

<operation id="93" st_id="11" stage="1" lat="1">
<core>NULL</core>
<MemPortIdVec></MemPortIdVec>
<condition id="-1">
<or_exp><and_exp></and_exp></or_exp>
</condition>

<Node id="90" bw="32" op_0_bw="1">
<![CDATA[
hls_label_6:11  %zext_ln863 = zext i1 %icmp_ln863 to i32

]]></Node>
<StgValue><ssdm name="zext_ln863"/></StgValue>
</operation>

<operation id="94" st_id="11" stage="1" lat="1">
<core>AddSub</core>
<MemPortIdVec></MemPortIdVec>
<condition id="-1">
<or_exp><and_exp></and_exp></or_exp>
</condition>

<Node id="91" bw="32" op_0_bw="32" op_1_bw="32">
<![CDATA[
hls_label_6:12  %check = add nsw i32 %zext_ln863, %check_1_load_1

]]></Node>
<StgValue><ssdm name="check"/></StgValue>
</operation>

<operation id="95" st_id="11" stage="1" lat="1">
<core>NULL</core>
<MemPortIdVec></MemPortIdVec>
<condition id="-1">
<or_exp><and_exp></and_exp></or_exp>
</condition>

<Node id="92" bw="32" op_0_bw="32" op_1_bw="0" op_2_bw="32">
<![CDATA[
hls_label_6:13  %empty_10 = call i32 (...)* @_ssdm_op_SpecRegionEnd([12 x i8]* @p_str7, i32 %tmp_2) nounwind

]]></Node>
<StgValue><ssdm name="empty_10"/></StgValue>
</operation>

<operation id="96" st_id="11" stage="1" lat="1">
<core>NULL</core>
<MemPortIdVec></MemPortIdVec>
<condition id="-1">
<or_exp><and_exp></and_exp></or_exp>
</condition>

<Node id="93" bw="0" op_0_bw="32" op_1_bw="32" op_2_bw="32" op_3_bw="0">
<![CDATA[
hls_label_6:14  store i32 %check, i32* %check_1

]]></Node>
<StgValue><ssdm name="store_ln859"/></StgValue>
</operation>

<operation id="97" st_id="11" stage="1" lat="1">
<core>NULL</core>
<MemPortIdVec></MemPortIdVec>
<condition id="-1">
<or_exp><and_exp></and_exp></or_exp>
</condition>

<Node id="94" bw="0" op_0_bw="0">
<![CDATA[
hls_label_6:15  br label %7

]]></Node>
<StgValue><ssdm name="br_ln859"/></StgValue>
</operation>
</state>
</state_list>


<ports>
</ports>


<dataflows>
</dataflows>


</stg>
