<profile>

<section name = "Vivado HLS Report for 'blowfish_main'" level="0">
<item name = "Date">Sat Apr 10 21:35:48 2021
</item>
<item name = "Version">2019.1 (Build 2552052 on Fri May 24 15:28:33 MDT 2019)</item>
<item name = "Project">Blowfish.prj</item>
<item name = "Solution">Baseline</item>
<item name = "Product family">zynq</item>
<item name = "Target device">xc7z020-clg484-1</item>
</section>

<section name = "Performance Estimates" level="0">
<item name = "Timing (ns)">
<section name = "" level="1">
<item name = "Summary"><table name="" hasTotal="0">
<keys size="4">Clock, Target, Estimated, Uncertainty</keys>
<column name="ap_clk">10.00, 8.750, 1.25</column>
</table>
</item>
</section>
</item>
<item name = "Latency (clock cycles)">
<section name = "" level="1">
<item name = "Summary"><table name="" hasTotal="0">
<keys size="6">, min, max, min, max, Type</keys>
<column name="">36036, 2866307221, 36036, 2866307221, none</column>
</table>
</item>
<item name = "Detail">
<section name = "" level="1">
<item name = "Instance"><table name="" hasTotal="0">
<keys size="7">Instance, Module, min, max, min, max, Type</keys>
<column name="grp_BF_set_key_fu_242">BF_set_key, 36010, 36010, 36010, 36010, none</column>
<column name="grp_BF_cfb64_encrypt_fu_256">BF_cfb64_encrypt, 5, 525201, 5, 525201, none</column>
</table>
</item>
<item name = "Loop"><table name="" hasTotal="0">
<keys size="8">Loop Name, min, max, Latency, achieved, target, Count, Pipelined</keys>
<column name="- Loop 1">8, 8, 1, -, -, 8, no</column>
<column name="- Loop 2">15, 2866271200, 15 ~ 551206, -, -, 1 ~ 5200, no</column>
<column name=" + Loop 2.1">2, 10400, 2, -, -, 1 ~ 5200, no</column>
<column name=" + Loop 2.2">3, 15600, 3, -, -, 1 ~ 5200, no</column>
</table>
</item>
</section>
</item>
</section>
</item>
</section>

<section name = "Utilization Estimates" level="0">
<item name = "Summary"><table name="" hasTotal="1">
<keys size="6">Name, BRAM_18K, DSP48E, FF, LUT, URAM</keys>
<column name="DSP">-, -, -, -, -</column>
<column name="Expression">-, -, 0, 498, -</column>
<column name="FIFO">-, -, -, -, -</column>
<column name="Instance">2, -, 6670, 17007, -</column>
<column name="Memory">13, -, 46, 11, 0</column>
<column name="Multiplexer">-, -, -, 437, -</column>
<column name="Register">-, -, 506, -, -</column>
<specialColumn name="Available">280, 220, 106400, 53200, 0</specialColumn>
<specialColumn name="Utilization (%)">5, 0, 6, 33, 0</specialColumn>
</table>
</item>
<item name = "Detail">
<section name = "" level="1">
<item name = "Instance"><table name="" hasTotal="1">
<keys size="7">Instance, Module, BRAM_18K, DSP48E, FF, LUT, URAM</keys>
<column name="grp_BF_cfb64_encrypt_fu_256">BF_cfb64_encrypt, 0, 0, 3292, 7868, 0</column>
<column name="grp_BF_set_key_fu_242">BF_set_key, 2, 0, 3378, 9139, 0</column>
</table>
</item>
<item name = "DSP48E"><table name="" hasTotal="0">
<keys size="3">Instance, Module, Expression</keys>
</table>
</item>
<item name = "Memory"><table name="" hasTotal="1">
<keys size="10">Memory, Module, BRAM_18K, FF, LUT, URAM, Words, Bits, Banks, W*Bits*Banks</keys>
<column name="in_key_U">blowfish_main_in_dEe, 4, 0, 0, 0, 5200, 7, 1, 36400</column>
<column name="indata_U">blowfish_main_indfYi, 0, 14, 5, 0, 40, 7, 1, 280</column>
<column name="ivec_U">blowfish_main_ivec, 1, 0, 0, 0, 8, 8, 1, 64</column>
<column name="key_P_U">blowfish_main_key_P, 2, 0, 0, 0, 18, 32, 1, 576</column>
<column name="key_S_U">blowfish_main_key_S, 2, 0, 0, 0, 1024, 32, 1, 32768</column>
<column name="out_key_U">blowfish_main_outeOg, 4, 0, 0, 0, 5200, 8, 1, 41600</column>
<column name="outdata_U">blowfish_main_outg8j, 0, 16, 5, 0, 40, 8, 1, 320</column>
<column name="ukey_U">blowfish_main_ukey, 0, 16, 1, 0, 8, 8, 1, 64</column>
</table>
</item>
<item name = "FIFO"><table name="" hasTotal="1">
<keys size="8">Name, BRAM_18K, FF, LUT, URAM, Depth, Bits, Size:D*B</keys>
</table>
</item>
<item name = "Expression"><table name="" hasTotal="1">
<keys size="7">Variable Name, Operation, DSP48E, FF, LUT, Bitwidth P0, Bitwidth P1</keys>
<column name="add_ln851_1_fu_352_p2">+, 0, 0, 32, 2, 32</column>
<column name="add_ln851_2_cast_fu_323_p2">+, 0, 0, 15, 6, 7</column>
<column name="add_ln851_2_fu_301_p2">+, 0, 0, 39, 14, 32</column>
<column name="add_ln851_fu_313_p2">+, 0, 0, 32, 2, 32</column>
<column name="add_ln854_1_fu_369_p2">+, 0, 0, 39, 32, 1</column>
<column name="add_ln854_fu_375_p2">+, 0, 0, 39, 32, 1</column>
<column name="add_ln863_fu_407_p2">+, 0, 0, 39, 32, 1</column>
<column name="check_fu_427_p2">+, 0, 0, 39, 32, 32</column>
<column name="i_fu_279_p2">+, 0, 0, 13, 4, 1</column>
<column name="j_fu_396_p2">+, 0, 0, 39, 32, 1</column>
<column name="k_fu_346_p2">-, 0, 0, 32, 32, 32</column>
<column name="sub_ln851_fu_358_p2">-, 0, 0, 32, 32, 32</column>
<column name="empty_fu_307_p2">icmp, 0, 0, 18, 32, 7</column>
<column name="exitcond1_fu_364_p2">icmp, 0, 0, 18, 32, 32</column>
<column name="icmp_ln837_fu_273_p2">icmp, 0, 0, 11, 4, 5</column>
<column name="icmp_ln846_fu_295_p2">icmp, 0, 0, 18, 32, 13</column>
<column name="icmp_ln859_fu_391_p2">icmp, 0, 0, 18, 32, 32</column>
<column name="icmp_ln863_fu_418_p2">icmp, 0, 0, 11, 8, 8</column>
<column name="umax_fu_329_p3">select, 0, 0, 7, 1, 7</column>
<column name="i_1_fu_340_p2">xor, 0, 0, 7, 7, 2</column>
</table>
</item>
<item name = "Multiplexer"><table name="" hasTotal="1">
<keys size="5">Name, LUT, Input Size, Bits, Total Bits</keys>
<column name="ap_NS_fsm">53, 12, 1, 12</column>
<column name="check_1_fu_84">9, 2, 32, 64</column>
<column name="i_0_reg_152">9, 2, 4, 8</column>
<column name="i_2_reg_209">9, 2, 32, 64</column>
<column name="indata_address0">15, 3, 6, 18</column>
<column name="indata_ce0">15, 3, 1, 3</column>
<column name="ivec_address0">15, 3, 3, 9</column>
<column name="ivec_ce0">15, 3, 1, 3</column>
<column name="ivec_ce1">9, 2, 1, 2</column>
<column name="ivec_d0">15, 3, 8, 24</column>
<column name="ivec_we0">15, 3, 1, 3</column>
<column name="ivec_we1">9, 2, 1, 2</column>
<column name="j_0_reg_231">9, 2, 32, 64</column>
<column name="k_0_reg_187">9, 2, 32, 64</column>
<column name="k_1_reg_199">9, 2, 32, 64</column>
<column name="key_P_address0">15, 3, 5, 15</column>
<column name="key_P_address1">15, 3, 5, 15</column>
<column name="key_P_ce0">15, 3, 1, 3</column>
<column name="key_P_ce1">15, 3, 1, 3</column>
<column name="key_P_we0">9, 2, 1, 2</column>
<column name="key_P_we1">9, 2, 1, 2</column>
<column name="key_S_address0">15, 3, 10, 30</column>
<column name="key_S_address1">15, 3, 10, 30</column>
<column name="key_S_ce0">15, 3, 1, 3</column>
<column name="key_S_ce1">15, 3, 1, 3</column>
<column name="key_S_we0">9, 2, 1, 2</column>
<column name="key_S_we1">9, 2, 1, 2</column>
<column name="l_0_reg_175">9, 2, 32, 64</column>
<column name="l_1_reg_221">9, 2, 32, 64</column>
<column name="num_0_reg_163">9, 2, 32, 64</column>
<column name="outdata_address0">15, 3, 6, 18</column>
<column name="outdata_ce0">15, 3, 1, 3</column>
<column name="outdata_we0">9, 2, 1, 2</column>
</table>
</item>
<item name = "Register"><table name="" hasTotal="1">
<keys size="5">Name, FF, LUT, Bits, Const Bits</keys>
<column name="add_ln854_1_reg_481">32, 0, 32, 0</column>
<column name="add_ln854_reg_486">32, 0, 32, 0</column>
<column name="add_ln863_reg_514">32, 0, 32, 0</column>
<column name="ap_CS_fsm">11, 0, 11, 0</column>
<column name="check_1_fu_84">32, 0, 32, 0</column>
<column name="empty_reg_456">1, 0, 1, 0</column>
<column name="grp_BF_cfb64_encrypt_fu_256_ap_start_reg">1, 0, 1, 0</column>
<column name="grp_BF_set_key_fu_242_ap_start_reg">1, 0, 1, 0</column>
<column name="i_0_reg_152">4, 0, 4, 0</column>
<column name="i_1_reg_461">7, 0, 7, 0</column>
<column name="i_2_reg_209">32, 0, 32, 0</column>
<column name="icmp_ln863_reg_524">1, 0, 1, 0</column>
<column name="j_0_reg_231">32, 0, 32, 0</column>
<column name="j_reg_504">32, 0, 32, 0</column>
<column name="k_0_reg_187">32, 0, 32, 0</column>
<column name="k_1_reg_199">32, 0, 32, 0</column>
<column name="k_reg_466">32, 0, 32, 0</column>
<column name="l_0_reg_175">32, 0, 32, 0</column>
<column name="l_1_reg_221">32, 0, 32, 0</column>
<column name="num_0_reg_163">32, 0, 32, 0</column>
<column name="num_reg_496">32, 0, 32, 0</column>
<column name="sub_ln851_reg_472">32, 0, 32, 0</column>
</table>
</item>
</section>
</item>
</section>

<section name = "Interface" level="0">
<item name = "Summary"><table name="" hasTotal="0">
<keys size="6">RTL Ports, Dir, Bits, Protocol, Source Object, C Type</keys>
<column name="ap_clk">in, 1, ap_ctrl_hs, blowfish_main, return value</column>
<column name="ap_rst">in, 1, ap_ctrl_hs, blowfish_main, return value</column>
<column name="ap_start">in, 1, ap_ctrl_hs, blowfish_main, return value</column>
<column name="ap_done">out, 1, ap_ctrl_hs, blowfish_main, return value</column>
<column name="ap_idle">out, 1, ap_ctrl_hs, blowfish_main, return value</column>
<column name="ap_ready">out, 1, ap_ctrl_hs, blowfish_main, return value</column>
<column name="ap_return">out, 32, ap_ctrl_hs, blowfish_main, return value</column>
</table>
</item>
</section>
</profile>
