<profile>

<section name = "Vivado HLS Report for 'BF_cfb64_encrypt'" level="0">
<item name = "Date">Wed Mar 31 12:31:27 2021
</item>
<item name = "Version">2017.2 (Build 1909853 on Thu Jun 15 18:55:24 MDT 2017)</item>
<item name = "Project">pro</item>
<item name = "Solution">solution3</item>
<item name = "Product family">zynq</item>
<item name = "Target device">xc7z020clg484-1</item>
</section>

<section name = "Performance Estimates" level="0">
<item name = "Timing (ns)">
<section name = "" level="1">
<item name = "Summary"><table name="" hasTotal="0">
<keys size="4">Clock, Target, Estimated, Uncertainty</keys>
<column name="ap_clk">10.00, 8.22, 1.25</column>
</table>
</item>
</section>
</item>
<item name = "Latency (clock cycles)">
<section name = "" level="1">
<item name = "Summary"><table name="" hasTotal="0">
<keys size="6">, min, max, min, max, Type</keys>
<column name="">?, ?, ?, ?, none</column>
</table>
</item>
<item name = "Detail">
<section name = "" level="1">
<item name = "Instance"><table name="" hasTotal="0">
<keys size="7">Instance, Module, min, max, min, max, Type</keys>
<column name="grp_BF_encrypt_fu_201">BF_encrypt, 63, 63, 32, 32, function</column>
</table>
</item>
<item name = "Loop"><table name="" hasTotal="0">
<keys size="8">Loop Name, min, max, Latency, achieved, target, Count, Pipelined</keys>
<column name="- Loop 1">?, ?, 4 ~ 74, -, -, ?, no</column>
</table>
</item>
</section>
</item>
</section>
</item>
</section>

<section name = "Utilization Estimates" level="0">
<item name = "Summary"><table name="" hasTotal="1">
<keys size="5">Name, BRAM_18K, DSP48E, FF, LUT</keys>
<column name="DSP">-, -, -, -</column>
<column name="Expression">-, -, 216, 123</column>
<column name="FIFO">-, -, -, -</column>
<column name="Instance">-, -, 9385, 6921</column>
<column name="Memory">-, -, -, -</column>
<column name="Multiplexer">-, -, -, 531</column>
<column name="Register">-, -, 399, -</column>
<specialColumn name="Available">280, 220, 106400, 53200</specialColumn>
<specialColumn name="Utilization (%)">0, 0, 9, 14</specialColumn>
</table>
</item>
<item name = "Detail">
<section name = "" level="1">
<item name = "Instance"><table name="" hasTotal="1">
<keys size="6">Instance, Module, BRAM_18K, DSP48E, FF, LUT</keys>
<column name="grp_BF_encrypt_fu_201">BF_encrypt, 0, 0, 9385, 6921</column>
</table>
</item>
<item name = "DSP48"><table name="" hasTotal="0">
<keys size="3">Instance, Module, Expression</keys>
</table>
</item>
<item name = "Memory"><table name="" hasTotal="1">
<keys size="9">Memory, Module, BRAM_18K, FF, LUT, Words, Bits, Banks, W*Bits*Banks</keys>
</table>
</item>
<item name = "FIFO"><table name="" hasTotal="1">
<keys size="7">Name, BRAM_18K, FF, LUT, Depth, Bits, Size:D*B</keys>
</table>
</item>
<item name = "Expression"><table name="" hasTotal="1">
<keys size="7">Variable Name, Operation, DSP48E, FF, LUT, Bitwidth P0, Bitwidth P1</keys>
<column name="l_9_fu_215_p2">+, 0, 101, 37, 32, 2</column>
<column name="n_fu_339_p2">+, 0, 14, 9, 1, 3</column>
<column name="p_rec4_fu_227_p2">+, 0, 101, 37, 32, 1</column>
<column name="tmp_212_fu_233_p2">icmp, 0, 0, 16, 32, 1</column>
<column name="tmp_s_fu_221_p2">icmp, 0, 0, 16, 32, 1</column>
<column name="c_fu_353_p2">xor, 0, 0, 8, 8, 8</column>
</table>
</item>
<item name = "Multiplexer"><table name="" hasTotal="1">
<keys size="5">Name, LUT, Input Size, Bits, Total Bits</keys>
<column name="ap_NS_fsm">369, 76, 1, 76</column>
<column name="ap_return">9, 2, 32, 64</column>
<column name="ivec_address0">33, 6, 3, 18</column>
<column name="ivec_address1">33, 6, 3, 18</column>
<column name="ivec_d0">27, 5, 8, 40</column>
<column name="ivec_d1">33, 6, 8, 48</column>
<column name="l_reg_179">9, 2, 32, 64</column>
<column name="num_write_assign_reg_168">9, 2, 32, 64</column>
<column name="p_01_rec_reg_188">9, 2, 32, 64</column>
</table>
</item>
<item name = "Register"><table name="" hasTotal="1">
<keys size="5">Name, FF, LUT, Bits, Const Bits</keys>
<column name="ap_CS_fsm">75, 0, 75, 0</column>
<column name="ap_reg_grp_BF_encrypt_fu_201_ap_start">1, 0, 1, 0</column>
<column name="ap_return_preg">32, 0, 32, 0</column>
<column name="in_addr_reg_411">6, 0, 6, 0</column>
<column name="iv_1_load_reg_448">8, 0, 8, 0</column>
<column name="iv_2_load_reg_453">8, 0, 8, 0</column>
<column name="iv_3_load_reg_458">8, 0, 8, 0</column>
<column name="iv_4_load_reg_463">8, 0, 8, 0</column>
<column name="iv_load_reg_443">8, 0, 8, 0</column>
<column name="ivec_addr_8_reg_518">3, 0, 3, 0</column>
<column name="ivec_load_reg_438">8, 0, 8, 0</column>
<column name="l_9_reg_421">32, 0, 32, 0</column>
<column name="l_reg_179">32, 0, 32, 0</column>
<column name="n_cast_reg_524">3, 0, 32, 29</column>
<column name="num_write_assign_reg_168">32, 0, 32, 0</column>
<column name="out_addr_reg_416">6, 0, 6, 0</column>
<column name="p_01_rec_reg_188">32, 0, 32, 0</column>
<column name="p_rec4_reg_429">32, 0, 32, 0</column>
<column name="tmp_212_reg_434">1, 0, 1, 0</column>
<column name="tmp_218_reg_478">8, 0, 8, 0</column>
<column name="tmp_220_reg_483">8, 0, 8, 0</column>
<column name="tmp_222_reg_488">8, 0, 8, 0</column>
<column name="tmp_225_reg_498">8, 0, 8, 0</column>
<column name="tmp_227_reg_503">8, 0, 8, 0</column>
<column name="tmp_229_reg_508">8, 0, 8, 0</column>
<column name="tmp_547_reg_513">8, 0, 8, 0</column>
<column name="tmp_reg_493">8, 0, 8, 0</column>
</table>
</item>
</section>
</item>
</section>

<section name = "Interface" level="0">
<item name = "Summary"><table name="" hasTotal="0">
<keys size="6">RTL Ports, Dir, Bits, Protocol, Source Object, C Type</keys>
<column name="ap_clk">in, 1, ap_ctrl_hs, BF_cfb64_encrypt, return value</column>
<column name="ap_rst">in, 1, ap_ctrl_hs, BF_cfb64_encrypt, return value</column>
<column name="ap_start">in, 1, ap_ctrl_hs, BF_cfb64_encrypt, return value</column>
<column name="ap_done">out, 1, ap_ctrl_hs, BF_cfb64_encrypt, return value</column>
<column name="ap_idle">out, 1, ap_ctrl_hs, BF_cfb64_encrypt, return value</column>
<column name="ap_ready">out, 1, ap_ctrl_hs, BF_cfb64_encrypt, return value</column>
<column name="ap_return">out, 32, ap_ctrl_hs, BF_cfb64_encrypt, return value</column>
<column name="in_r_address0">out, 6, ap_memory, in_r, array</column>
<column name="in_r_ce0">out, 1, ap_memory, in_r, array</column>
<column name="in_r_q0">in, 7, ap_memory, in_r, array</column>
<column name="out_r_address0">out, 6, ap_memory, out_r, array</column>
<column name="out_r_ce0">out, 1, ap_memory, out_r, array</column>
<column name="out_r_we0">out, 1, ap_memory, out_r, array</column>
<column name="out_r_d0">out, 8, ap_memory, out_r, array</column>
<column name="length_r">in, 7, ap_none, length_r, scalar</column>
<column name="ivec_address0">out, 3, ap_memory, ivec, array</column>
<column name="ivec_ce0">out, 1, ap_memory, ivec, array</column>
<column name="ivec_we0">out, 1, ap_memory, ivec, array</column>
<column name="ivec_d0">out, 8, ap_memory, ivec, array</column>
<column name="ivec_q0">in, 8, ap_memory, ivec, array</column>
<column name="ivec_address1">out, 3, ap_memory, ivec, array</column>
<column name="ivec_ce1">out, 1, ap_memory, ivec, array</column>
<column name="ivec_we1">out, 1, ap_memory, ivec, array</column>
<column name="ivec_d1">out, 8, ap_memory, ivec, array</column>
<column name="ivec_q1">in, 8, ap_memory, ivec, array</column>
<column name="num_read">in, 32, ap_none, num_read, scalar</column>
<column name="key_S_address0">out, 10, ap_memory, key_S, array</column>
<column name="key_S_ce0">out, 1, ap_memory, key_S, array</column>
<column name="key_S_q0">in, 32, ap_memory, key_S, array</column>
<column name="key_S_address1">out, 10, ap_memory, key_S, array</column>
<column name="key_S_ce1">out, 1, ap_memory, key_S, array</column>
<column name="key_S_q1">in, 32, ap_memory, key_S, array</column>
<column name="key_P_address0">out, 5, ap_memory, key_P, array</column>
<column name="key_P_ce0">out, 1, ap_memory, key_P, array</column>
<column name="key_P_q0">in, 32, ap_memory, key_P, array</column>
<column name="key_P_address1">out, 5, ap_memory, key_P, array</column>
<column name="key_P_ce1">out, 1, ap_memory, key_P, array</column>
<column name="key_P_q1">in, 32, ap_memory, key_P, array</column>
</table>
</item>
</section>
</profile>
