<stg><name>BF_cfb64_encrypt</name>


<trans_list>

<trans id="214" from="1" to="2">
<condition id="89">
<or_exp><and_exp></and_exp></or_exp>
</condition>
</trans>

<trans id="215" from="2" to="3">
<condition id="90">
<or_exp><and_exp><literal name="tmp_s" val="0"/>
<literal name="tmp_212" val="1"/>
</and_exp></or_exp>
</condition>
</trans>

<trans id="216" from="2" to="73">
<condition id="91">
<or_exp><and_exp><literal name="tmp_s" val="0"/>
<literal name="tmp_212" val="0"/>
</and_exp></or_exp>
</condition>
</trans>

<trans id="218" from="3" to="4">
<condition id="93">
<or_exp><and_exp></and_exp></or_exp>
</condition>
</trans>

<trans id="219" from="4" to="5">
<condition id="94">
<or_exp><and_exp></and_exp></or_exp>
</condition>
</trans>

<trans id="220" from="5" to="6">
<condition id="95">
<or_exp><and_exp></and_exp></or_exp>
</condition>
</trans>

<trans id="221" from="6" to="7">
<condition id="96">
<or_exp><and_exp></and_exp></or_exp>
</condition>
</trans>

<trans id="222" from="7" to="8">
<condition id="97">
<or_exp><and_exp></and_exp></or_exp>
</condition>
</trans>

<trans id="223" from="8" to="9">
<condition id="98">
<or_exp><and_exp></and_exp></or_exp>
</condition>
</trans>

<trans id="224" from="9" to="10">
<condition id="99">
<or_exp><and_exp></and_exp></or_exp>
</condition>
</trans>

<trans id="225" from="10" to="11">
<condition id="100">
<or_exp><and_exp></and_exp></or_exp>
</condition>
</trans>

<trans id="226" from="11" to="12">
<condition id="101">
<or_exp><and_exp></and_exp></or_exp>
</condition>
</trans>

<trans id="227" from="12" to="13">
<condition id="102">
<or_exp><and_exp></and_exp></or_exp>
</condition>
</trans>

<trans id="228" from="13" to="14">
<condition id="103">
<or_exp><and_exp></and_exp></or_exp>
</condition>
</trans>

<trans id="229" from="14" to="15">
<condition id="104">
<or_exp><and_exp></and_exp></or_exp>
</condition>
</trans>

<trans id="230" from="15" to="16">
<condition id="105">
<or_exp><and_exp></and_exp></or_exp>
</condition>
</trans>

<trans id="231" from="16" to="17">
<condition id="106">
<or_exp><and_exp></and_exp></or_exp>
</condition>
</trans>

<trans id="232" from="17" to="18">
<condition id="107">
<or_exp><and_exp></and_exp></or_exp>
</condition>
</trans>

<trans id="233" from="18" to="19">
<condition id="108">
<or_exp><and_exp></and_exp></or_exp>
</condition>
</trans>

<trans id="234" from="19" to="20">
<condition id="109">
<or_exp><and_exp></and_exp></or_exp>
</condition>
</trans>

<trans id="235" from="20" to="21">
<condition id="110">
<or_exp><and_exp></and_exp></or_exp>
</condition>
</trans>

<trans id="236" from="21" to="22">
<condition id="111">
<or_exp><and_exp></and_exp></or_exp>
</condition>
</trans>

<trans id="237" from="22" to="23">
<condition id="112">
<or_exp><and_exp></and_exp></or_exp>
</condition>
</trans>

<trans id="238" from="23" to="24">
<condition id="113">
<or_exp><and_exp></and_exp></or_exp>
</condition>
</trans>

<trans id="239" from="24" to="25">
<condition id="114">
<or_exp><and_exp></and_exp></or_exp>
</condition>
</trans>

<trans id="240" from="25" to="26">
<condition id="115">
<or_exp><and_exp></and_exp></or_exp>
</condition>
</trans>

<trans id="241" from="26" to="27">
<condition id="116">
<or_exp><and_exp></and_exp></or_exp>
</condition>
</trans>

<trans id="242" from="27" to="28">
<condition id="117">
<or_exp><and_exp></and_exp></or_exp>
</condition>
</trans>

<trans id="243" from="28" to="29">
<condition id="118">
<or_exp><and_exp></and_exp></or_exp>
</condition>
</trans>

<trans id="244" from="29" to="30">
<condition id="119">
<or_exp><and_exp></and_exp></or_exp>
</condition>
</trans>

<trans id="245" from="30" to="31">
<condition id="120">
<or_exp><and_exp></and_exp></or_exp>
</condition>
</trans>

<trans id="246" from="31" to="32">
<condition id="121">
<or_exp><and_exp></and_exp></or_exp>
</condition>
</trans>

<trans id="247" from="32" to="33">
<condition id="122">
<or_exp><and_exp></and_exp></or_exp>
</condition>
</trans>

<trans id="248" from="33" to="34">
<condition id="123">
<or_exp><and_exp></and_exp></or_exp>
</condition>
</trans>

<trans id="249" from="34" to="35">
<condition id="124">
<or_exp><and_exp></and_exp></or_exp>
</condition>
</trans>

<trans id="250" from="35" to="36">
<condition id="125">
<or_exp><and_exp></and_exp></or_exp>
</condition>
</trans>

<trans id="251" from="36" to="37">
<condition id="126">
<or_exp><and_exp></and_exp></or_exp>
</condition>
</trans>

<trans id="252" from="37" to="38">
<condition id="127">
<or_exp><and_exp></and_exp></or_exp>
</condition>
</trans>

<trans id="253" from="38" to="39">
<condition id="128">
<or_exp><and_exp></and_exp></or_exp>
</condition>
</trans>

<trans id="254" from="39" to="40">
<condition id="129">
<or_exp><and_exp></and_exp></or_exp>
</condition>
</trans>

<trans id="255" from="40" to="41">
<condition id="130">
<or_exp><and_exp></and_exp></or_exp>
</condition>
</trans>

<trans id="256" from="41" to="42">
<condition id="131">
<or_exp><and_exp></and_exp></or_exp>
</condition>
</trans>

<trans id="257" from="42" to="43">
<condition id="132">
<or_exp><and_exp></and_exp></or_exp>
</condition>
</trans>

<trans id="258" from="43" to="44">
<condition id="133">
<or_exp><and_exp></and_exp></or_exp>
</condition>
</trans>

<trans id="259" from="44" to="45">
<condition id="134">
<or_exp><and_exp></and_exp></or_exp>
</condition>
</trans>

<trans id="260" from="45" to="46">
<condition id="135">
<or_exp><and_exp></and_exp></or_exp>
</condition>
</trans>

<trans id="261" from="46" to="47">
<condition id="136">
<or_exp><and_exp></and_exp></or_exp>
</condition>
</trans>

<trans id="262" from="47" to="48">
<condition id="137">
<or_exp><and_exp></and_exp></or_exp>
</condition>
</trans>

<trans id="263" from="48" to="49">
<condition id="138">
<or_exp><and_exp></and_exp></or_exp>
</condition>
</trans>

<trans id="264" from="49" to="50">
<condition id="139">
<or_exp><and_exp></and_exp></or_exp>
</condition>
</trans>

<trans id="265" from="50" to="51">
<condition id="140">
<or_exp><and_exp></and_exp></or_exp>
</condition>
</trans>

<trans id="266" from="51" to="52">
<condition id="141">
<or_exp><and_exp></and_exp></or_exp>
</condition>
</trans>

<trans id="267" from="52" to="53">
<condition id="142">
<or_exp><and_exp></and_exp></or_exp>
</condition>
</trans>

<trans id="268" from="53" to="54">
<condition id="143">
<or_exp><and_exp></and_exp></or_exp>
</condition>
</trans>

<trans id="269" from="54" to="55">
<condition id="144">
<or_exp><and_exp></and_exp></or_exp>
</condition>
</trans>

<trans id="270" from="55" to="56">
<condition id="145">
<or_exp><and_exp></and_exp></or_exp>
</condition>
</trans>

<trans id="271" from="56" to="57">
<condition id="146">
<or_exp><and_exp></and_exp></or_exp>
</condition>
</trans>

<trans id="272" from="57" to="58">
<condition id="147">
<or_exp><and_exp></and_exp></or_exp>
</condition>
</trans>

<trans id="273" from="58" to="59">
<condition id="148">
<or_exp><and_exp></and_exp></or_exp>
</condition>
</trans>

<trans id="274" from="59" to="60">
<condition id="149">
<or_exp><and_exp></and_exp></or_exp>
</condition>
</trans>

<trans id="275" from="60" to="61">
<condition id="150">
<or_exp><and_exp></and_exp></or_exp>
</condition>
</trans>

<trans id="276" from="61" to="62">
<condition id="151">
<or_exp><and_exp></and_exp></or_exp>
</condition>
</trans>

<trans id="277" from="62" to="63">
<condition id="152">
<or_exp><and_exp></and_exp></or_exp>
</condition>
</trans>

<trans id="278" from="63" to="64">
<condition id="153">
<or_exp><and_exp></and_exp></or_exp>
</condition>
</trans>

<trans id="279" from="64" to="65">
<condition id="154">
<or_exp><and_exp></and_exp></or_exp>
</condition>
</trans>

<trans id="280" from="65" to="66">
<condition id="155">
<or_exp><and_exp></and_exp></or_exp>
</condition>
</trans>

<trans id="281" from="66" to="67">
<condition id="156">
<or_exp><and_exp></and_exp></or_exp>
</condition>
</trans>

<trans id="282" from="67" to="68">
<condition id="157">
<or_exp><and_exp></and_exp></or_exp>
</condition>
</trans>

<trans id="283" from="68" to="69">
<condition id="158">
<or_exp><and_exp></and_exp></or_exp>
</condition>
</trans>

<trans id="284" from="69" to="70">
<condition id="159">
<or_exp><and_exp></and_exp></or_exp>
</condition>
</trans>

<trans id="285" from="70" to="71">
<condition id="160">
<or_exp><and_exp></and_exp></or_exp>
</condition>
</trans>

<trans id="286" from="71" to="72">
<condition id="161">
<or_exp><and_exp></and_exp></or_exp>
</condition>
</trans>

<trans id="287" from="72" to="73">
<condition id="162">
<or_exp><and_exp></and_exp></or_exp>
</condition>
</trans>

<trans id="288" from="73" to="74">
<condition id="163">
<or_exp><and_exp></and_exp></or_exp>
</condition>
</trans>

<trans id="290" from="74" to="75">
<condition id="165">
<or_exp><and_exp></and_exp></or_exp>
</condition>
</trans>

<trans id="291" from="75" to="2">
<condition id="167">
<or_exp><and_exp></and_exp></or_exp>
</condition>
</trans>
</trans_list>



<state_list>

<state id="1" st_id="1">

<operation id="76" st_id="1" stage="1" lat="1">
<core>NULL</core>
<MemPortIdVec></MemPortIdVec>
<condition id="6">
<or_exp><and_exp></and_exp></or_exp>
</condition>

<Node id="8" bw="32" op_0_bw="32" op_1_bw="32">
<![CDATA[
.preheader6.preheader:0  %num_read_1 = call i32 @_ssdm_op_Read.ap_auto.i32(i32 %num_read)

]]></Node>
<StgValue><ssdm name="num_read_1"/></StgValue>
</operation>

<operation id="77" st_id="1" stage="1" lat="1">
<core>NULL</core>
<MemPortIdVec></MemPortIdVec>
<condition id="6">
<or_exp><and_exp></and_exp></or_exp>
</condition>

<Node id="9" bw="7" op_0_bw="7" op_1_bw="7">
<![CDATA[
.preheader6.preheader:1  %length_read = call i7 @_ssdm_op_Read.ap_auto.i7(i7 %length_r)

]]></Node>
<StgValue><ssdm name="length_read"/></StgValue>
</operation>

<operation id="78" st_id="1" stage="1" lat="1">
<core>NULL</core>
<MemPortIdVec></MemPortIdVec>
<condition id="6">
<or_exp><and_exp></and_exp></or_exp>
</condition>

<Node id="10" bw="32" op_0_bw="7">
<![CDATA[
.preheader6.preheader:2  %length_cast = sext i7 %length_read to i32

]]></Node>
<StgValue><ssdm name="length_cast"/></StgValue>
</operation>

<operation id="79" st_id="1" stage="1" lat="1">
<core>NULL</core>
<MemPortIdVec></MemPortIdVec>
<condition id="6">
<or_exp><and_exp></and_exp></or_exp>
</condition>

<Node id="11" bw="3" op_0_bw="8" op_1_bw="32" op_2_bw="32">
<![CDATA[
.preheader6.preheader:3  %ivec_addr = getelementptr [8 x i8]* %ivec, i32 0, i32 0

]]></Node>
<StgValue><ssdm name="ivec_addr"/></StgValue>
</operation>

<operation id="80" st_id="1" stage="1" lat="1">
<core>NULL</core>
<MemPortIdVec></MemPortIdVec>
<condition id="6">
<or_exp><and_exp></and_exp></or_exp>
</condition>

<Node id="12" bw="3" op_0_bw="8" op_1_bw="32" op_2_bw="32">
<![CDATA[
.preheader6.preheader:4  %iv = getelementptr [8 x i8]* %ivec, i32 0, i32 1

]]></Node>
<StgValue><ssdm name="iv"/></StgValue>
</operation>

<operation id="81" st_id="1" stage="1" lat="1">
<core>NULL</core>
<MemPortIdVec></MemPortIdVec>
<condition id="6">
<or_exp><and_exp></and_exp></or_exp>
</condition>

<Node id="13" bw="3" op_0_bw="8" op_1_bw="32" op_2_bw="32">
<![CDATA[
.preheader6.preheader:5  %iv_1 = getelementptr [8 x i8]* %ivec, i32 0, i32 2

]]></Node>
<StgValue><ssdm name="iv_1"/></StgValue>
</operation>

<operation id="82" st_id="1" stage="1" lat="1">
<core>NULL</core>
<MemPortIdVec></MemPortIdVec>
<condition id="6">
<or_exp><and_exp></and_exp></or_exp>
</condition>

<Node id="14" bw="3" op_0_bw="8" op_1_bw="32" op_2_bw="32">
<![CDATA[
.preheader6.preheader:6  %iv_2 = getelementptr [8 x i8]* %ivec, i32 0, i32 3

]]></Node>
<StgValue><ssdm name="iv_2"/></StgValue>
</operation>

<operation id="83" st_id="1" stage="1" lat="1">
<core>NULL</core>
<MemPortIdVec></MemPortIdVec>
<condition id="6">
<or_exp><and_exp></and_exp></or_exp>
</condition>

<Node id="15" bw="3" op_0_bw="8" op_1_bw="32" op_2_bw="32">
<![CDATA[
.preheader6.preheader:7  %iv_3 = getelementptr [8 x i8]* %ivec, i32 0, i32 4

]]></Node>
<StgValue><ssdm name="iv_3"/></StgValue>
</operation>

<operation id="84" st_id="1" stage="1" lat="1">
<core>NULL</core>
<MemPortIdVec></MemPortIdVec>
<condition id="6">
<or_exp><and_exp></and_exp></or_exp>
</condition>

<Node id="16" bw="3" op_0_bw="8" op_1_bw="32" op_2_bw="32">
<![CDATA[
.preheader6.preheader:8  %iv_4 = getelementptr [8 x i8]* %ivec, i32 0, i32 5

]]></Node>
<StgValue><ssdm name="iv_4"/></StgValue>
</operation>

<operation id="85" st_id="1" stage="1" lat="1">
<core>NULL</core>
<MemPortIdVec></MemPortIdVec>
<condition id="6">
<or_exp><and_exp></and_exp></or_exp>
</condition>

<Node id="17" bw="3" op_0_bw="8" op_1_bw="32" op_2_bw="32">
<![CDATA[
.preheader6.preheader:9  %iv_5 = getelementptr [8 x i8]* %ivec, i32 0, i32 6

]]></Node>
<StgValue><ssdm name="iv_5"/></StgValue>
</operation>

<operation id="86" st_id="1" stage="1" lat="1">
<core>NULL</core>
<MemPortIdVec></MemPortIdVec>
<condition id="6">
<or_exp><and_exp></and_exp></or_exp>
</condition>

<Node id="18" bw="3" op_0_bw="8" op_1_bw="32" op_2_bw="32">
<![CDATA[
.preheader6.preheader:10  %iv_6 = getelementptr [8 x i8]* %ivec, i32 0, i32 7

]]></Node>
<StgValue><ssdm name="iv_6"/></StgValue>
</operation>

<operation id="87" st_id="1" stage="1" lat="1">
<core>NULL</core>
<MemPortIdVec></MemPortIdVec>
<condition id="6">
<or_exp><and_exp></and_exp></or_exp>
</condition>

<Node id="19" bw="0" op_0_bw="0">
<![CDATA[
.preheader6.preheader:11  br label %.preheader6

]]></Node>
<StgValue><ssdm name=""/></StgValue>
</operation>
</state>

<state id="2" st_id="2">

<operation id="88" st_id="2" stage="1" lat="1">
<core>NULL</core>
<MemPortIdVec></MemPortIdVec>
<condition id="7">
<or_exp><and_exp></and_exp></or_exp>
</condition>

<Node id="21" bw="32" op_0_bw="32" op_1_bw="0">
<![CDATA[
.preheader6:0  %num_write_assign = phi i32 [ %n_cast, %._crit_edge ], [ %num_read_1, %.preheader6.preheader ]

]]></Node>
<StgValue><ssdm name="num_write_assign"/></StgValue>
</operation>

<operation id="89" st_id="2" stage="1" lat="1">
<core>NULL</core>
<MemPortIdVec></MemPortIdVec>
<condition id="7">
<or_exp><and_exp></and_exp></or_exp>
</condition>

<Node id="22" bw="32" op_0_bw="32" op_1_bw="0">
<![CDATA[
.preheader6:1  %l = phi i32 [ %l_9, %._crit_edge ], [ %length_cast, %.preheader6.preheader ]

]]></Node>
<StgValue><ssdm name="l"/></StgValue>
</operation>

<operation id="90" st_id="2" stage="1" lat="1">
<core>NULL</core>
<MemPortIdVec></MemPortIdVec>
<condition id="7">
<or_exp><and_exp></and_exp></or_exp>
</condition>

<Node id="23" bw="32" op_0_bw="32" op_1_bw="0">
<![CDATA[
.preheader6:2  %p_01_rec = phi i32 [ %p_rec4, %._crit_edge ], [ 0, %.preheader6.preheader ]

]]></Node>
<StgValue><ssdm name="p_01_rec"/></StgValue>
</operation>

<operation id="91" st_id="2" stage="1" lat="1">
<core>NULL</core>
<MemPortIdVec></MemPortIdVec>
<condition id="7">
<or_exp><and_exp></and_exp></or_exp>
</condition>

<Node id="24" bw="6" op_0_bw="7" op_1_bw="32" op_2_bw="32">
<![CDATA[
.preheader6:3  %in_addr = getelementptr [40 x i7]* %in_r, i32 0, i32 %p_01_rec

]]></Node>
<StgValue><ssdm name="in_addr"/></StgValue>
</operation>

<operation id="92" st_id="2" stage="1" lat="1">
<core>NULL</core>
<MemPortIdVec></MemPortIdVec>
<condition id="7">
<or_exp><and_exp></and_exp></or_exp>
</condition>

<Node id="25" bw="6" op_0_bw="8" op_1_bw="32" op_2_bw="32">
<![CDATA[
.preheader6:4  %out_addr = getelementptr [40 x i8]* %out_r, i32 0, i32 %p_01_rec

]]></Node>
<StgValue><ssdm name="out_addr"/></StgValue>
</operation>

<operation id="93" st_id="2" stage="1" lat="1">
<core>AddSub</core>
<MemPortIdVec></MemPortIdVec>
<condition id="7">
<or_exp><and_exp></and_exp></or_exp>
</condition>

<Node id="26" bw="32" op_0_bw="32" op_1_bw="32">
<![CDATA[
.preheader6:5  %l_9 = add nsw i32 %l, -1

]]></Node>
<StgValue><ssdm name="l_9"/></StgValue>
</operation>

<operation id="94" st_id="2" stage="1" lat="1">
<core>Cmp</core>
<MemPortIdVec></MemPortIdVec>
<condition id="7">
<or_exp><and_exp></and_exp></or_exp>
</condition>

<Node id="27" bw="1" op_0_bw="32" op_1_bw="32">
<![CDATA[
.preheader6:6  %tmp_s = icmp eq i32 %l, 0

]]></Node>
<StgValue><ssdm name="tmp_s"/></StgValue>
</operation>

<operation id="95" st_id="2" stage="1" lat="1">
<core>AddSub</core>
<MemPortIdVec></MemPortIdVec>
<condition id="7">
<or_exp><and_exp></and_exp></or_exp>
</condition>

<Node id="28" bw="32" op_0_bw="32" op_1_bw="32">
<![CDATA[
.preheader6:7  %p_rec4 = add i32 %p_01_rec, 1

]]></Node>
<StgValue><ssdm name="p_rec4"/></StgValue>
</operation>

<operation id="96" st_id="2" stage="1" lat="1">
<core>NULL</core>
<MemPortIdVec></MemPortIdVec>
<condition id="7">
<or_exp><and_exp></and_exp></or_exp>
</condition>

<Node id="29" bw="0" op_0_bw="1" op_1_bw="0" op_2_bw="0">
<![CDATA[
.preheader6:8  br i1 %tmp_s, label %.loopexit, label %0

]]></Node>
<StgValue><ssdm name=""/></StgValue>
</operation>

<operation id="97" st_id="2" stage="1" lat="1">
<core>Cmp</core>
<MemPortIdVec></MemPortIdVec>
<condition id="8">
<or_exp><and_exp><literal name="tmp_s" val="0"/>
</and_exp></or_exp>
</condition>

<Node id="31" bw="1" op_0_bw="32" op_1_bw="32">
<![CDATA[
:0  %tmp_212 = icmp eq i32 %num_write_assign, 0

]]></Node>
<StgValue><ssdm name="tmp_212"/></StgValue>
</operation>

<operation id="98" st_id="2" stage="1" lat="1">
<core>NULL</core>
<MemPortIdVec></MemPortIdVec>
<condition id="8">
<or_exp><and_exp><literal name="tmp_s" val="0"/>
</and_exp></or_exp>
</condition>

<Node id="32" bw="0" op_0_bw="1" op_1_bw="0" op_2_bw="0">
<![CDATA[
:1  br i1 %tmp_212, label %1, label %._crit_edge

]]></Node>
<StgValue><ssdm name=""/></StgValue>
</operation>

<operation id="99" st_id="2" stage="2" lat="2">
<core>RAM</core>
<MemPortIdVec></MemPortIdVec>
<condition id="9">
<or_exp><and_exp><literal name="tmp_s" val="0"/>
<literal name="tmp_212" val="1"/>
</and_exp></or_exp>
</condition>

<Node id="34" bw="8" op_0_bw="3">
<![CDATA[
:0  %ivec_load = load i8* %ivec_addr, align 1

]]></Node>
<StgValue><ssdm name="ivec_load"/></StgValue>
</operation>

<operation id="100" st_id="2" stage="2" lat="2">
<core>RAM</core>
<MemPortIdVec></MemPortIdVec>
<condition id="9">
<or_exp><and_exp><literal name="tmp_s" val="0"/>
<literal name="tmp_212" val="1"/>
</and_exp></or_exp>
</condition>

<Node id="35" bw="8" op_0_bw="3">
<![CDATA[
:1  %iv_load = load i8* %iv, align 1

]]></Node>
<StgValue><ssdm name="iv_load"/></StgValue>
</operation>

<operation id="101" st_id="2" stage="1" lat="1">
<core>NULL</core>
<MemPortIdVec></MemPortIdVec>
<condition id="11">
<or_exp><and_exp><literal name="tmp_s" val="1"/>
</and_exp></or_exp>
</condition>

<Node id="77" bw="0" op_0_bw="32">
<![CDATA[
.loopexit:0  ret i32 %num_write_assign

]]></Node>
<StgValue><ssdm name=""/></StgValue>
</operation>
</state>

<state id="3" st_id="3">

<operation id="102" st_id="3" stage="1" lat="2">
<core>RAM</core>
<MemPortIdVec></MemPortIdVec>
<condition id="12">
<or_exp><and_exp></and_exp></or_exp>
</condition>

<Node id="34" bw="8" op_0_bw="3">
<![CDATA[
:0  %ivec_load = load i8* %ivec_addr, align 1

]]></Node>
<StgValue><ssdm name="ivec_load"/></StgValue>
</operation>

<operation id="103" st_id="3" stage="1" lat="2">
<core>RAM</core>
<MemPortIdVec></MemPortIdVec>
<condition id="12">
<or_exp><and_exp></and_exp></or_exp>
</condition>

<Node id="35" bw="8" op_0_bw="3">
<![CDATA[
:1  %iv_load = load i8* %iv, align 1

]]></Node>
<StgValue><ssdm name="iv_load"/></StgValue>
</operation>

<operation id="104" st_id="3" stage="2" lat="2">
<core>RAM</core>
<MemPortIdVec></MemPortIdVec>
<condition id="12">
<or_exp><and_exp></and_exp></or_exp>
</condition>

<Node id="36" bw="8" op_0_bw="3">
<![CDATA[
:2  %iv_1_load = load i8* %iv_1, align 1

]]></Node>
<StgValue><ssdm name="iv_1_load"/></StgValue>
</operation>

<operation id="105" st_id="3" stage="2" lat="2">
<core>RAM</core>
<MemPortIdVec></MemPortIdVec>
<condition id="12">
<or_exp><and_exp></and_exp></or_exp>
</condition>

<Node id="37" bw="8" op_0_bw="3">
<![CDATA[
:3  %iv_2_load = load i8* %iv_2, align 1

]]></Node>
<StgValue><ssdm name="iv_2_load"/></StgValue>
</operation>
</state>

<state id="4" st_id="4">

<operation id="106" st_id="4" stage="1" lat="2">
<core>RAM</core>
<MemPortIdVec></MemPortIdVec>
<condition id="13">
<or_exp><and_exp></and_exp></or_exp>
</condition>

<Node id="36" bw="8" op_0_bw="3">
<![CDATA[
:2  %iv_1_load = load i8* %iv_1, align 1

]]></Node>
<StgValue><ssdm name="iv_1_load"/></StgValue>
</operation>

<operation id="107" st_id="4" stage="1" lat="2">
<core>RAM</core>
<MemPortIdVec></MemPortIdVec>
<condition id="13">
<or_exp><and_exp></and_exp></or_exp>
</condition>

<Node id="37" bw="8" op_0_bw="3">
<![CDATA[
:3  %iv_2_load = load i8* %iv_2, align 1

]]></Node>
<StgValue><ssdm name="iv_2_load"/></StgValue>
</operation>

<operation id="108" st_id="4" stage="2" lat="2">
<core>RAM</core>
<MemPortIdVec></MemPortIdVec>
<condition id="13">
<or_exp><and_exp></and_exp></or_exp>
</condition>

<Node id="39" bw="8" op_0_bw="3">
<![CDATA[
:5  %iv_3_load = load i8* %iv_3, align 1

]]></Node>
<StgValue><ssdm name="iv_3_load"/></StgValue>
</operation>

<operation id="109" st_id="4" stage="2" lat="2">
<core>RAM</core>
<MemPortIdVec></MemPortIdVec>
<condition id="13">
<or_exp><and_exp></and_exp></or_exp>
</condition>

<Node id="40" bw="8" op_0_bw="3">
<![CDATA[
:6  %iv_4_load = load i8* %iv_4, align 1

]]></Node>
<StgValue><ssdm name="iv_4_load"/></StgValue>
</operation>
</state>

<state id="5" st_id="5">

<operation id="110" st_id="5" stage="1" lat="2">
<core>RAM</core>
<MemPortIdVec></MemPortIdVec>
<condition id="14">
<or_exp><and_exp></and_exp></or_exp>
</condition>

<Node id="39" bw="8" op_0_bw="3">
<![CDATA[
:5  %iv_3_load = load i8* %iv_3, align 1

]]></Node>
<StgValue><ssdm name="iv_3_load"/></StgValue>
</operation>

<operation id="111" st_id="5" stage="1" lat="2">
<core>RAM</core>
<MemPortIdVec></MemPortIdVec>
<condition id="14">
<or_exp><and_exp></and_exp></or_exp>
</condition>

<Node id="40" bw="8" op_0_bw="3">
<![CDATA[
:6  %iv_4_load = load i8* %iv_4, align 1

]]></Node>
<StgValue><ssdm name="iv_4_load"/></StgValue>
</operation>

<operation id="112" st_id="5" stage="2" lat="2">
<core>RAM</core>
<MemPortIdVec></MemPortIdVec>
<condition id="14">
<or_exp><and_exp></and_exp></or_exp>
</condition>

<Node id="41" bw="8" op_0_bw="3">
<![CDATA[
:7  %iv_5_load = load i8* %iv_5, align 1

]]></Node>
<StgValue><ssdm name="iv_5_load"/></StgValue>
</operation>

<operation id="113" st_id="5" stage="2" lat="2">
<core>RAM</core>
<MemPortIdVec></MemPortIdVec>
<condition id="14">
<or_exp><and_exp></and_exp></or_exp>
</condition>

<Node id="42" bw="8" op_0_bw="3">
<![CDATA[
:8  %iv_6_load = load i8* %iv_6, align 1

]]></Node>
<StgValue><ssdm name="iv_6_load"/></StgValue>
</operation>
</state>

<state id="6" st_id="6">

<operation id="114" st_id="6" stage="1" lat="1">
<core>NULL</core>
<MemPortIdVec></MemPortIdVec>
<condition id="15">
<or_exp><and_exp></and_exp></or_exp>
</condition>

<Node id="38" bw="32" op_0_bw="32" op_1_bw="8" op_2_bw="8" op_3_bw="8" op_4_bw="8">
<![CDATA[
:4  %v0 = call i32 @_ssdm_op_BitConcatenate.i32.i8.i8.i8.i8(i8 %ivec_load, i8 %iv_load, i8 %iv_1_load, i8 %iv_2_load)

]]></Node>
<StgValue><ssdm name="v0"/></StgValue>
</operation>

<operation id="115" st_id="6" stage="1" lat="2">
<core>RAM</core>
<MemPortIdVec></MemPortIdVec>
<condition id="15">
<or_exp><and_exp></and_exp></or_exp>
</condition>

<Node id="41" bw="8" op_0_bw="3">
<![CDATA[
:7  %iv_5_load = load i8* %iv_5, align 1

]]></Node>
<StgValue><ssdm name="iv_5_load"/></StgValue>
</operation>

<operation id="116" st_id="6" stage="1" lat="2">
<core>RAM</core>
<MemPortIdVec></MemPortIdVec>
<condition id="15">
<or_exp><and_exp></and_exp></or_exp>
</condition>

<Node id="42" bw="8" op_0_bw="3">
<![CDATA[
:8  %iv_6_load = load i8* %iv_6, align 1

]]></Node>
<StgValue><ssdm name="iv_6_load"/></StgValue>
</operation>

<operation id="117" st_id="6" stage="1" lat="1">
<core>NULL</core>
<MemPortIdVec></MemPortIdVec>
<condition id="15">
<or_exp><and_exp></and_exp></or_exp>
</condition>

<Node id="43" bw="32" op_0_bw="32" op_1_bw="8" op_2_bw="8" op_3_bw="8" op_4_bw="8">
<![CDATA[
:9  %v1 = call i32 @_ssdm_op_BitConcatenate.i32.i8.i8.i8.i8(i8 %iv_3_load, i8 %iv_4_load, i8 %iv_5_load, i8 %iv_6_load)

]]></Node>
<StgValue><ssdm name="v1"/></StgValue>
</operation>

<operation id="118" st_id="6" stage="64" lat="64">
<core></core>
<MemPortIdVec></MemPortIdVec>
<condition id="15">
<or_exp><and_exp></and_exp></or_exp>
</condition>

<Node id="44" bw="64" op_0_bw="64" op_1_bw="32" op_2_bw="32">
<![CDATA[
:10  %call_ret = call fastcc { i32, i32 } @BF_encrypt(i32 %v0, i32 %v1)

]]></Node>
<StgValue><ssdm name="call_ret"/></StgValue>
</operation>
</state>

<state id="7" st_id="7">

<operation id="119" st_id="7" stage="63" lat="64">
<core></core>
<MemPortIdVec></MemPortIdVec>
<condition id="16">
<or_exp><and_exp></and_exp></or_exp>
</condition>

<Node id="44" bw="64" op_0_bw="64" op_1_bw="32" op_2_bw="32">
<![CDATA[
:10  %call_ret = call fastcc { i32, i32 } @BF_encrypt(i32 %v0, i32 %v1)

]]></Node>
<StgValue><ssdm name="call_ret"/></StgValue>
</operation>
</state>

<state id="8" st_id="8">

<operation id="120" st_id="8" stage="62" lat="64">
<core></core>
<MemPortIdVec></MemPortIdVec>
<condition id="17">
<or_exp><and_exp></and_exp></or_exp>
</condition>

<Node id="44" bw="64" op_0_bw="64" op_1_bw="32" op_2_bw="32">
<![CDATA[
:10  %call_ret = call fastcc { i32, i32 } @BF_encrypt(i32 %v0, i32 %v1)

]]></Node>
<StgValue><ssdm name="call_ret"/></StgValue>
</operation>
</state>

<state id="9" st_id="9">

<operation id="121" st_id="9" stage="61" lat="64">
<core></core>
<MemPortIdVec></MemPortIdVec>
<condition id="18">
<or_exp><and_exp></and_exp></or_exp>
</condition>

<Node id="44" bw="64" op_0_bw="64" op_1_bw="32" op_2_bw="32">
<![CDATA[
:10  %call_ret = call fastcc { i32, i32 } @BF_encrypt(i32 %v0, i32 %v1)

]]></Node>
<StgValue><ssdm name="call_ret"/></StgValue>
</operation>
</state>

<state id="10" st_id="10">

<operation id="122" st_id="10" stage="60" lat="64">
<core></core>
<MemPortIdVec></MemPortIdVec>
<condition id="19">
<or_exp><and_exp></and_exp></or_exp>
</condition>

<Node id="44" bw="64" op_0_bw="64" op_1_bw="32" op_2_bw="32">
<![CDATA[
:10  %call_ret = call fastcc { i32, i32 } @BF_encrypt(i32 %v0, i32 %v1)

]]></Node>
<StgValue><ssdm name="call_ret"/></StgValue>
</operation>
</state>

<state id="11" st_id="11">

<operation id="123" st_id="11" stage="59" lat="64">
<core></core>
<MemPortIdVec></MemPortIdVec>
<condition id="20">
<or_exp><and_exp></and_exp></or_exp>
</condition>

<Node id="44" bw="64" op_0_bw="64" op_1_bw="32" op_2_bw="32">
<![CDATA[
:10  %call_ret = call fastcc { i32, i32 } @BF_encrypt(i32 %v0, i32 %v1)

]]></Node>
<StgValue><ssdm name="call_ret"/></StgValue>
</operation>
</state>

<state id="12" st_id="12">

<operation id="124" st_id="12" stage="58" lat="64">
<core></core>
<MemPortIdVec></MemPortIdVec>
<condition id="21">
<or_exp><and_exp></and_exp></or_exp>
</condition>

<Node id="44" bw="64" op_0_bw="64" op_1_bw="32" op_2_bw="32">
<![CDATA[
:10  %call_ret = call fastcc { i32, i32 } @BF_encrypt(i32 %v0, i32 %v1)

]]></Node>
<StgValue><ssdm name="call_ret"/></StgValue>
</operation>
</state>

<state id="13" st_id="13">

<operation id="125" st_id="13" stage="57" lat="64">
<core></core>
<MemPortIdVec></MemPortIdVec>
<condition id="22">
<or_exp><and_exp></and_exp></or_exp>
</condition>

<Node id="44" bw="64" op_0_bw="64" op_1_bw="32" op_2_bw="32">
<![CDATA[
:10  %call_ret = call fastcc { i32, i32 } @BF_encrypt(i32 %v0, i32 %v1)

]]></Node>
<StgValue><ssdm name="call_ret"/></StgValue>
</operation>
</state>

<state id="14" st_id="14">

<operation id="126" st_id="14" stage="56" lat="64">
<core></core>
<MemPortIdVec></MemPortIdVec>
<condition id="23">
<or_exp><and_exp></and_exp></or_exp>
</condition>

<Node id="44" bw="64" op_0_bw="64" op_1_bw="32" op_2_bw="32">
<![CDATA[
:10  %call_ret = call fastcc { i32, i32 } @BF_encrypt(i32 %v0, i32 %v1)

]]></Node>
<StgValue><ssdm name="call_ret"/></StgValue>
</operation>
</state>

<state id="15" st_id="15">

<operation id="127" st_id="15" stage="55" lat="64">
<core></core>
<MemPortIdVec></MemPortIdVec>
<condition id="24">
<or_exp><and_exp></and_exp></or_exp>
</condition>

<Node id="44" bw="64" op_0_bw="64" op_1_bw="32" op_2_bw="32">
<![CDATA[
:10  %call_ret = call fastcc { i32, i32 } @BF_encrypt(i32 %v0, i32 %v1)

]]></Node>
<StgValue><ssdm name="call_ret"/></StgValue>
</operation>
</state>

<state id="16" st_id="16">

<operation id="128" st_id="16" stage="54" lat="64">
<core></core>
<MemPortIdVec></MemPortIdVec>
<condition id="25">
<or_exp><and_exp></and_exp></or_exp>
</condition>

<Node id="44" bw="64" op_0_bw="64" op_1_bw="32" op_2_bw="32">
<![CDATA[
:10  %call_ret = call fastcc { i32, i32 } @BF_encrypt(i32 %v0, i32 %v1)

]]></Node>
<StgValue><ssdm name="call_ret"/></StgValue>
</operation>
</state>

<state id="17" st_id="17">

<operation id="129" st_id="17" stage="53" lat="64">
<core></core>
<MemPortIdVec></MemPortIdVec>
<condition id="26">
<or_exp><and_exp></and_exp></or_exp>
</condition>

<Node id="44" bw="64" op_0_bw="64" op_1_bw="32" op_2_bw="32">
<![CDATA[
:10  %call_ret = call fastcc { i32, i32 } @BF_encrypt(i32 %v0, i32 %v1)

]]></Node>
<StgValue><ssdm name="call_ret"/></StgValue>
</operation>
</state>

<state id="18" st_id="18">

<operation id="130" st_id="18" stage="52" lat="64">
<core></core>
<MemPortIdVec></MemPortIdVec>
<condition id="27">
<or_exp><and_exp></and_exp></or_exp>
</condition>

<Node id="44" bw="64" op_0_bw="64" op_1_bw="32" op_2_bw="32">
<![CDATA[
:10  %call_ret = call fastcc { i32, i32 } @BF_encrypt(i32 %v0, i32 %v1)

]]></Node>
<StgValue><ssdm name="call_ret"/></StgValue>
</operation>
</state>

<state id="19" st_id="19">

<operation id="131" st_id="19" stage="51" lat="64">
<core></core>
<MemPortIdVec></MemPortIdVec>
<condition id="28">
<or_exp><and_exp></and_exp></or_exp>
</condition>

<Node id="44" bw="64" op_0_bw="64" op_1_bw="32" op_2_bw="32">
<![CDATA[
:10  %call_ret = call fastcc { i32, i32 } @BF_encrypt(i32 %v0, i32 %v1)

]]></Node>
<StgValue><ssdm name="call_ret"/></StgValue>
</operation>
</state>

<state id="20" st_id="20">

<operation id="132" st_id="20" stage="50" lat="64">
<core></core>
<MemPortIdVec></MemPortIdVec>
<condition id="29">
<or_exp><and_exp></and_exp></or_exp>
</condition>

<Node id="44" bw="64" op_0_bw="64" op_1_bw="32" op_2_bw="32">
<![CDATA[
:10  %call_ret = call fastcc { i32, i32 } @BF_encrypt(i32 %v0, i32 %v1)

]]></Node>
<StgValue><ssdm name="call_ret"/></StgValue>
</operation>
</state>

<state id="21" st_id="21">

<operation id="133" st_id="21" stage="49" lat="64">
<core></core>
<MemPortIdVec></MemPortIdVec>
<condition id="30">
<or_exp><and_exp></and_exp></or_exp>
</condition>

<Node id="44" bw="64" op_0_bw="64" op_1_bw="32" op_2_bw="32">
<![CDATA[
:10  %call_ret = call fastcc { i32, i32 } @BF_encrypt(i32 %v0, i32 %v1)

]]></Node>
<StgValue><ssdm name="call_ret"/></StgValue>
</operation>
</state>

<state id="22" st_id="22">

<operation id="134" st_id="22" stage="48" lat="64">
<core></core>
<MemPortIdVec></MemPortIdVec>
<condition id="31">
<or_exp><and_exp></and_exp></or_exp>
</condition>

<Node id="44" bw="64" op_0_bw="64" op_1_bw="32" op_2_bw="32">
<![CDATA[
:10  %call_ret = call fastcc { i32, i32 } @BF_encrypt(i32 %v0, i32 %v1)

]]></Node>
<StgValue><ssdm name="call_ret"/></StgValue>
</operation>
</state>

<state id="23" st_id="23">

<operation id="135" st_id="23" stage="47" lat="64">
<core></core>
<MemPortIdVec></MemPortIdVec>
<condition id="32">
<or_exp><and_exp></and_exp></or_exp>
</condition>

<Node id="44" bw="64" op_0_bw="64" op_1_bw="32" op_2_bw="32">
<![CDATA[
:10  %call_ret = call fastcc { i32, i32 } @BF_encrypt(i32 %v0, i32 %v1)

]]></Node>
<StgValue><ssdm name="call_ret"/></StgValue>
</operation>
</state>

<state id="24" st_id="24">

<operation id="136" st_id="24" stage="46" lat="64">
<core></core>
<MemPortIdVec></MemPortIdVec>
<condition id="33">
<or_exp><and_exp></and_exp></or_exp>
</condition>

<Node id="44" bw="64" op_0_bw="64" op_1_bw="32" op_2_bw="32">
<![CDATA[
:10  %call_ret = call fastcc { i32, i32 } @BF_encrypt(i32 %v0, i32 %v1)

]]></Node>
<StgValue><ssdm name="call_ret"/></StgValue>
</operation>
</state>

<state id="25" st_id="25">

<operation id="137" st_id="25" stage="45" lat="64">
<core></core>
<MemPortIdVec></MemPortIdVec>
<condition id="34">
<or_exp><and_exp></and_exp></or_exp>
</condition>

<Node id="44" bw="64" op_0_bw="64" op_1_bw="32" op_2_bw="32">
<![CDATA[
:10  %call_ret = call fastcc { i32, i32 } @BF_encrypt(i32 %v0, i32 %v1)

]]></Node>
<StgValue><ssdm name="call_ret"/></StgValue>
</operation>
</state>

<state id="26" st_id="26">

<operation id="138" st_id="26" stage="44" lat="64">
<core></core>
<MemPortIdVec></MemPortIdVec>
<condition id="35">
<or_exp><and_exp></and_exp></or_exp>
</condition>

<Node id="44" bw="64" op_0_bw="64" op_1_bw="32" op_2_bw="32">
<![CDATA[
:10  %call_ret = call fastcc { i32, i32 } @BF_encrypt(i32 %v0, i32 %v1)

]]></Node>
<StgValue><ssdm name="call_ret"/></StgValue>
</operation>
</state>

<state id="27" st_id="27">

<operation id="139" st_id="27" stage="43" lat="64">
<core></core>
<MemPortIdVec></MemPortIdVec>
<condition id="36">
<or_exp><and_exp></and_exp></or_exp>
</condition>

<Node id="44" bw="64" op_0_bw="64" op_1_bw="32" op_2_bw="32">
<![CDATA[
:10  %call_ret = call fastcc { i32, i32 } @BF_encrypt(i32 %v0, i32 %v1)

]]></Node>
<StgValue><ssdm name="call_ret"/></StgValue>
</operation>
</state>

<state id="28" st_id="28">

<operation id="140" st_id="28" stage="42" lat="64">
<core></core>
<MemPortIdVec></MemPortIdVec>
<condition id="37">
<or_exp><and_exp></and_exp></or_exp>
</condition>

<Node id="44" bw="64" op_0_bw="64" op_1_bw="32" op_2_bw="32">
<![CDATA[
:10  %call_ret = call fastcc { i32, i32 } @BF_encrypt(i32 %v0, i32 %v1)

]]></Node>
<StgValue><ssdm name="call_ret"/></StgValue>
</operation>
</state>

<state id="29" st_id="29">

<operation id="141" st_id="29" stage="41" lat="64">
<core></core>
<MemPortIdVec></MemPortIdVec>
<condition id="38">
<or_exp><and_exp></and_exp></or_exp>
</condition>

<Node id="44" bw="64" op_0_bw="64" op_1_bw="32" op_2_bw="32">
<![CDATA[
:10  %call_ret = call fastcc { i32, i32 } @BF_encrypt(i32 %v0, i32 %v1)

]]></Node>
<StgValue><ssdm name="call_ret"/></StgValue>
</operation>
</state>

<state id="30" st_id="30">

<operation id="142" st_id="30" stage="40" lat="64">
<core></core>
<MemPortIdVec></MemPortIdVec>
<condition id="39">
<or_exp><and_exp></and_exp></or_exp>
</condition>

<Node id="44" bw="64" op_0_bw="64" op_1_bw="32" op_2_bw="32">
<![CDATA[
:10  %call_ret = call fastcc { i32, i32 } @BF_encrypt(i32 %v0, i32 %v1)

]]></Node>
<StgValue><ssdm name="call_ret"/></StgValue>
</operation>
</state>

<state id="31" st_id="31">

<operation id="143" st_id="31" stage="39" lat="64">
<core></core>
<MemPortIdVec></MemPortIdVec>
<condition id="40">
<or_exp><and_exp></and_exp></or_exp>
</condition>

<Node id="44" bw="64" op_0_bw="64" op_1_bw="32" op_2_bw="32">
<![CDATA[
:10  %call_ret = call fastcc { i32, i32 } @BF_encrypt(i32 %v0, i32 %v1)

]]></Node>
<StgValue><ssdm name="call_ret"/></StgValue>
</operation>
</state>

<state id="32" st_id="32">

<operation id="144" st_id="32" stage="38" lat="64">
<core></core>
<MemPortIdVec></MemPortIdVec>
<condition id="41">
<or_exp><and_exp></and_exp></or_exp>
</condition>

<Node id="44" bw="64" op_0_bw="64" op_1_bw="32" op_2_bw="32">
<![CDATA[
:10  %call_ret = call fastcc { i32, i32 } @BF_encrypt(i32 %v0, i32 %v1)

]]></Node>
<StgValue><ssdm name="call_ret"/></StgValue>
</operation>
</state>

<state id="33" st_id="33">

<operation id="145" st_id="33" stage="37" lat="64">
<core></core>
<MemPortIdVec></MemPortIdVec>
<condition id="42">
<or_exp><and_exp></and_exp></or_exp>
</condition>

<Node id="44" bw="64" op_0_bw="64" op_1_bw="32" op_2_bw="32">
<![CDATA[
:10  %call_ret = call fastcc { i32, i32 } @BF_encrypt(i32 %v0, i32 %v1)

]]></Node>
<StgValue><ssdm name="call_ret"/></StgValue>
</operation>
</state>

<state id="34" st_id="34">

<operation id="146" st_id="34" stage="36" lat="64">
<core></core>
<MemPortIdVec></MemPortIdVec>
<condition id="43">
<or_exp><and_exp></and_exp></or_exp>
</condition>

<Node id="44" bw="64" op_0_bw="64" op_1_bw="32" op_2_bw="32">
<![CDATA[
:10  %call_ret = call fastcc { i32, i32 } @BF_encrypt(i32 %v0, i32 %v1)

]]></Node>
<StgValue><ssdm name="call_ret"/></StgValue>
</operation>
</state>

<state id="35" st_id="35">

<operation id="147" st_id="35" stage="35" lat="64">
<core></core>
<MemPortIdVec></MemPortIdVec>
<condition id="44">
<or_exp><and_exp></and_exp></or_exp>
</condition>

<Node id="44" bw="64" op_0_bw="64" op_1_bw="32" op_2_bw="32">
<![CDATA[
:10  %call_ret = call fastcc { i32, i32 } @BF_encrypt(i32 %v0, i32 %v1)

]]></Node>
<StgValue><ssdm name="call_ret"/></StgValue>
</operation>
</state>

<state id="36" st_id="36">

<operation id="148" st_id="36" stage="34" lat="64">
<core></core>
<MemPortIdVec></MemPortIdVec>
<condition id="45">
<or_exp><and_exp></and_exp></or_exp>
</condition>

<Node id="44" bw="64" op_0_bw="64" op_1_bw="32" op_2_bw="32">
<![CDATA[
:10  %call_ret = call fastcc { i32, i32 } @BF_encrypt(i32 %v0, i32 %v1)

]]></Node>
<StgValue><ssdm name="call_ret"/></StgValue>
</operation>
</state>

<state id="37" st_id="37">

<operation id="149" st_id="37" stage="33" lat="64">
<core></core>
<MemPortIdVec></MemPortIdVec>
<condition id="46">
<or_exp><and_exp></and_exp></or_exp>
</condition>

<Node id="44" bw="64" op_0_bw="64" op_1_bw="32" op_2_bw="32">
<![CDATA[
:10  %call_ret = call fastcc { i32, i32 } @BF_encrypt(i32 %v0, i32 %v1)

]]></Node>
<StgValue><ssdm name="call_ret"/></StgValue>
</operation>
</state>

<state id="38" st_id="38">

<operation id="150" st_id="38" stage="32" lat="64">
<core></core>
<MemPortIdVec></MemPortIdVec>
<condition id="47">
<or_exp><and_exp></and_exp></or_exp>
</condition>

<Node id="44" bw="64" op_0_bw="64" op_1_bw="32" op_2_bw="32">
<![CDATA[
:10  %call_ret = call fastcc { i32, i32 } @BF_encrypt(i32 %v0, i32 %v1)

]]></Node>
<StgValue><ssdm name="call_ret"/></StgValue>
</operation>
</state>

<state id="39" st_id="39">

<operation id="151" st_id="39" stage="31" lat="64">
<core></core>
<MemPortIdVec></MemPortIdVec>
<condition id="48">
<or_exp><and_exp></and_exp></or_exp>
</condition>

<Node id="44" bw="64" op_0_bw="64" op_1_bw="32" op_2_bw="32">
<![CDATA[
:10  %call_ret = call fastcc { i32, i32 } @BF_encrypt(i32 %v0, i32 %v1)

]]></Node>
<StgValue><ssdm name="call_ret"/></StgValue>
</operation>
</state>

<state id="40" st_id="40">

<operation id="152" st_id="40" stage="30" lat="64">
<core></core>
<MemPortIdVec></MemPortIdVec>
<condition id="49">
<or_exp><and_exp></and_exp></or_exp>
</condition>

<Node id="44" bw="64" op_0_bw="64" op_1_bw="32" op_2_bw="32">
<![CDATA[
:10  %call_ret = call fastcc { i32, i32 } @BF_encrypt(i32 %v0, i32 %v1)

]]></Node>
<StgValue><ssdm name="call_ret"/></StgValue>
</operation>
</state>

<state id="41" st_id="41">

<operation id="153" st_id="41" stage="29" lat="64">
<core></core>
<MemPortIdVec></MemPortIdVec>
<condition id="50">
<or_exp><and_exp></and_exp></or_exp>
</condition>

<Node id="44" bw="64" op_0_bw="64" op_1_bw="32" op_2_bw="32">
<![CDATA[
:10  %call_ret = call fastcc { i32, i32 } @BF_encrypt(i32 %v0, i32 %v1)

]]></Node>
<StgValue><ssdm name="call_ret"/></StgValue>
</operation>
</state>

<state id="42" st_id="42">

<operation id="154" st_id="42" stage="28" lat="64">
<core></core>
<MemPortIdVec></MemPortIdVec>
<condition id="51">
<or_exp><and_exp></and_exp></or_exp>
</condition>

<Node id="44" bw="64" op_0_bw="64" op_1_bw="32" op_2_bw="32">
<![CDATA[
:10  %call_ret = call fastcc { i32, i32 } @BF_encrypt(i32 %v0, i32 %v1)

]]></Node>
<StgValue><ssdm name="call_ret"/></StgValue>
</operation>
</state>

<state id="43" st_id="43">

<operation id="155" st_id="43" stage="27" lat="64">
<core></core>
<MemPortIdVec></MemPortIdVec>
<condition id="52">
<or_exp><and_exp></and_exp></or_exp>
</condition>

<Node id="44" bw="64" op_0_bw="64" op_1_bw="32" op_2_bw="32">
<![CDATA[
:10  %call_ret = call fastcc { i32, i32 } @BF_encrypt(i32 %v0, i32 %v1)

]]></Node>
<StgValue><ssdm name="call_ret"/></StgValue>
</operation>
</state>

<state id="44" st_id="44">

<operation id="156" st_id="44" stage="26" lat="64">
<core></core>
<MemPortIdVec></MemPortIdVec>
<condition id="53">
<or_exp><and_exp></and_exp></or_exp>
</condition>

<Node id="44" bw="64" op_0_bw="64" op_1_bw="32" op_2_bw="32">
<![CDATA[
:10  %call_ret = call fastcc { i32, i32 } @BF_encrypt(i32 %v0, i32 %v1)

]]></Node>
<StgValue><ssdm name="call_ret"/></StgValue>
</operation>
</state>

<state id="45" st_id="45">

<operation id="157" st_id="45" stage="25" lat="64">
<core></core>
<MemPortIdVec></MemPortIdVec>
<condition id="54">
<or_exp><and_exp></and_exp></or_exp>
</condition>

<Node id="44" bw="64" op_0_bw="64" op_1_bw="32" op_2_bw="32">
<![CDATA[
:10  %call_ret = call fastcc { i32, i32 } @BF_encrypt(i32 %v0, i32 %v1)

]]></Node>
<StgValue><ssdm name="call_ret"/></StgValue>
</operation>
</state>

<state id="46" st_id="46">

<operation id="158" st_id="46" stage="24" lat="64">
<core></core>
<MemPortIdVec></MemPortIdVec>
<condition id="55">
<or_exp><and_exp></and_exp></or_exp>
</condition>

<Node id="44" bw="64" op_0_bw="64" op_1_bw="32" op_2_bw="32">
<![CDATA[
:10  %call_ret = call fastcc { i32, i32 } @BF_encrypt(i32 %v0, i32 %v1)

]]></Node>
<StgValue><ssdm name="call_ret"/></StgValue>
</operation>
</state>

<state id="47" st_id="47">

<operation id="159" st_id="47" stage="23" lat="64">
<core></core>
<MemPortIdVec></MemPortIdVec>
<condition id="56">
<or_exp><and_exp></and_exp></or_exp>
</condition>

<Node id="44" bw="64" op_0_bw="64" op_1_bw="32" op_2_bw="32">
<![CDATA[
:10  %call_ret = call fastcc { i32, i32 } @BF_encrypt(i32 %v0, i32 %v1)

]]></Node>
<StgValue><ssdm name="call_ret"/></StgValue>
</operation>
</state>

<state id="48" st_id="48">

<operation id="160" st_id="48" stage="22" lat="64">
<core></core>
<MemPortIdVec></MemPortIdVec>
<condition id="57">
<or_exp><and_exp></and_exp></or_exp>
</condition>

<Node id="44" bw="64" op_0_bw="64" op_1_bw="32" op_2_bw="32">
<![CDATA[
:10  %call_ret = call fastcc { i32, i32 } @BF_encrypt(i32 %v0, i32 %v1)

]]></Node>
<StgValue><ssdm name="call_ret"/></StgValue>
</operation>
</state>

<state id="49" st_id="49">

<operation id="161" st_id="49" stage="21" lat="64">
<core></core>
<MemPortIdVec></MemPortIdVec>
<condition id="58">
<or_exp><and_exp></and_exp></or_exp>
</condition>

<Node id="44" bw="64" op_0_bw="64" op_1_bw="32" op_2_bw="32">
<![CDATA[
:10  %call_ret = call fastcc { i32, i32 } @BF_encrypt(i32 %v0, i32 %v1)

]]></Node>
<StgValue><ssdm name="call_ret"/></StgValue>
</operation>
</state>

<state id="50" st_id="50">

<operation id="162" st_id="50" stage="20" lat="64">
<core></core>
<MemPortIdVec></MemPortIdVec>
<condition id="59">
<or_exp><and_exp></and_exp></or_exp>
</condition>

<Node id="44" bw="64" op_0_bw="64" op_1_bw="32" op_2_bw="32">
<![CDATA[
:10  %call_ret = call fastcc { i32, i32 } @BF_encrypt(i32 %v0, i32 %v1)

]]></Node>
<StgValue><ssdm name="call_ret"/></StgValue>
</operation>
</state>

<state id="51" st_id="51">

<operation id="163" st_id="51" stage="19" lat="64">
<core></core>
<MemPortIdVec></MemPortIdVec>
<condition id="60">
<or_exp><and_exp></and_exp></or_exp>
</condition>

<Node id="44" bw="64" op_0_bw="64" op_1_bw="32" op_2_bw="32">
<![CDATA[
:10  %call_ret = call fastcc { i32, i32 } @BF_encrypt(i32 %v0, i32 %v1)

]]></Node>
<StgValue><ssdm name="call_ret"/></StgValue>
</operation>
</state>

<state id="52" st_id="52">

<operation id="164" st_id="52" stage="18" lat="64">
<core></core>
<MemPortIdVec></MemPortIdVec>
<condition id="61">
<or_exp><and_exp></and_exp></or_exp>
</condition>

<Node id="44" bw="64" op_0_bw="64" op_1_bw="32" op_2_bw="32">
<![CDATA[
:10  %call_ret = call fastcc { i32, i32 } @BF_encrypt(i32 %v0, i32 %v1)

]]></Node>
<StgValue><ssdm name="call_ret"/></StgValue>
</operation>
</state>

<state id="53" st_id="53">

<operation id="165" st_id="53" stage="17" lat="64">
<core></core>
<MemPortIdVec></MemPortIdVec>
<condition id="62">
<or_exp><and_exp></and_exp></or_exp>
</condition>

<Node id="44" bw="64" op_0_bw="64" op_1_bw="32" op_2_bw="32">
<![CDATA[
:10  %call_ret = call fastcc { i32, i32 } @BF_encrypt(i32 %v0, i32 %v1)

]]></Node>
<StgValue><ssdm name="call_ret"/></StgValue>
</operation>
</state>

<state id="54" st_id="54">

<operation id="166" st_id="54" stage="16" lat="64">
<core></core>
<MemPortIdVec></MemPortIdVec>
<condition id="63">
<or_exp><and_exp></and_exp></or_exp>
</condition>

<Node id="44" bw="64" op_0_bw="64" op_1_bw="32" op_2_bw="32">
<![CDATA[
:10  %call_ret = call fastcc { i32, i32 } @BF_encrypt(i32 %v0, i32 %v1)

]]></Node>
<StgValue><ssdm name="call_ret"/></StgValue>
</operation>
</state>

<state id="55" st_id="55">

<operation id="167" st_id="55" stage="15" lat="64">
<core></core>
<MemPortIdVec></MemPortIdVec>
<condition id="64">
<or_exp><and_exp></and_exp></or_exp>
</condition>

<Node id="44" bw="64" op_0_bw="64" op_1_bw="32" op_2_bw="32">
<![CDATA[
:10  %call_ret = call fastcc { i32, i32 } @BF_encrypt(i32 %v0, i32 %v1)

]]></Node>
<StgValue><ssdm name="call_ret"/></StgValue>
</operation>
</state>

<state id="56" st_id="56">

<operation id="168" st_id="56" stage="14" lat="64">
<core></core>
<MemPortIdVec></MemPortIdVec>
<condition id="65">
<or_exp><and_exp></and_exp></or_exp>
</condition>

<Node id="44" bw="64" op_0_bw="64" op_1_bw="32" op_2_bw="32">
<![CDATA[
:10  %call_ret = call fastcc { i32, i32 } @BF_encrypt(i32 %v0, i32 %v1)

]]></Node>
<StgValue><ssdm name="call_ret"/></StgValue>
</operation>
</state>

<state id="57" st_id="57">

<operation id="169" st_id="57" stage="13" lat="64">
<core></core>
<MemPortIdVec></MemPortIdVec>
<condition id="66">
<or_exp><and_exp></and_exp></or_exp>
</condition>

<Node id="44" bw="64" op_0_bw="64" op_1_bw="32" op_2_bw="32">
<![CDATA[
:10  %call_ret = call fastcc { i32, i32 } @BF_encrypt(i32 %v0, i32 %v1)

]]></Node>
<StgValue><ssdm name="call_ret"/></StgValue>
</operation>
</state>

<state id="58" st_id="58">

<operation id="170" st_id="58" stage="12" lat="64">
<core></core>
<MemPortIdVec></MemPortIdVec>
<condition id="67">
<or_exp><and_exp></and_exp></or_exp>
</condition>

<Node id="44" bw="64" op_0_bw="64" op_1_bw="32" op_2_bw="32">
<![CDATA[
:10  %call_ret = call fastcc { i32, i32 } @BF_encrypt(i32 %v0, i32 %v1)

]]></Node>
<StgValue><ssdm name="call_ret"/></StgValue>
</operation>
</state>

<state id="59" st_id="59">

<operation id="171" st_id="59" stage="11" lat="64">
<core></core>
<MemPortIdVec></MemPortIdVec>
<condition id="68">
<or_exp><and_exp></and_exp></or_exp>
</condition>

<Node id="44" bw="64" op_0_bw="64" op_1_bw="32" op_2_bw="32">
<![CDATA[
:10  %call_ret = call fastcc { i32, i32 } @BF_encrypt(i32 %v0, i32 %v1)

]]></Node>
<StgValue><ssdm name="call_ret"/></StgValue>
</operation>
</state>

<state id="60" st_id="60">

<operation id="172" st_id="60" stage="10" lat="64">
<core></core>
<MemPortIdVec></MemPortIdVec>
<condition id="69">
<or_exp><and_exp></and_exp></or_exp>
</condition>

<Node id="44" bw="64" op_0_bw="64" op_1_bw="32" op_2_bw="32">
<![CDATA[
:10  %call_ret = call fastcc { i32, i32 } @BF_encrypt(i32 %v0, i32 %v1)

]]></Node>
<StgValue><ssdm name="call_ret"/></StgValue>
</operation>
</state>

<state id="61" st_id="61">

<operation id="173" st_id="61" stage="9" lat="64">
<core></core>
<MemPortIdVec></MemPortIdVec>
<condition id="70">
<or_exp><and_exp></and_exp></or_exp>
</condition>

<Node id="44" bw="64" op_0_bw="64" op_1_bw="32" op_2_bw="32">
<![CDATA[
:10  %call_ret = call fastcc { i32, i32 } @BF_encrypt(i32 %v0, i32 %v1)

]]></Node>
<StgValue><ssdm name="call_ret"/></StgValue>
</operation>
</state>

<state id="62" st_id="62">

<operation id="174" st_id="62" stage="8" lat="64">
<core></core>
<MemPortIdVec></MemPortIdVec>
<condition id="71">
<or_exp><and_exp></and_exp></or_exp>
</condition>

<Node id="44" bw="64" op_0_bw="64" op_1_bw="32" op_2_bw="32">
<![CDATA[
:10  %call_ret = call fastcc { i32, i32 } @BF_encrypt(i32 %v0, i32 %v1)

]]></Node>
<StgValue><ssdm name="call_ret"/></StgValue>
</operation>
</state>

<state id="63" st_id="63">

<operation id="175" st_id="63" stage="7" lat="64">
<core></core>
<MemPortIdVec></MemPortIdVec>
<condition id="72">
<or_exp><and_exp></and_exp></or_exp>
</condition>

<Node id="44" bw="64" op_0_bw="64" op_1_bw="32" op_2_bw="32">
<![CDATA[
:10  %call_ret = call fastcc { i32, i32 } @BF_encrypt(i32 %v0, i32 %v1)

]]></Node>
<StgValue><ssdm name="call_ret"/></StgValue>
</operation>
</state>

<state id="64" st_id="64">

<operation id="176" st_id="64" stage="6" lat="64">
<core></core>
<MemPortIdVec></MemPortIdVec>
<condition id="73">
<or_exp><and_exp></and_exp></or_exp>
</condition>

<Node id="44" bw="64" op_0_bw="64" op_1_bw="32" op_2_bw="32">
<![CDATA[
:10  %call_ret = call fastcc { i32, i32 } @BF_encrypt(i32 %v0, i32 %v1)

]]></Node>
<StgValue><ssdm name="call_ret"/></StgValue>
</operation>
</state>

<state id="65" st_id="65">

<operation id="177" st_id="65" stage="5" lat="64">
<core></core>
<MemPortIdVec></MemPortIdVec>
<condition id="74">
<or_exp><and_exp></and_exp></or_exp>
</condition>

<Node id="44" bw="64" op_0_bw="64" op_1_bw="32" op_2_bw="32">
<![CDATA[
:10  %call_ret = call fastcc { i32, i32 } @BF_encrypt(i32 %v0, i32 %v1)

]]></Node>
<StgValue><ssdm name="call_ret"/></StgValue>
</operation>
</state>

<state id="66" st_id="66">

<operation id="178" st_id="66" stage="4" lat="64">
<core></core>
<MemPortIdVec></MemPortIdVec>
<condition id="75">
<or_exp><and_exp></and_exp></or_exp>
</condition>

<Node id="44" bw="64" op_0_bw="64" op_1_bw="32" op_2_bw="32">
<![CDATA[
:10  %call_ret = call fastcc { i32, i32 } @BF_encrypt(i32 %v0, i32 %v1)

]]></Node>
<StgValue><ssdm name="call_ret"/></StgValue>
</operation>
</state>

<state id="67" st_id="67">

<operation id="179" st_id="67" stage="3" lat="64">
<core></core>
<MemPortIdVec></MemPortIdVec>
<condition id="76">
<or_exp><and_exp></and_exp></or_exp>
</condition>

<Node id="44" bw="64" op_0_bw="64" op_1_bw="32" op_2_bw="32">
<![CDATA[
:10  %call_ret = call fastcc { i32, i32 } @BF_encrypt(i32 %v0, i32 %v1)

]]></Node>
<StgValue><ssdm name="call_ret"/></StgValue>
</operation>
</state>

<state id="68" st_id="68">

<operation id="180" st_id="68" stage="2" lat="64">
<core></core>
<MemPortIdVec></MemPortIdVec>
<condition id="77">
<or_exp><and_exp></and_exp></or_exp>
</condition>

<Node id="44" bw="64" op_0_bw="64" op_1_bw="32" op_2_bw="32">
<![CDATA[
:10  %call_ret = call fastcc { i32, i32 } @BF_encrypt(i32 %v0, i32 %v1)

]]></Node>
<StgValue><ssdm name="call_ret"/></StgValue>
</operation>
</state>

<state id="69" st_id="69">

<operation id="181" st_id="69" stage="1" lat="64">
<core></core>
<MemPortIdVec></MemPortIdVec>
<condition id="78">
<or_exp><and_exp></and_exp></or_exp>
</condition>

<Node id="44" bw="64" op_0_bw="64" op_1_bw="32" op_2_bw="32">
<![CDATA[
:10  %call_ret = call fastcc { i32, i32 } @BF_encrypt(i32 %v0, i32 %v1)

]]></Node>
<StgValue><ssdm name="call_ret"/></StgValue>
</operation>

<operation id="182" st_id="69" stage="1" lat="1">
<core>NULL</core>
<MemPortIdVec></MemPortIdVec>
<condition id="78">
<or_exp><and_exp></and_exp></or_exp>
</condition>

<Node id="45" bw="32" op_0_bw="64">
<![CDATA[
:11  %ti_0 = extractvalue { i32, i32 } %call_ret, 0

]]></Node>
<StgValue><ssdm name="ti_0"/></StgValue>
</operation>

<operation id="183" st_id="69" stage="1" lat="1">
<core>NULL</core>
<MemPortIdVec></MemPortIdVec>
<condition id="78">
<or_exp><and_exp></and_exp></or_exp>
</condition>

<Node id="46" bw="32" op_0_bw="64">
<![CDATA[
:12  %ti_1 = extractvalue { i32, i32 } %call_ret, 1

]]></Node>
<StgValue><ssdm name="ti_1"/></StgValue>
</operation>

<operation id="184" st_id="69" stage="1" lat="1">
<core>NULL</core>
<MemPortIdVec></MemPortIdVec>
<condition id="78">
<or_exp><and_exp></and_exp></or_exp>
</condition>

<Node id="47" bw="8" op_0_bw="8" op_1_bw="32" op_2_bw="32" op_3_bw="32">
<![CDATA[
:13  %tmp_218 = call i8 @_ssdm_op_PartSelect.i8.i32.i32.i32(i32 %ti_0, i32 24, i32 31)

]]></Node>
<StgValue><ssdm name="tmp_218"/></StgValue>
</operation>

<operation id="185" st_id="69" stage="1" lat="1">
<core>NULL</core>
<MemPortIdVec></MemPortIdVec>
<condition id="78">
<or_exp><and_exp></and_exp></or_exp>
</condition>

<Node id="49" bw="8" op_0_bw="8" op_1_bw="32" op_2_bw="32" op_3_bw="32">
<![CDATA[
:15  %tmp_220 = call i8 @_ssdm_op_PartSelect.i8.i32.i32.i32(i32 %ti_0, i32 16, i32 23)

]]></Node>
<StgValue><ssdm name="tmp_220"/></StgValue>
</operation>

<operation id="186" st_id="69" stage="1" lat="1">
<core>NULL</core>
<MemPortIdVec></MemPortIdVec>
<condition id="78">
<or_exp><and_exp></and_exp></or_exp>
</condition>

<Node id="51" bw="8" op_0_bw="8" op_1_bw="32" op_2_bw="32" op_3_bw="32">
<![CDATA[
:17  %tmp_222 = call i8 @_ssdm_op_PartSelect.i8.i32.i32.i32(i32 %ti_0, i32 8, i32 15)

]]></Node>
<StgValue><ssdm name="tmp_222"/></StgValue>
</operation>

<operation id="187" st_id="69" stage="1" lat="1">
<core>NULL</core>
<MemPortIdVec></MemPortIdVec>
<condition id="78">
<or_exp><and_exp></and_exp></or_exp>
</condition>

<Node id="53" bw="8" op_0_bw="32">
<![CDATA[
:19  %tmp = trunc i32 %ti_0 to i8

]]></Node>
<StgValue><ssdm name="tmp"/></StgValue>
</operation>

<operation id="188" st_id="69" stage="1" lat="1">
<core>NULL</core>
<MemPortIdVec></MemPortIdVec>
<condition id="78">
<or_exp><and_exp></and_exp></or_exp>
</condition>

<Node id="55" bw="8" op_0_bw="8" op_1_bw="32" op_2_bw="32" op_3_bw="32">
<![CDATA[
:21  %tmp_225 = call i8 @_ssdm_op_PartSelect.i8.i32.i32.i32(i32 %ti_1, i32 24, i32 31)

]]></Node>
<StgValue><ssdm name="tmp_225"/></StgValue>
</operation>

<operation id="189" st_id="69" stage="1" lat="1">
<core>NULL</core>
<MemPortIdVec></MemPortIdVec>
<condition id="78">
<or_exp><and_exp></and_exp></or_exp>
</condition>

<Node id="57" bw="8" op_0_bw="8" op_1_bw="32" op_2_bw="32" op_3_bw="32">
<![CDATA[
:23  %tmp_227 = call i8 @_ssdm_op_PartSelect.i8.i32.i32.i32(i32 %ti_1, i32 16, i32 23)

]]></Node>
<StgValue><ssdm name="tmp_227"/></StgValue>
</operation>

<operation id="190" st_id="69" stage="1" lat="1">
<core>NULL</core>
<MemPortIdVec></MemPortIdVec>
<condition id="78">
<or_exp><and_exp></and_exp></or_exp>
</condition>

<Node id="59" bw="8" op_0_bw="8" op_1_bw="32" op_2_bw="32" op_3_bw="32">
<![CDATA[
:25  %tmp_229 = call i8 @_ssdm_op_PartSelect.i8.i32.i32.i32(i32 %ti_1, i32 8, i32 15)

]]></Node>
<StgValue><ssdm name="tmp_229"/></StgValue>
</operation>

<operation id="191" st_id="69" stage="1" lat="1">
<core>NULL</core>
<MemPortIdVec></MemPortIdVec>
<condition id="78">
<or_exp><and_exp></and_exp></or_exp>
</condition>

<Node id="61" bw="8" op_0_bw="32">
<![CDATA[
:27  %tmp_547 = trunc i32 %ti_1 to i8

]]></Node>
<StgValue><ssdm name="tmp_547"/></StgValue>
</operation>
</state>

<state id="70" st_id="70">

<operation id="192" st_id="70" stage="1" lat="1">
<core>RAM</core>
<MemPortIdVec></MemPortIdVec>
<condition id="79">
<or_exp><and_exp></and_exp></or_exp>
</condition>

<Node id="48" bw="0" op_0_bw="8" op_1_bw="3">
<![CDATA[
:14  store i8 %tmp_218, i8* %ivec_addr, align 1

]]></Node>
<StgValue><ssdm name=""/></StgValue>
</operation>

<operation id="193" st_id="70" stage="1" lat="1">
<core>RAM</core>
<MemPortIdVec></MemPortIdVec>
<condition id="79">
<or_exp><and_exp></and_exp></or_exp>
</condition>

<Node id="50" bw="0" op_0_bw="8" op_1_bw="3">
<![CDATA[
:16  store i8 %tmp_220, i8* %iv, align 1

]]></Node>
<StgValue><ssdm name=""/></StgValue>
</operation>
</state>

<state id="71" st_id="71">

<operation id="194" st_id="71" stage="1" lat="1">
<core>RAM</core>
<MemPortIdVec></MemPortIdVec>
<condition id="80">
<or_exp><and_exp></and_exp></or_exp>
</condition>

<Node id="52" bw="0" op_0_bw="8" op_1_bw="3">
<![CDATA[
:18  store i8 %tmp_222, i8* %iv_1, align 1

]]></Node>
<StgValue><ssdm name=""/></StgValue>
</operation>

<operation id="195" st_id="71" stage="1" lat="1">
<core>RAM</core>
<MemPortIdVec></MemPortIdVec>
<condition id="80">
<or_exp><and_exp></and_exp></or_exp>
</condition>

<Node id="54" bw="0" op_0_bw="8" op_1_bw="3">
<![CDATA[
:20  store i8 %tmp, i8* %iv_2, align 1

]]></Node>
<StgValue><ssdm name=""/></StgValue>
</operation>
</state>

<state id="72" st_id="72">

<operation id="196" st_id="72" stage="1" lat="1">
<core>RAM</core>
<MemPortIdVec></MemPortIdVec>
<condition id="81">
<or_exp><and_exp></and_exp></or_exp>
</condition>

<Node id="56" bw="0" op_0_bw="8" op_1_bw="3">
<![CDATA[
:22  store i8 %tmp_225, i8* %iv_3, align 1

]]></Node>
<StgValue><ssdm name=""/></StgValue>
</operation>

<operation id="197" st_id="72" stage="1" lat="1">
<core>RAM</core>
<MemPortIdVec></MemPortIdVec>
<condition id="81">
<or_exp><and_exp></and_exp></or_exp>
</condition>

<Node id="58" bw="0" op_0_bw="8" op_1_bw="3">
<![CDATA[
:24  store i8 %tmp_227, i8* %iv_4, align 1

]]></Node>
<StgValue><ssdm name=""/></StgValue>
</operation>
</state>

<state id="73" st_id="73">

<operation id="198" st_id="73" stage="1" lat="1">
<core>RAM</core>
<MemPortIdVec></MemPortIdVec>
<condition id="82">
<or_exp><and_exp><literal name="tmp_212" val="1"/>
</and_exp></or_exp>
</condition>

<Node id="60" bw="0" op_0_bw="8" op_1_bw="3">
<![CDATA[
:26  store i8 %tmp_229, i8* %iv_5, align 1

]]></Node>
<StgValue><ssdm name=""/></StgValue>
</operation>

<operation id="199" st_id="73" stage="1" lat="1">
<core>RAM</core>
<MemPortIdVec></MemPortIdVec>
<condition id="82">
<or_exp><and_exp><literal name="tmp_212" val="1"/>
</and_exp></or_exp>
</condition>

<Node id="62" bw="0" op_0_bw="8" op_1_bw="3">
<![CDATA[
:28  store i8 %tmp_547, i8* %iv_6, align 1

]]></Node>
<StgValue><ssdm name=""/></StgValue>
</operation>

<operation id="200" st_id="73" stage="1" lat="1">
<core>NULL</core>
<MemPortIdVec></MemPortIdVec>
<condition id="82">
<or_exp><and_exp><literal name="tmp_212" val="1"/>
</and_exp></or_exp>
</condition>

<Node id="63" bw="0" op_0_bw="0">
<![CDATA[
:29  br label %._crit_edge

]]></Node>
<StgValue><ssdm name=""/></StgValue>
</operation>

<operation id="201" st_id="73" stage="1" lat="1">
<core>NULL</core>
<MemPortIdVec></MemPortIdVec>
<condition id="85">
<or_exp><and_exp></and_exp></or_exp>
</condition>

<Node id="67" bw="3" op_0_bw="8" op_1_bw="32" op_2_bw="32">
<![CDATA[
._crit_edge:2  %ivec_addr_8 = getelementptr [8 x i8]* %ivec, i32 0, i32 %num_write_assign

]]></Node>
<StgValue><ssdm name="ivec_addr_8"/></StgValue>
</operation>

<operation id="202" st_id="73" stage="1" lat="1">
<core>NULL</core>
<MemPortIdVec></MemPortIdVec>
<condition id="85">
<or_exp><and_exp></and_exp></or_exp>
</condition>

<Node id="72" bw="3" op_0_bw="32">
<![CDATA[
._crit_edge:7  %tmp_548 = trunc i32 %num_write_assign to i3

]]></Node>
<StgValue><ssdm name="tmp_548"/></StgValue>
</operation>

<operation id="203" st_id="73" stage="1" lat="1">
<core>AddSub</core>
<MemPortIdVec></MemPortIdVec>
<condition id="85">
<or_exp><and_exp></and_exp></or_exp>
</condition>

<Node id="73" bw="3" op_0_bw="3" op_1_bw="3">
<![CDATA[
._crit_edge:8  %n = add i3 1, %tmp_548

]]></Node>
<StgValue><ssdm name="n"/></StgValue>
</operation>

<operation id="204" st_id="73" stage="1" lat="1">
<core>NULL</core>
<MemPortIdVec></MemPortIdVec>
<condition id="85">
<or_exp><and_exp></and_exp></or_exp>
</condition>

<Node id="74" bw="32" op_0_bw="3">
<![CDATA[
._crit_edge:9  %n_cast = zext i3 %n to i32

]]></Node>
<StgValue><ssdm name="n_cast"/></StgValue>
</operation>
</state>

<state id="74" st_id="74">

<operation id="205" st_id="74" stage="2" lat="2">
<core>RAM</core>
<MemPortIdVec></MemPortIdVec>
<condition id="86">
<or_exp><and_exp></and_exp></or_exp>
</condition>

<Node id="65" bw="7" op_0_bw="6">
<![CDATA[
._crit_edge:0  %in_load = load i7* %in_addr, align 1

]]></Node>
<StgValue><ssdm name="in_load"/></StgValue>
</operation>

<operation id="206" st_id="74" stage="2" lat="2">
<core>RAM</core>
<MemPortIdVec></MemPortIdVec>
<condition id="86">
<or_exp><and_exp></and_exp></or_exp>
</condition>

<Node id="68" bw="8" op_0_bw="3">
<![CDATA[
._crit_edge:3  %ivec_load_1 = load i8* %ivec_addr_8, align 1

]]></Node>
<StgValue><ssdm name="ivec_load_1"/></StgValue>
</operation>
</state>

<state id="75" st_id="75">

<operation id="207" st_id="75" stage="1" lat="2">
<core>RAM</core>
<MemPortIdVec></MemPortIdVec>
<condition id="87">
<or_exp><and_exp></and_exp></or_exp>
</condition>

<Node id="65" bw="7" op_0_bw="6">
<![CDATA[
._crit_edge:0  %in_load = load i7* %in_addr, align 1

]]></Node>
<StgValue><ssdm name="in_load"/></StgValue>
</operation>

<operation id="208" st_id="75" stage="1" lat="1">
<core>NULL</core>
<MemPortIdVec></MemPortIdVec>
<condition id="87">
<or_exp><and_exp></and_exp></or_exp>
</condition>

<Node id="66" bw="8" op_0_bw="7">
<![CDATA[
._crit_edge:1  %extLd = zext i7 %in_load to i8

]]></Node>
<StgValue><ssdm name="extLd"/></StgValue>
</operation>

<operation id="209" st_id="75" stage="1" lat="2">
<core>RAM</core>
<MemPortIdVec></MemPortIdVec>
<condition id="87">
<or_exp><and_exp></and_exp></or_exp>
</condition>

<Node id="68" bw="8" op_0_bw="3">
<![CDATA[
._crit_edge:3  %ivec_load_1 = load i8* %ivec_addr_8, align 1

]]></Node>
<StgValue><ssdm name="ivec_load_1"/></StgValue>
</operation>

<operation id="210" st_id="75" stage="1" lat="1">
<core>LogicGate</core>
<MemPortIdVec></MemPortIdVec>
<condition id="87">
<or_exp><and_exp></and_exp></or_exp>
</condition>

<Node id="69" bw="8" op_0_bw="8" op_1_bw="8">
<![CDATA[
._crit_edge:4  %c = xor i8 %ivec_load_1, %extLd

]]></Node>
<StgValue><ssdm name="c"/></StgValue>
</operation>

<operation id="211" st_id="75" stage="1" lat="1">
<core>RAM</core>
<MemPortIdVec></MemPortIdVec>
<condition id="87">
<or_exp><and_exp></and_exp></or_exp>
</condition>

<Node id="70" bw="0" op_0_bw="8" op_1_bw="6">
<![CDATA[
._crit_edge:5  store i8 %c, i8* %out_addr, align 1

]]></Node>
<StgValue><ssdm name=""/></StgValue>
</operation>

<operation id="212" st_id="75" stage="1" lat="1">
<core>RAM</core>
<MemPortIdVec></MemPortIdVec>
<condition id="87">
<or_exp><and_exp></and_exp></or_exp>
</condition>

<Node id="71" bw="0" op_0_bw="8" op_1_bw="3">
<![CDATA[
._crit_edge:6  store i8 %c, i8* %ivec_addr_8, align 1

]]></Node>
<StgValue><ssdm name=""/></StgValue>
</operation>

<operation id="213" st_id="75" stage="1" lat="1">
<core>NULL</core>
<MemPortIdVec></MemPortIdVec>
<condition id="87">
<or_exp><and_exp></and_exp></or_exp>
</condition>

<Node id="75" bw="0" op_0_bw="0">
<![CDATA[
._crit_edge:10  br label %.preheader6

]]></Node>
<StgValue><ssdm name=""/></StgValue>
</operation>
</state>
</state_list>


<ports>
</ports>


<dataflows>
</dataflows>


</stg>
