<profile>

<section name = "Vivado HLS Report for 'BF_encrypt'" level="0">
<item name = "Date">Wed Mar 31 12:31:24 2021
</item>
<item name = "Version">2017.2 (Build 1909853 on Thu Jun 15 18:55:24 MDT 2017)</item>
<item name = "Project">pro</item>
<item name = "Solution">solution3</item>
<item name = "Product family">zynq</item>
<item name = "Target device">xc7z020clg484-1</item>
</section>

<section name = "Performance Estimates" level="0">
<item name = "Timing (ns)">
<section name = "" level="1">
<item name = "Summary"><table name="" hasTotal="0">
<keys size="4">Clock, Target, Estimated, Uncertainty</keys>
<column name="ap_clk">10.00, 8.22, 1.25</column>
</table>
</item>
</section>
</item>
<item name = "Latency (clock cycles)">
<section name = "" level="1">
<item name = "Summary"><table name="" hasTotal="0">
<keys size="6">, min, max, min, max, Type</keys>
<column name="">63, 63, 32, 32, function</column>
</table>
</item>
<item name = "Detail">
<section name = "" level="1">
<item name = "Instance"><table name="" hasTotal="0">
<keys size="7">Instance, Module, min, max, min, max, Type</keys>
</table>
</item>
<item name = "Loop"><table name="" hasTotal="0">
<keys size="8">Loop Name, min, max, Latency, achieved, target, Count, Pipelined</keys>
</table>
</item>
</section>
</item>
</section>
</item>
</section>

<section name = "Utilization Estimates" level="0">
<item name = "Summary"><table name="" hasTotal="1">
<keys size="5">Name, BRAM_18K, DSP48E, FF, LUT</keys>
<column name="DSP">-, -, -, -</column>
<column name="Expression">-, -, 6487, 6337</column>
<column name="FIFO">-, -, -, -</column>
<column name="Instance">-, -, -, -</column>
<column name="Memory">-, -, -, -</column>
<column name="Multiplexer">-, -, -, 584</column>
<column name="Register">-, -, 2898, -</column>
<specialColumn name="Available">280, 220, 106400, 53200</specialColumn>
<specialColumn name="Utilization (%)">0, 0, 8, 13</specialColumn>
</table>
</item>
<item name = "Detail">
<section name = "" level="1">
<item name = "Instance"><table name="" hasTotal="1">
<keys size="6">Instance, Module, BRAM_18K, DSP48E, FF, LUT</keys>
</table>
</item>
<item name = "DSP48"><table name="" hasTotal="0">
<keys size="3">Instance, Module, Expression</keys>
</table>
</item>
<item name = "Memory"><table name="" hasTotal="1">
<keys size="9">Memory, Module, BRAM_18K, FF, LUT, Words, Bits, Banks, W*Bits*Banks</keys>
</table>
</item>
<item name = "FIFO"><table name="" hasTotal="1">
<keys size="7">Name, BRAM_18K, FF, LUT, Depth, Bits, Size:D*B</keys>
</table>
</item>
<item name = "Expression"><table name="" hasTotal="1">
<keys size="7">Variable Name, Operation, DSP48E, FF, LUT, Bitwidth P0, Bitwidth P1</keys>
<column name="grp_fu_634_p2">+, 0, 101, 37, 32, 32</column>
<column name="tmp_103_fu_2299_p2">+, 0, 101, 37, 32, 32</column>
<column name="tmp_109_fu_1047_p2">+, 0, 29, 13, 8, 8</column>
<column name="tmp_113_fu_1053_p2">+, 0, 53, 21, 16, 16</column>
<column name="tmp_115_fu_2532_p2">+, 0, 101, 37, 32, 32</column>
<column name="tmp_118_fu_1059_p2">+, 0, 77, 29, 24, 24</column>
<column name="tmp_127_fu_2765_p2">+, 0, 101, 37, 32, 32</column>
<column name="tmp_134_fu_1128_p2">+, 0, 29, 13, 8, 8</column>
<column name="tmp_137_fu_1134_p2">+, 0, 53, 21, 16, 16</column>
<column name="tmp_139_fu_2998_p2">+, 0, 101, 37, 32, 32</column>
<column name="tmp_141_fu_1140_p2">+, 0, 77, 29, 24, 24</column>
<column name="tmp_151_fu_3235_p2">+, 0, 101, 37, 32, 32</column>
<column name="tmp_163_fu_3468_p2">+, 0, 101, 37, 32, 32</column>
<column name="tmp_173_fu_1284_p2">+, 0, 29, 13, 8, 8</column>
<column name="tmp_175_fu_3705_p2">+, 0, 101, 37, 32, 32</column>
<column name="tmp_178_fu_1290_p2">+, 0, 53, 21, 16, 16</column>
<column name="tmp_182_fu_1296_p2">+, 0, 77, 29, 24, 24</column>
<column name="tmp_187_fu_3938_p2">+, 0, 101, 37, 32, 32</column>
<column name="tmp_199_fu_4171_p2">+, 0, 101, 37, 32, 32</column>
<column name="tmp_201_fu_1365_p2">+, 0, 29, 13, 8, 8</column>
<column name="tmp_202_fu_1371_p2">+, 0, 53, 21, 16, 16</column>
<column name="tmp_205_fu_1377_p2">+, 0, 77, 29, 24, 24</column>
<column name="tmp_211_fu_4327_p2">+, 0, 101, 37, 32, 32</column>
<column name="tmp_223_fu_1521_p2">+, 0, 29, 13, 8, 8</column>
<column name="tmp_225_fu_1527_p2">+, 0, 53, 21, 16, 16</column>
<column name="tmp_227_fu_1533_p2">+, 0, 77, 29, 24, 24</column>
<column name="tmp_234_fu_1602_p2">+, 0, 29, 13, 8, 8</column>
<column name="tmp_235_fu_1608_p2">+, 0, 53, 21, 16, 16</column>
<column name="tmp_236_fu_1614_p2">+, 0, 77, 29, 24, 24</column>
<column name="tmp_250_fu_1758_p2">+, 0, 29, 13, 8, 8</column>
<column name="tmp_252_fu_1764_p2">+, 0, 53, 21, 16, 16</column>
<column name="tmp_254_fu_1770_p2">+, 0, 77, 29, 24, 24</column>
<column name="tmp_261_fu_1839_p2">+, 0, 29, 13, 8, 8</column>
<column name="tmp_262_fu_1845_p2">+, 0, 53, 21, 16, 16</column>
<column name="tmp_263_fu_1851_p2">+, 0, 77, 29, 24, 24</column>
<column name="tmp_277_fu_1991_p2">+, 0, 29, 13, 8, 8</column>
<column name="tmp_279_fu_1997_p2">+, 0, 53, 21, 16, 16</column>
<column name="tmp_281_fu_2003_p2">+, 0, 77, 29, 24, 24</column>
<column name="tmp_288_fu_2072_p2">+, 0, 29, 13, 8, 8</column>
<column name="tmp_289_fu_2078_p2">+, 0, 53, 21, 16, 16</column>
<column name="tmp_290_fu_2084_p2">+, 0, 77, 29, 24, 24</column>
<column name="tmp_304_fu_2224_p2">+, 0, 29, 13, 8, 8</column>
<column name="tmp_306_fu_2230_p2">+, 0, 53, 21, 16, 16</column>
<column name="tmp_308_fu_2236_p2">+, 0, 77, 29, 24, 24</column>
<column name="tmp_315_fu_2305_p2">+, 0, 29, 13, 8, 8</column>
<column name="tmp_316_fu_2311_p2">+, 0, 53, 21, 16, 16</column>
<column name="tmp_317_fu_2317_p2">+, 0, 77, 29, 24, 24</column>
<column name="tmp_31_fu_869_p2">+, 0, 101, 37, 32, 32</column>
<column name="tmp_331_fu_2457_p2">+, 0, 29, 13, 8, 8</column>
<column name="tmp_333_fu_2463_p2">+, 0, 53, 21, 16, 16</column>
<column name="tmp_335_fu_2469_p2">+, 0, 77, 29, 24, 24</column>
<column name="tmp_342_fu_2538_p2">+, 0, 29, 13, 8, 8</column>
<column name="tmp_343_fu_2544_p2">+, 0, 53, 21, 16, 16</column>
<column name="tmp_344_fu_2550_p2">+, 0, 77, 29, 24, 24</column>
<column name="tmp_358_fu_2690_p2">+, 0, 29, 13, 8, 8</column>
<column name="tmp_360_fu_2696_p2">+, 0, 53, 21, 16, 16</column>
<column name="tmp_362_fu_2702_p2">+, 0, 77, 29, 24, 24</column>
<column name="tmp_369_fu_2771_p2">+, 0, 29, 13, 8, 8</column>
<column name="tmp_370_fu_2777_p2">+, 0, 53, 21, 16, 16</column>
<column name="tmp_371_fu_2783_p2">+, 0, 77, 29, 24, 24</column>
<column name="tmp_37_fu_794_p2">+, 0, 29, 13, 8, 8</column>
<column name="tmp_385_fu_2923_p2">+, 0, 29, 13, 8, 8</column>
<column name="tmp_387_fu_2929_p2">+, 0, 53, 21, 16, 16</column>
<column name="tmp_389_fu_2935_p2">+, 0, 77, 29, 24, 24</column>
<column name="tmp_396_fu_3004_p2">+, 0, 29, 13, 8, 8</column>
<column name="tmp_397_fu_3010_p2">+, 0, 53, 21, 16, 16</column>
<column name="tmp_398_fu_3016_p2">+, 0, 77, 29, 24, 24</column>
<column name="tmp_412_fu_3160_p2">+, 0, 29, 13, 8, 8</column>
<column name="tmp_414_fu_3166_p2">+, 0, 53, 21, 16, 16</column>
<column name="tmp_416_fu_3172_p2">+, 0, 77, 29, 24, 24</column>
<column name="tmp_41_fu_800_p2">+, 0, 53, 21, 16, 16</column>
<column name="tmp_423_fu_3241_p2">+, 0, 29, 13, 8, 8</column>
<column name="tmp_424_fu_3247_p2">+, 0, 53, 21, 16, 16</column>
<column name="tmp_425_fu_3253_p2">+, 0, 77, 29, 24, 24</column>
<column name="tmp_439_fu_3381_p2">+, 0, 29, 13, 8, 8</column>
<column name="tmp_43_fu_1122_p2">+, 0, 101, 37, 32, 32</column>
<column name="tmp_441_fu_3387_p2">+, 0, 53, 21, 16, 16</column>
<column name="tmp_443_fu_3393_p2">+, 0, 77, 29, 24, 24</column>
<column name="tmp_450_fu_3474_p2">+, 0, 29, 13, 8, 8</column>
<column name="tmp_451_fu_3480_p2">+, 0, 53, 21, 16, 16</column>
<column name="tmp_452_fu_3486_p2">+, 0, 77, 29, 24, 24</column>
<column name="tmp_466_fu_3618_p2">+, 0, 29, 13, 8, 8</column>
<column name="tmp_468_fu_3624_p2">+, 0, 53, 21, 16, 16</column>
<column name="tmp_46_fu_806_p2">+, 0, 77, 29, 24, 24</column>
<column name="tmp_470_fu_3630_p2">+, 0, 77, 29, 24, 24</column>
<column name="tmp_477_fu_3711_p2">+, 0, 29, 13, 8, 8</column>
<column name="tmp_478_fu_3717_p2">+, 0, 53, 21, 16, 16</column>
<column name="tmp_479_fu_3723_p2">+, 0, 77, 29, 24, 24</column>
<column name="tmp_493_fu_3851_p2">+, 0, 29, 13, 8, 8</column>
<column name="tmp_495_fu_3857_p2">+, 0, 53, 21, 16, 16</column>
<column name="tmp_497_fu_3863_p2">+, 0, 77, 29, 24, 24</column>
<column name="tmp_504_fu_3944_p2">+, 0, 29, 13, 8, 8</column>
<column name="tmp_505_fu_3950_p2">+, 0, 53, 21, 16, 16</column>
<column name="tmp_506_fu_3956_p2">+, 0, 77, 29, 24, 24</column>
<column name="tmp_521_fu_4084_p2">+, 0, 29, 13, 8, 8</column>
<column name="tmp_523_fu_4090_p2">+, 0, 53, 21, 16, 16</column>
<column name="tmp_525_fu_4096_p2">+, 0, 77, 29, 24, 24</column>
<column name="tmp_532_fu_4177_p2">+, 0, 29, 13, 8, 8</column>
<column name="tmp_533_fu_4183_p2">+, 0, 53, 21, 16, 16</column>
<column name="tmp_534_fu_4189_p2">+, 0, 77, 29, 24, 24</column>
<column name="tmp_55_fu_1359_p2">+, 0, 101, 37, 32, 32</column>
<column name="tmp_62_fu_875_p2">+, 0, 29, 13, 8, 8</column>
<column name="tmp_67_fu_1596_p2">+, 0, 101, 37, 32, 32</column>
<column name="tmp_69_fu_885_p2">+, 0, 53, 21, 16, 16</column>
<column name="tmp_73_fu_895_p2">+, 0, 77, 29, 24, 24</column>
<column name="tmp_79_fu_1833_p2">+, 0, 101, 37, 32, 32</column>
<column name="tmp_91_fu_2066_p2">+, 0, 101, 37, 32, 32</column>
<column name="ap_block_pp0_stage0_flag00011001">and, 0, 0, 2, 1, 1</column>
<column name="ap_condition_148">and, 0, 0, 2, 1, 1</column>
<column name="ap_condition_314">and, 0, 0, 2, 1, 1</column>
<column name="ap_block_pp0_stage0_flag00011011">or, 0, 0, 2, 1, 1</column>
<column name="ap_enable_pp0">xor, 0, 0, 2, 1, 2</column>
<column name="l_10_cast26_cast_fu_3066_p2">xor, 0, 0, 16, 16, 16</column>
<column name="l_10_cast_cast_fu_3072_p2">xor, 0, 0, 24, 24, 24</column>
<column name="l_10_cast_fu_3060_p2">xor, 0, 0, 8, 8, 8</column>
<column name="l_11_cast22_cast_fu_3536_p2">xor, 0, 0, 16, 16, 16</column>
<column name="l_11_cast_cast_fu_3542_p2">xor, 0, 0, 24, 24, 24</column>
<column name="l_11_cast_fu_3530_p2">xor, 0, 0, 8, 8, 8</column>
<column name="l_13_cast18_cast_fu_4002_p2">xor, 0, 0, 16, 16, 16</column>
<column name="l_13_cast_cast_fu_4008_p2">xor, 0, 0, 24, 24, 24</column>
<column name="l_13_cast_fu_3996_p2">xor, 0, 0, 8, 8, 8</column>
<column name="l_1_fu_1178_p2">xor, 0, 0, 32, 32, 32</column>
<column name="l_2_cast42_cast_fu_1190_p2">xor, 0, 0, 16, 16, 16</column>
<column name="l_2_cast_cast_fu_1196_p2">xor, 0, 0, 24, 24, 24</column>
<column name="l_2_cast_fu_1184_p2">xor, 0, 0, 8, 8, 8</column>
<column name="l_2_fu_1652_p2">xor, 0, 0, 32, 32, 32</column>
<column name="l_3_fu_2119_p2">xor, 0, 0, 32, 32, 32</column>
<column name="l_4_cast38_cast_fu_1664_p2">xor, 0, 0, 16, 16, 16</column>
<column name="l_4_cast_cast_fu_1670_p2">xor, 0, 0, 24, 24, 24</column>
<column name="l_4_cast_fu_1658_p2">xor, 0, 0, 8, 8, 8</column>
<column name="l_4_fu_2585_p2">xor, 0, 0, 32, 32, 32</column>
<column name="l_5_fu_3054_p2">xor, 0, 0, 32, 32, 32</column>
<column name="l_6_cast34_cast_fu_2130_p2">xor, 0, 0, 16, 16, 16</column>
<column name="l_6_cast_cast_fu_2136_p2">xor, 0, 0, 24, 24, 24</column>
<column name="l_6_cast_fu_2124_p2">xor, 0, 0, 8, 8, 8</column>
<column name="l_6_fu_3524_p2">xor, 0, 0, 32, 32, 32</column>
<column name="l_7_fu_3991_p2">xor, 0, 0, 32, 32, 32</column>
<column name="l_8_cast30_cast_fu_2596_p2">xor, 0, 0, 16, 16, 16</column>
<column name="l_8_cast_cast_fu_2602_p2">xor, 0, 0, 24, 24, 24</column>
<column name="l_8_cast_fu_2590_p2">xor, 0, 0, 8, 8, 8</column>
<column name="l_8_fu_4338_p2">xor, 0, 0, 32, 32, 32</column>
<column name="l_cast46_cast_fu_698_p2">xor, 0, 0, 16, 16, 16</column>
<column name="l_cast_cast_fu_704_p2">xor, 0, 0, 24, 24, 24</column>
<column name="l_cast_fu_692_p2">xor, 0, 0, 8, 8, 8</column>
<column name="l_fu_686_p2">xor, 0, 0, 32, 32, 32</column>
<column name="r_10_cast24_cast_fu_3299_p2">xor, 0, 0, 16, 16, 16</column>
<column name="r_10_cast_cast_fu_3305_p2">xor, 0, 0, 24, 24, 24</column>
<column name="r_10_cast_fu_3293_p2">xor, 0, 0, 8, 8, 8</column>
<column name="r_12_cast20_cast_fu_3769_p2">xor, 0, 0, 16, 16, 16</column>
<column name="r_12_cast_cast_fu_3775_p2">xor, 0, 0, 24, 24, 24</column>
<column name="r_12_cast_fu_3763_p2">xor, 0, 0, 8, 8, 8</column>
<column name="r_14_cast16_cast_fu_4235_p2">xor, 0, 0, 16, 16, 16</column>
<column name="r_14_cast_cast_fu_4241_p2">xor, 0, 0, 24, 24, 24</column>
<column name="r_14_cast_fu_4229_p2">xor, 0, 0, 8, 8, 8</column>
<column name="r_1_cast44_cast_fu_953_p2">xor, 0, 0, 16, 16, 16</column>
<column name="r_1_cast_cast_fu_959_p2">xor, 0, 0, 24, 24, 24</column>
<column name="r_1_cast_fu_947_p2">xor, 0, 0, 8, 8, 8</column>
<column name="r_1_fu_1415_p2">xor, 0, 0, 32, 32, 32</column>
<column name="r_2_fu_1886_p2">xor, 0, 0, 32, 32, 32</column>
<column name="r_3_cast40_cast_fu_1427_p2">xor, 0, 0, 16, 16, 16</column>
<column name="r_3_cast_cast_fu_1433_p2">xor, 0, 0, 24, 24, 24</column>
<column name="r_3_cast_fu_1421_p2">xor, 0, 0, 8, 8, 8</column>
<column name="r_3_fu_2352_p2">xor, 0, 0, 32, 32, 32</column>
<column name="r_4_fu_2818_p2">xor, 0, 0, 32, 32, 32</column>
<column name="r_5_cast36_cast_fu_1897_p2">xor, 0, 0, 16, 16, 16</column>
<column name="r_5_cast_cast_fu_1903_p2">xor, 0, 0, 24, 24, 24</column>
<column name="r_5_cast_fu_1891_p2">xor, 0, 0, 8, 8, 8</column>
<column name="r_5_fu_3288_p2">xor, 0, 0, 32, 32, 32</column>
<column name="r_6_fu_3758_p2">xor, 0, 0, 32, 32, 32</column>
<column name="r_7_cast32_cast_fu_2363_p2">xor, 0, 0, 16, 16, 16</column>
<column name="r_7_cast_cast_fu_2369_p2">xor, 0, 0, 24, 24, 24</column>
<column name="r_7_cast_fu_2357_p2">xor, 0, 0, 8, 8, 8</column>
<column name="r_7_fu_4224_p2">xor, 0, 0, 32, 32, 32</column>
<column name="r_8_fu_4277_p2">xor, 0, 0, 32, 32, 32</column>
<column name="r_9_cast28_cast_fu_2829_p2">xor, 0, 0, 16, 16, 16</column>
<column name="r_9_cast_cast_fu_2835_p2">xor, 0, 0, 24, 24, 24</column>
<column name="r_9_cast_fu_2823_p2">xor, 0, 0, 8, 8, 8</column>
<column name="r_fu_941_p2">xor, 0, 0, 32, 32, 32</column>
<column name="tmp10_fu_3259_p2">xor, 0, 0, 32, 32, 32</column>
<column name="tmp11_fu_3492_p2">xor, 0, 0, 32, 32, 32</column>
<column name="tmp12_fu_3729_p2">xor, 0, 0, 32, 32, 32</column>
<column name="tmp13_fu_3962_p2">xor, 0, 0, 32, 32, 32</column>
<column name="tmp14_fu_4195_p2">xor, 0, 0, 32, 32, 32</column>
<column name="tmp15_fu_4333_p2">xor, 0, 0, 32, 32, 32</column>
<column name="tmp1_fu_1146_p2">xor, 0, 0, 32, 32, 32</column>
<column name="tmp2_fu_1383_p2">xor, 0, 0, 32, 32, 32</column>
<column name="tmp3_fu_1620_p2">xor, 0, 0, 32, 32, 32</column>
<column name="tmp4_fu_1857_p2">xor, 0, 0, 32, 32, 32</column>
<column name="tmp5_fu_2090_p2">xor, 0, 0, 32, 32, 32</column>
<column name="tmp6_fu_2323_p2">xor, 0, 0, 32, 32, 32</column>
<column name="tmp7_fu_2556_p2">xor, 0, 0, 32, 32, 32</column>
<column name="tmp8_fu_2789_p2">xor, 0, 0, 32, 32, 32</column>
<column name="tmp9_fu_3022_p2">xor, 0, 0, 32, 32, 32</column>
<column name="tmp_100_fu_2266_p2">xor, 0, 0, 32, 32, 32</column>
<column name="tmp_112_fu_2499_p2">xor, 0, 0, 32, 32, 32</column>
<column name="tmp_122_fu_1099_p2">xor, 0, 0, 24, 24, 24</column>
<column name="tmp_124_fu_2732_p2">xor, 0, 0, 32, 32, 32</column>
<column name="tmp_129_fu_1108_p2">xor, 0, 0, 16, 16, 16</column>
<column name="tmp_133_fu_1117_p2">xor, 0, 0, 8, 8, 8</column>
<column name="tmp_136_fu_2965_p2">xor, 0, 0, 32, 32, 32</column>
<column name="tmp_142_fu_1151_p2">xor, 0, 0, 24, 24, 24</column>
<column name="tmp_146_fu_1160_p2">xor, 0, 0, 16, 16, 16</column>
<column name="tmp_148_fu_3202_p2">xor, 0, 0, 32, 32, 32</column>
<column name="tmp_153_fu_1169_p2">xor, 0, 0, 8, 8, 8</column>
<column name="tmp_160_fu_3435_p2">xor, 0, 0, 32, 32, 32</column>
<column name="tmp_172_fu_3672_p2">xor, 0, 0, 32, 32, 32</column>
<column name="tmp_184_fu_3905_p2">xor, 0, 0, 32, 32, 32</column>
<column name="tmp_189_fu_1336_p2">xor, 0, 0, 24, 24, 24</column>
<column name="tmp_193_fu_1345_p2">xor, 0, 0, 16, 16, 16</column>
<column name="tmp_196_fu_4138_p2">xor, 0, 0, 32, 32, 32</column>
<column name="tmp_197_fu_1354_p2">xor, 0, 0, 8, 8, 8</column>
<column name="tmp_206_fu_1388_p2">xor, 0, 0, 24, 24, 24</column>
<column name="tmp_208_fu_4321_p2">xor, 0, 0, 32, 32, 32</column>
<column name="tmp_212_fu_1397_p2">xor, 0, 0, 16, 16, 16</column>
<column name="tmp_214_fu_1406_p2">xor, 0, 0, 8, 8, 8</column>
<column name="tmp_229_fu_1573_p2">xor, 0, 0, 24, 24, 24</column>
<column name="tmp_231_fu_1582_p2">xor, 0, 0, 16, 16, 16</column>
<column name="tmp_233_fu_1591_p2">xor, 0, 0, 8, 8, 8</column>
<column name="tmp_237_fu_1625_p2">xor, 0, 0, 24, 24, 24</column>
<column name="tmp_239_fu_1634_p2">xor, 0, 0, 16, 16, 16</column>
<column name="tmp_241_fu_1643_p2">xor, 0, 0, 8, 8, 8</column>
<column name="tmp_256_fu_1810_p2">xor, 0, 0, 24, 24, 24</column>
<column name="tmp_258_fu_1819_p2">xor, 0, 0, 16, 16, 16</column>
<column name="tmp_260_fu_1828_p2">xor, 0, 0, 8, 8, 8</column>
<column name="tmp_264_fu_1862_p2">xor, 0, 0, 24, 24, 24</column>
<column name="tmp_266_fu_1870_p2">xor, 0, 0, 16, 16, 16</column>
<column name="tmp_268_fu_1878_p2">xor, 0, 0, 8, 8, 8</column>
<column name="tmp_283_fu_2043_p2">xor, 0, 0, 24, 24, 24</column>
<column name="tmp_285_fu_2052_p2">xor, 0, 0, 16, 16, 16</column>
<column name="tmp_287_fu_2061_p2">xor, 0, 0, 8, 8, 8</column>
<column name="tmp_28_fu_836_p2">xor, 0, 0, 32, 32, 32</column>
<column name="tmp_291_fu_2095_p2">xor, 0, 0, 24, 24, 24</column>
<column name="tmp_293_fu_2103_p2">xor, 0, 0, 16, 16, 16</column>
<column name="tmp_295_fu_2111_p2">xor, 0, 0, 8, 8, 8</column>
<column name="tmp_310_fu_2276_p2">xor, 0, 0, 24, 24, 24</column>
<column name="tmp_312_fu_2285_p2">xor, 0, 0, 16, 16, 16</column>
<column name="tmp_314_fu_2294_p2">xor, 0, 0, 8, 8, 8</column>
<column name="tmp_318_fu_2328_p2">xor, 0, 0, 24, 24, 24</column>
<column name="tmp_320_fu_2336_p2">xor, 0, 0, 16, 16, 16</column>
<column name="tmp_322_fu_2344_p2">xor, 0, 0, 8, 8, 8</column>
<column name="tmp_337_fu_2509_p2">xor, 0, 0, 24, 24, 24</column>
<column name="tmp_339_fu_2518_p2">xor, 0, 0, 16, 16, 16</column>
<column name="tmp_341_fu_2527_p2">xor, 0, 0, 8, 8, 8</column>
<column name="tmp_345_fu_2561_p2">xor, 0, 0, 24, 24, 24</column>
<column name="tmp_347_fu_2569_p2">xor, 0, 0, 16, 16, 16</column>
<column name="tmp_349_fu_2577_p2">xor, 0, 0, 8, 8, 8</column>
<column name="tmp_364_fu_2742_p2">xor, 0, 0, 24, 24, 24</column>
<column name="tmp_366_fu_2751_p2">xor, 0, 0, 16, 16, 16</column>
<column name="tmp_368_fu_2760_p2">xor, 0, 0, 8, 8, 8</column>
<column name="tmp_372_fu_2794_p2">xor, 0, 0, 24, 24, 24</column>
<column name="tmp_374_fu_2802_p2">xor, 0, 0, 16, 16, 16</column>
<column name="tmp_376_fu_2810_p2">xor, 0, 0, 8, 8, 8</column>
<column name="tmp_391_fu_2975_p2">xor, 0, 0, 24, 24, 24</column>
<column name="tmp_393_fu_2984_p2">xor, 0, 0, 16, 16, 16</column>
<column name="tmp_395_fu_2993_p2">xor, 0, 0, 8, 8, 8</column>
<column name="tmp_399_fu_3027_p2">xor, 0, 0, 24, 24, 24</column>
<column name="tmp_401_fu_3036_p2">xor, 0, 0, 16, 16, 16</column>
<column name="tmp_403_fu_3045_p2">xor, 0, 0, 8, 8, 8</column>
<column name="tmp_40_fu_1089_p2">xor, 0, 0, 32, 32, 32</column>
<column name="tmp_418_fu_3212_p2">xor, 0, 0, 24, 24, 24</column>
<column name="tmp_420_fu_3221_p2">xor, 0, 0, 16, 16, 16</column>
<column name="tmp_422_fu_3230_p2">xor, 0, 0, 8, 8, 8</column>
<column name="tmp_426_fu_3264_p2">xor, 0, 0, 24, 24, 24</column>
<column name="tmp_428_fu_3272_p2">xor, 0, 0, 16, 16, 16</column>
<column name="tmp_430_fu_3280_p2">xor, 0, 0, 8, 8, 8</column>
<column name="tmp_445_fu_3445_p2">xor, 0, 0, 24, 24, 24</column>
<column name="tmp_447_fu_3454_p2">xor, 0, 0, 16, 16, 16</column>
<column name="tmp_449_fu_3463_p2">xor, 0, 0, 8, 8, 8</column>
<column name="tmp_453_fu_3497_p2">xor, 0, 0, 24, 24, 24</column>
<column name="tmp_455_fu_3506_p2">xor, 0, 0, 16, 16, 16</column>
<column name="tmp_457_fu_3515_p2">xor, 0, 0, 8, 8, 8</column>
<column name="tmp_472_fu_3682_p2">xor, 0, 0, 24, 24, 24</column>
<column name="tmp_474_fu_3691_p2">xor, 0, 0, 16, 16, 16</column>
<column name="tmp_476_fu_3700_p2">xor, 0, 0, 8, 8, 8</column>
<column name="tmp_480_fu_3734_p2">xor, 0, 0, 24, 24, 24</column>
<column name="tmp_482_fu_3742_p2">xor, 0, 0, 16, 16, 16</column>
<column name="tmp_484_fu_3750_p2">xor, 0, 0, 8, 8, 8</column>
<column name="tmp_499_fu_3915_p2">xor, 0, 0, 24, 24, 24</column>
<column name="tmp_501_fu_3924_p2">xor, 0, 0, 16, 16, 16</column>
<column name="tmp_503_fu_3933_p2">xor, 0, 0, 8, 8, 8</column>
<column name="tmp_507_fu_3967_p2">xor, 0, 0, 24, 24, 24</column>
<column name="tmp_509_fu_3975_p2">xor, 0, 0, 16, 16, 16</column>
<column name="tmp_50_fu_846_p2">xor, 0, 0, 24, 24, 24</column>
<column name="tmp_511_fu_3983_p2">xor, 0, 0, 8, 8, 8</column>
<column name="tmp_527_fu_4148_p2">xor, 0, 0, 24, 24, 24</column>
<column name="tmp_529_fu_4157_p2">xor, 0, 0, 16, 16, 16</column>
<column name="tmp_52_fu_1326_p2">xor, 0, 0, 32, 32, 32</column>
<column name="tmp_531_fu_4166_p2">xor, 0, 0, 8, 8, 8</column>
<column name="tmp_535_fu_4200_p2">xor, 0, 0, 24, 24, 24</column>
<column name="tmp_537_fu_4208_p2">xor, 0, 0, 16, 16, 16</column>
<column name="tmp_539_fu_4216_p2">xor, 0, 0, 8, 8, 8</column>
<column name="tmp_57_fu_855_p2">xor, 0, 0, 16, 16, 16</column>
<column name="tmp_61_fu_864_p2">xor, 0, 0, 8, 8, 8</column>
<column name="tmp_64_fu_1563_p2">xor, 0, 0, 32, 32, 32</column>
<column name="tmp_76_fu_1800_p2">xor, 0, 0, 32, 32, 32</column>
<column name="tmp_77_fu_911_p2">xor, 0, 0, 24, 24, 24</column>
<column name="tmp_82_fu_921_p2">xor, 0, 0, 16, 16, 16</column>
<column name="tmp_86_fu_931_p2">xor, 0, 0, 8, 8, 8</column>
<column name="tmp_88_fu_2033_p2">xor, 0, 0, 32, 32, 32</column>
<column name="tmp_fu_905_p2">xor, 0, 0, 32, 32, 32</column>
</table>
</item>
<item name = "Multiplexer"><table name="" hasTotal="1">
<keys size="5">Name, LUT, Input Size, Bits, Total Bits</keys>
<column name="ap_NS_fsm">149, 33, 1, 33</column>
<column name="ap_enable_reg_pp0_iter0">9, 2, 1, 2</column>
<column name="key_P_address0">55, 10, 5, 50</column>
<column name="key_P_address1">55, 10, 5, 50</column>
<column name="key_S_address0">149, 33, 10, 330</column>
<column name="key_S_address1">149, 33, 10, 330</column>
<column name="reg_640">9, 2, 32, 64</column>
<column name="reg_653">9, 2, 32, 64</column>
</table>
</item>
<item name = "Register"><table name="" hasTotal="1">
<keys size="5">Name, FF, LUT, Bits, Const Bits</keys>
<column name="ap_CS_fsm">32, 0, 32, 0</column>
<column name="ap_enable_reg_pp0_iter0_reg">1, 0, 1, 0</column>
<column name="ap_enable_reg_pp0_iter1">1, 0, 1, 0</column>
<column name="ap_port_reg_data_0_read">32, 0, 32, 0</column>
<column name="ap_port_reg_data_1_read">32, 0, 32, 0</column>
<column name="key_P_load_11_reg_4563">32, 0, 32, 0</column>
<column name="key_P_load_13_reg_5266">32, 0, 32, 0</column>
<column name="key_P_load_14_reg_5289">32, 0, 32, 0</column>
<column name="key_P_load_15_reg_5297">32, 0, 32, 0</column>
<column name="key_P_load_17_reg_5315">32, 0, 32, 0</column>
<column name="key_P_load_5_reg_4452">32, 0, 32, 0</column>
<column name="key_P_load_6_reg_4470">32, 0, 32, 0</column>
<column name="key_P_load_7_reg_4478">32, 0, 32, 0</column>
<column name="key_P_load_8_reg_4511">32, 0, 32, 0</column>
<column name="key_P_load_9_reg_4519">32, 0, 32, 0</column>
<column name="l_10_cast26_cast_reg_5114">16, 0, 16, 0</column>
<column name="l_10_cast_cast_reg_5119">24, 0, 24, 0</column>
<column name="l_10_cast_reg_5108">8, 0, 8, 0</column>
<column name="l_11_cast22_cast_reg_5256">16, 0, 16, 0</column>
<column name="l_11_cast_cast_reg_5261">24, 0, 24, 0</column>
<column name="l_11_cast_reg_5250">8, 0, 8, 0</column>
<column name="l_13_cast_reg_5421">8, 0, 8, 0</column>
<column name="l_1_reg_4527">32, 0, 32, 0</column>
<column name="l_2_cast42_cast_reg_4538">16, 0, 16, 0</column>
<column name="l_2_cast_cast_reg_4543">24, 0, 24, 0</column>
<column name="l_2_cast_reg_4532">8, 0, 8, 0</column>
<column name="l_2_reg_4677">32, 0, 32, 0</column>
<column name="l_3_reg_4819">32, 0, 32, 0</column>
<column name="l_4_cast38_cast_reg_4688">16, 0, 16, 0</column>
<column name="l_4_cast_cast_reg_4693">24, 0, 24, 0</column>
<column name="l_4_cast_reg_4682">8, 0, 8, 0</column>
<column name="l_4_reg_4961">32, 0, 32, 0</column>
<column name="l_5_reg_5103">32, 0, 32, 0</column>
<column name="l_6_cast34_cast_reg_4830">16, 0, 16, 0</column>
<column name="l_6_cast_cast_reg_4835">24, 0, 24, 0</column>
<column name="l_6_cast_reg_4824">8, 0, 8, 0</column>
<column name="l_6_reg_5245">32, 0, 32, 0</column>
<column name="l_7_reg_5416">32, 0, 32, 0</column>
<column name="l_8_cast30_cast_reg_4972">16, 0, 16, 0</column>
<column name="l_8_cast_cast_reg_4977">24, 0, 24, 0</column>
<column name="l_8_cast_reg_4966">8, 0, 8, 0</column>
<column name="l_cast46_cast_reg_4366">16, 0, 16, 0</column>
<column name="l_cast_cast_reg_4371">24, 0, 24, 0</column>
<column name="l_cast_reg_4360">8, 0, 8, 0</column>
<column name="l_reg_4355">32, 0, 32, 0</column>
<column name="r_10_cast24_cast_reg_5185">16, 0, 16, 0</column>
<column name="r_10_cast_cast_reg_5190">24, 0, 24, 0</column>
<column name="r_10_cast_reg_5179">8, 0, 8, 0</column>
<column name="r_12_cast20_cast_reg_5356">16, 0, 16, 0</column>
<column name="r_12_cast_cast_reg_5361">24, 0, 24, 0</column>
<column name="r_12_cast_reg_5350">8, 0, 8, 0</column>
<column name="r_14_cast_reg_5481">8, 0, 8, 0</column>
<column name="r_1_cast44_cast_reg_4427">16, 0, 16, 0</column>
<column name="r_1_cast_cast_reg_4432">24, 0, 24, 0</column>
<column name="r_1_cast_reg_4421">8, 0, 8, 0</column>
<column name="r_1_reg_4606">32, 0, 32, 0</column>
<column name="r_2_reg_4748">32, 0, 32, 0</column>
<column name="r_3_cast40_cast_reg_4617">16, 0, 16, 0</column>
<column name="r_3_cast_cast_reg_4622">24, 0, 24, 0</column>
<column name="r_3_cast_reg_4611">8, 0, 8, 0</column>
<column name="r_3_reg_4890">32, 0, 32, 0</column>
<column name="r_4_reg_5032">32, 0, 32, 0</column>
<column name="r_5_cast36_cast_reg_4759">16, 0, 16, 0</column>
<column name="r_5_cast_cast_reg_4764">24, 0, 24, 0</column>
<column name="r_5_cast_reg_4753">8, 0, 8, 0</column>
<column name="r_5_reg_5174">32, 0, 32, 0</column>
<column name="r_6_reg_5345">32, 0, 32, 0</column>
<column name="r_7_cast32_cast_reg_4901">16, 0, 16, 0</column>
<column name="r_7_cast_cast_reg_4906">24, 0, 24, 0</column>
<column name="r_7_cast_reg_4895">8, 0, 8, 0</column>
<column name="r_7_reg_5476">32, 0, 32, 0</column>
<column name="r_8_reg_5501">32, 0, 32, 0</column>
<column name="r_9_cast28_cast_reg_5043">16, 0, 16, 0</column>
<column name="r_9_cast_cast_reg_5048">24, 0, 24, 0</column>
<column name="r_9_cast_reg_5037">8, 0, 8, 0</column>
<column name="r_reg_4416">32, 0, 32, 0</column>
<column name="reg_640">32, 0, 32, 0</column>
<column name="reg_645">32, 0, 32, 0</column>
<column name="reg_649">32, 0, 32, 0</column>
<column name="reg_653">32, 0, 32, 0</column>
<column name="reg_658">32, 0, 32, 0</column>
<column name="tmp_104_reg_4911">8, 0, 8, 0</column>
<column name="tmp_105_cast_reg_4916">8, 0, 8, 0</column>
<column name="tmp_109_cast_reg_4921">8, 0, 8, 0</column>
<column name="tmp_109_reg_4491">8, 0, 8, 0</column>
<column name="tmp_113_reg_4496">16, 0, 16, 0</column>
<column name="tmp_116_reg_4982">8, 0, 8, 0</column>
<column name="tmp_117_cast_reg_4987">8, 0, 8, 0</column>
<column name="tmp_118_reg_4501">24, 0, 24, 0</column>
<column name="tmp_121_cast_reg_4992">8, 0, 8, 0</column>
<column name="tmp_128_reg_5053">8, 0, 8, 0</column>
<column name="tmp_129_cast_reg_5058">8, 0, 8, 0</column>
<column name="tmp_133_cast_reg_5063">8, 0, 8, 0</column>
<column name="tmp_140_reg_5124">8, 0, 8, 0</column>
<column name="tmp_141_cast_reg_5129">8, 0, 8, 0</column>
<column name="tmp_145_cast_reg_5134">8, 0, 8, 0</column>
<column name="tmp_152_reg_5195">8, 0, 8, 0</column>
<column name="tmp_153_cast_reg_5200">8, 0, 8, 0</column>
<column name="tmp_157_cast_reg_5205">8, 0, 8, 0</column>
<column name="tmp_164_reg_5274">8, 0, 8, 0</column>
<column name="tmp_165_cast_reg_5279">8, 0, 8, 0</column>
<column name="tmp_169_cast_reg_5284">8, 0, 8, 0</column>
<column name="tmp_173_reg_4586">8, 0, 8, 0</column>
<column name="tmp_176_reg_5366">8, 0, 8, 0</column>
<column name="tmp_177_cast_reg_5371">8, 0, 8, 0</column>
<column name="tmp_178_reg_4591">16, 0, 16, 0</column>
<column name="tmp_181_cast_reg_5376">8, 0, 8, 0</column>
<column name="tmp_182_reg_4596">24, 0, 24, 0</column>
<column name="tmp_188_reg_5426">8, 0, 8, 0</column>
<column name="tmp_189_cast_reg_5431">8, 0, 8, 0</column>
<column name="tmp_193_cast_reg_5436">8, 0, 8, 0</column>
<column name="tmp_200_reg_5486">8, 0, 8, 0</column>
<column name="tmp_201_cast_reg_5491">8, 0, 8, 0</column>
<column name="tmp_205_cast_reg_5496">8, 0, 8, 0</column>
<column name="tmp_223_reg_4657">8, 0, 8, 0</column>
<column name="tmp_225_reg_4662">16, 0, 16, 0</column>
<column name="tmp_227_reg_4667">24, 0, 24, 0</column>
<column name="tmp_250_reg_4728">8, 0, 8, 0</column>
<column name="tmp_252_reg_4733">16, 0, 16, 0</column>
<column name="tmp_254_reg_4738">24, 0, 24, 0</column>
<column name="tmp_25_cast_reg_4386">8, 0, 8, 0</column>
<column name="tmp_277_reg_4799">8, 0, 8, 0</column>
<column name="tmp_279_reg_4804">16, 0, 16, 0</column>
<column name="tmp_281_reg_4809">24, 0, 24, 0</column>
<column name="tmp_304_reg_4870">8, 0, 8, 0</column>
<column name="tmp_306_reg_4875">16, 0, 16, 0</column>
<column name="tmp_308_reg_4880">24, 0, 24, 0</column>
<column name="tmp_32_reg_4437">8, 0, 8, 0</column>
<column name="tmp_331_reg_4941">8, 0, 8, 0</column>
<column name="tmp_333_reg_4946">16, 0, 16, 0</column>
<column name="tmp_335_reg_4951">24, 0, 24, 0</column>
<column name="tmp_33_cast_reg_4442">8, 0, 8, 0</column>
<column name="tmp_358_reg_5012">8, 0, 8, 0</column>
<column name="tmp_360_reg_5017">16, 0, 16, 0</column>
<column name="tmp_362_reg_5022">24, 0, 24, 0</column>
<column name="tmp_37_cast_reg_4447">8, 0, 8, 0</column>
<column name="tmp_37_reg_4396">8, 0, 8, 0</column>
<column name="tmp_385_reg_5083">8, 0, 8, 0</column>
<column name="tmp_387_reg_5088">16, 0, 16, 0</column>
<column name="tmp_389_reg_5093">24, 0, 24, 0</column>
<column name="tmp_412_reg_5154">8, 0, 8, 0</column>
<column name="tmp_414_reg_5159">16, 0, 16, 0</column>
<column name="tmp_416_reg_5164">24, 0, 24, 0</column>
<column name="tmp_41_reg_4401">16, 0, 16, 0</column>
<column name="tmp_439_reg_5220">8, 0, 8, 0</column>
<column name="tmp_441_reg_5225">16, 0, 16, 0</column>
<column name="tmp_443_reg_5230">24, 0, 24, 0</column>
<column name="tmp_44_reg_4548">8, 0, 8, 0</column>
<column name="tmp_45_cast_reg_4553">8, 0, 8, 0</column>
<column name="tmp_466_reg_5320">8, 0, 8, 0</column>
<column name="tmp_468_reg_5325">16, 0, 16, 0</column>
<column name="tmp_46_reg_4406">24, 0, 24, 0</column>
<column name="tmp_470_reg_5330">24, 0, 24, 0</column>
<column name="tmp_493_reg_5391">8, 0, 8, 0</column>
<column name="tmp_495_reg_5396">16, 0, 16, 0</column>
<column name="tmp_497_reg_5401">24, 0, 24, 0</column>
<column name="tmp_49_cast_reg_4558">8, 0, 8, 0</column>
<column name="tmp_521_reg_5451">8, 0, 8, 0</column>
<column name="tmp_523_reg_5456">16, 0, 16, 0</column>
<column name="tmp_525_reg_5461">24, 0, 24, 0</column>
<column name="tmp_56_reg_4627">8, 0, 8, 0</column>
<column name="tmp_57_cast_reg_4632">8, 0, 8, 0</column>
<column name="tmp_61_cast_reg_4637">8, 0, 8, 0</column>
<column name="tmp_68_reg_4698">8, 0, 8, 0</column>
<column name="tmp_69_cast_reg_4703">8, 0, 8, 0</column>
<column name="tmp_73_cast_reg_4708">8, 0, 8, 0</column>
<column name="tmp_80_reg_4769">8, 0, 8, 0</column>
<column name="tmp_81_cast_reg_4774">8, 0, 8, 0</column>
<column name="tmp_85_cast_reg_4779">8, 0, 8, 0</column>
<column name="tmp_92_reg_4840">8, 0, 8, 0</column>
<column name="tmp_93_cast_reg_4845">8, 0, 8, 0</column>
<column name="tmp_97_cast_reg_4850">8, 0, 8, 0</column>
</table>
</item>
</section>
</item>
</section>

<section name = "Interface" level="0">
<item name = "Summary"><table name="" hasTotal="0">
<keys size="6">RTL Ports, Dir, Bits, Protocol, Source Object, C Type</keys>
<column name="ap_clk">in, 1, ap_ctrl_hs, BF_encrypt, return value</column>
<column name="ap_rst">in, 1, ap_ctrl_hs, BF_encrypt, return value</column>
<column name="ap_start">in, 1, ap_ctrl_hs, BF_encrypt, return value</column>
<column name="ap_done">out, 1, ap_ctrl_hs, BF_encrypt, return value</column>
<column name="ap_idle">out, 1, ap_ctrl_hs, BF_encrypt, return value</column>
<column name="ap_ready">out, 1, ap_ctrl_hs, BF_encrypt, return value</column>
<column name="ap_ce">in, 1, ap_ctrl_hs, BF_encrypt, return value</column>
<column name="ap_return_0">out, 32, ap_ctrl_hs, BF_encrypt, return value</column>
<column name="ap_return_1">out, 32, ap_ctrl_hs, BF_encrypt, return value</column>
<column name="data_0_read">in, 32, ap_none, data_0_read, scalar</column>
<column name="data_1_read">in, 32, ap_none, data_1_read, scalar</column>
<column name="key_S_address0">out, 10, ap_memory, key_S, array</column>
<column name="key_S_ce0">out, 1, ap_memory, key_S, array</column>
<column name="key_S_q0">in, 32, ap_memory, key_S, array</column>
<column name="key_S_address1">out, 10, ap_memory, key_S, array</column>
<column name="key_S_ce1">out, 1, ap_memory, key_S, array</column>
<column name="key_S_q1">in, 32, ap_memory, key_S, array</column>
<column name="key_P_address0">out, 5, ap_memory, key_P, array</column>
<column name="key_P_ce0">out, 1, ap_memory, key_P, array</column>
<column name="key_P_q0">in, 32, ap_memory, key_P, array</column>
<column name="key_P_address1">out, 5, ap_memory, key_P, array</column>
<column name="key_P_ce1">out, 1, ap_memory, key_P, array</column>
<column name="key_P_q1">in, 32, ap_memory, key_P, array</column>
</table>
</item>
</section>
</profile>
