<profile>

<section name = "Vivado HLS Report for 'BF_set_key'" level="0">
<item name = "Date">Wed Mar 31 12:31:20 2021
</item>
<item name = "Version">2017.2 (Build 1909853 on Thu Jun 15 18:55:24 MDT 2017)</item>
<item name = "Project">pro</item>
<item name = "Solution">solution3</item>
<item name = "Product family">zynq</item>
<item name = "Target device">xc7z020clg484-1</item>
</section>

<section name = "Performance Estimates" level="0">
<item name = "Timing (ns)">
<section name = "" level="1">
<item name = "Summary"><table name="" hasTotal="0">
<keys size="4">Clock, Target, Estimated, Uncertainty</keys>
<column name="ap_clk">10.00, 8.75, 1.25</column>
</table>
</item>
</section>
</item>
<item name = "Latency (clock cycles)">
<section name = "" level="1">
<item name = "Summary"><table name="" hasTotal="0">
<keys size="6">, min, max, min, max, Type</keys>
<column name="">36028, 36028, 36028, 36028, none</column>
</table>
</item>
<item name = "Detail">
<section name = "" level="1">
<item name = "Instance"><table name="" hasTotal="0">
<keys size="7">Instance, Module, min, max, min, max, Type</keys>
<column name="grp_BF_encrypt_fu_337">BF_encrypt, 63, 63, 32, 32, function</column>
</table>
</item>
<item name = "Loop"><table name="" hasTotal="0">
<keys size="8">Loop Name, min, max, Latency, achieved, target, Count, Pipelined</keys>
<column name="- Loop 1">36, 36, 2, -, -, 18, no</column>
<column name="- Loop 2">2048, 2048, 2, -, -, 1024, no</column>
<column name="- Loop 3">72, 72, 4, -, -, 18, no</column>
<column name="- Loop 4">585, 585, 66, 65, 1, 9, yes</column>
<column name="- Loop 5">33280, 33280, 66, 65, 1, 512, yes</column>
</table>
</item>
</section>
</item>
</section>
</item>
</section>
</profile>
