<profile>

<section name = "Vivado HLS Report for 'BF_set_key'" level="0">
<item name = "Date">Wed Mar 31 12:31:26 2021
</item>
<item name = "Version">2017.2 (Build 1909853 on Thu Jun 15 18:55:24 MDT 2017)</item>
<item name = "Project">pro</item>
<item name = "Solution">solution3</item>
<item name = "Product family">zynq</item>
<item name = "Target device">xc7z020clg484-1</item>
</section>

<section name = "Performance Estimates" level="0">
<item name = "Timing (ns)">
<section name = "" level="1">
<item name = "Summary"><table name="" hasTotal="0">
<keys size="4">Clock, Target, Estimated, Uncertainty</keys>
<column name="ap_clk">10.00, 8.75, 1.25</column>
</table>
</item>
</section>
</item>
<item name = "Latency (clock cycles)">
<section name = "" level="1">
<item name = "Summary"><table name="" hasTotal="0">
<keys size="6">, min, max, min, max, Type</keys>
<column name="">36028, 36028, 36028, 36028, none</column>
</table>
</item>
<item name = "Detail">
<section name = "" level="1">
<item name = "Instance"><table name="" hasTotal="0">
<keys size="7">Instance, Module, min, max, min, max, Type</keys>
<column name="grp_BF_encrypt_fu_337">BF_encrypt, 63, 63, 32, 32, function</column>
</table>
</item>
<item name = "Loop"><table name="" hasTotal="0">
<keys size="8">Loop Name, min, max, Latency, achieved, target, Count, Pipelined</keys>
<column name="- Loop 1">36, 36, 2, -, -, 18, no</column>
<column name="- Loop 2">2048, 2048, 2, -, -, 1024, no</column>
<column name="- Loop 3">72, 72, 4, -, -, 18, no</column>
<column name="- Loop 4">585, 585, 66, 65, 1, 9, yes</column>
<column name="- Loop 5">33280, 33280, 66, 65, 1, 512, yes</column>
</table>
</item>
</section>
</item>
</section>
</item>
</section>

<section name = "Utilization Estimates" level="0">
<item name = "Summary"><table name="" hasTotal="1">
<keys size="5">Name, BRAM_18K, DSP48E, FF, LUT</keys>
<column name="DSP">-, -, -, -</column>
<column name="Expression">-, -, 548, 733</column>
<column name="FIFO">-, -, -, -</column>
<column name="Instance">-, -, 9385, 6921</column>
<column name="Memory">2, -, 32, 9</column>
<column name="Multiplexer">-, -, -, 1164</column>
<column name="Register">-, -, 545, -</column>
<specialColumn name="Available">280, 220, 106400, 53200</specialColumn>
<specialColumn name="Utilization (%)">~0, 0, 9, 16</specialColumn>
</table>
</item>
<item name = "Detail">
<section name = "" level="1">
<item name = "Instance"><table name="" hasTotal="1">
<keys size="6">Instance, Module, BRAM_18K, DSP48E, FF, LUT</keys>
<column name="grp_BF_encrypt_fu_337">BF_encrypt, 0, 0, 9385, 6921</column>
</table>
</item>
<item name = "DSP48"><table name="" hasTotal="0">
<keys size="3">Instance, Module, Expression</keys>
</table>
</item>
<item name = "Memory"><table name="" hasTotal="1">
<keys size="9">Memory, Module, BRAM_18K, FF, LUT, Words, Bits, Banks, W*Bits*Banks</keys>
<column name="bf_init_P_U">BF_set_key_bf_inibkb, 0, 32, 9, 18, 32, 1, 576</column>
<column name="bf_init_S_U">BF_set_key_bf_inicud, 2, 0, 0, 1024, 32, 1, 32768</column>
</table>
</item>
<item name = "FIFO"><table name="" hasTotal="1">
<keys size="7">Name, BRAM_18K, FF, LUT, Depth, Bits, Size:D*B</keys>
</table>
</item>
<item name = "Expression"><table name="" hasTotal="1">
<keys size="7">Variable Name, Operation, DSP48E, FF, LUT, Bitwidth P0, Bitwidth P1</keys>
<column name="gepindex2_fu_482_p2">+, 0, 53, 21, 16, 15</column>
<column name="gepindex5_fu_588_p2">+, 0, 53, 21, 16, 15</column>
<column name="gepindex8_fu_653_p2">+, 0, 53, 21, 16, 15</column>
<column name="gepindex_fu_447_p2">+, 0, 53, 21, 16, 15</column>
<column name="i_4_fu_422_p2">+, 0, 20, 10, 5, 1</column>
<column name="i_5_fu_737_p2">+, 0, 20, 10, 5, 2</column>
<column name="i_6_fu_767_p2">+, 0, 38, 16, 2, 11</column>
<column name="mem_index_gep1_fu_471_p2">+, 0, 50, 20, 15, 2</column>
<column name="mem_index_gep2_fu_535_p2">+, 0, 50, 20, 15, 2</column>
<column name="mem_index_gep3_fu_571_p2">+, 0, 50, 20, 15, 3</column>
<column name="mem_index_gep_fu_428_p2">+, 0, 50, 20, 15, 1</column>
<column name="p_rec_i1_fu_405_p2">+, 0, 38, 16, 11, 1</column>
<column name="p_rec_i_fu_387_p2">+, 0, 20, 10, 5, 1</column>
<column name="not_ptr_cmp1_fu_559_p2">and, 0, 0, 2, 1, 1</column>
<column name="addrCmp1_fu_477_p2">icmp, 0, 0, 8, 15, 14</column>
<column name="addrCmp2_fu_583_p2">icmp, 0, 0, 8, 15, 14</column>
<column name="addrCmp3_fu_648_p2">icmp, 0, 0, 8, 15, 14</column>
<column name="addrCmp_fu_437_p2">icmp, 0, 0, 8, 15, 14</column>
<column name="exitcond1_fu_381_p2">icmp, 0, 0, 2, 5, 5</column>
<column name="exitcond2_fu_399_p2">icmp, 0, 0, 6, 11, 12</column>
<column name="exitcond_fu_416_p2">icmp, 0, 0, 2, 5, 5</column>
<column name="ptr_cmp1_fu_517_p2">icmp, 0, 0, 8, 15, 14</column>
<column name="ptr_cmp3_fu_541_p2">icmp, 0, 0, 8, 15, 14</column>
<column name="ptr_cmp6_fu_700_p2">icmp, 0, 0, 8, 15, 14</column>
<column name="ptr_cmp_fu_466_p2">icmp, 0, 0, 8, 15, 14</column>
<column name="tmp_11_fu_731_p2">icmp, 0, 0, 2, 5, 5</column>
<column name="ptr_cmp2_fu_529_p2">or, 0, 0, 2, 1, 1</column>
<column name="ptr_cmp4_fu_547_p2">or, 0, 0, 2, 1, 1</column>
<column name="ptr_cmp5_fu_565_p2">or, 0, 0, 2, 1, 1</column>
<column name="tmp_15_fu_748_p2">or, 0, 0, 5, 5, 1</column>
<column name="tmp_17_fu_782_p2">or, 0, 0, 10, 10, 1</column>
<column name="d_2_load_fu_678_p3">select, 0, 0, 32, 1, 32</column>
<column name="gepindex10_fu_667_p3">select, 0, 0, 16, 1, 16</column>
<column name="gepindex1_fu_453_p3">select, 0, 0, 16, 1, 16</column>
<column name="gepindex3_fu_488_p3">select, 0, 0, 16, 1, 16</column>
<column name="gepindex4_fu_496_p3">select, 0, 0, 16, 1, 16</column>
<column name="gepindex6_fu_594_p3">select, 0, 0, 16, 1, 16</column>
<column name="gepindex7_fu_602_p3">select, 0, 0, 16, 1, 16</column>
<column name="gepindex9_fu_659_p3">select, 0, 0, 16, 1, 16</column>
<column name="mem_index_sel1_fu_641_p3">select, 0, 0, 15, 1, 15</column>
<column name="mem_index_sel2_fu_706_p3">select, 0, 0, 15, 1, 15</column>
<column name="mem_index_sel9_fu_634_p3">select, 0, 0, 15, 1, 15</column>
<column name="mem_index_sel_fu_628_p3">select, 0, 0, 15, 1, 15</column>
<column name="p_load1_fu_685_p3">select, 0, 0, 32, 1, 32</column>
<column name="p_load_fu_613_p3">select, 0, 0, 32, 1, 32</column>
<column name="tmp_12_fu_620_p3">select, 0, 0, 32, 1, 32</column>
<column name="tmp_13_fu_692_p3">select, 0, 0, 32, 1, 32</column>
<column name="tmp_s_fu_508_p3">select, 0, 0, 32, 1, 32</column>
<column name="ap_enable_pp0">xor, 0, 0, 2, 1, 2</column>
<column name="ap_enable_pp1">xor, 0, 0, 2, 1, 2</column>
<column name="ap_enable_reg_pp0_iter1">xor, 0, 0, 2, 1, 2</column>
<column name="ap_enable_reg_pp1_iter1">xor, 0, 0, 2, 1, 2</column>
<column name="not_ptr_cmp_fu_523_p2">xor, 0, 0, 2, 1, 2</column>
<column name="ptr_cmp99132_not_fu_553_p2">xor, 0, 0, 2, 1, 2</column>
<column name="tmp_14_fu_724_p2">xor, 0, 0, 32, 32, 32</column>
</table>
</item>
<item name = "Multiplexer"><table name="" hasTotal="1">
<keys size="5">Name, LUT, Input Size, Bits, Total Bits</keys>
<column name="ap_NS_fsm">792, 142, 1, 142</column>
<column name="ap_enable_reg_pp0_iter1">15, 3, 1, 3</column>
<column name="ap_enable_reg_pp1_iter1">15, 3, 1, 3</column>
<column name="data_address0">15, 3, 3, 9</column>
<column name="data_address1">15, 3, 3, 9</column>
<column name="grp_BF_encrypt_fu_337_data_0_read">15, 3, 32, 96</column>
<column name="grp_BF_encrypt_fu_337_data_1_read">15, 3, 32, 96</column>
<column name="i_1_phi_fu_295_p4">9, 2, 5, 10</column>
<column name="i_1_reg_291">9, 2, 5, 10</column>
<column name="i_2_phi_fu_329_p4">9, 2, 11, 22</column>
<column name="i_2_reg_325">9, 2, 11, 22</column>
<column name="i_reg_244">9, 2, 5, 10</column>
<column name="in_0_1_reg_314">9, 2, 32, 64</column>
<column name="in_1_1_reg_303">9, 2, 32, 64</column>
<column name="in_1_reg_267">9, 2, 32, 64</column>
<column name="in_reg_279">9, 2, 32, 64</column>
<column name="key_P_address0">27, 5, 5, 25</column>
<column name="key_P_address1">15, 3, 5, 15</column>
<column name="key_P_ce0">15, 3, 1, 3</column>
<column name="key_P_ce1">15, 3, 1, 3</column>
<column name="key_P_d0">21, 4, 32, 128</column>
<column name="key_S_address0">21, 4, 10, 40</column>
<column name="key_S_address1">15, 3, 10, 30</column>
<column name="key_S_ce0">15, 3, 1, 3</column>
<column name="key_S_ce1">15, 3, 1, 3</column>
<column name="key_S_d0">15, 3, 32, 96</column>
<column name="mem_index_phi_reg_255">9, 2, 15, 30</column>
<column name="p1_0_rec_i1_reg_233">9, 2, 11, 22</column>
<column name="p1_0_rec_i_reg_222">9, 2, 5, 10</column>
</table>
</item>
<item name = "Register"><table name="" hasTotal="1">
<keys size="5">Name, FF, LUT, Bits, Const Bits</keys>
<column name="ap_CS_fsm">141, 0, 141, 0</column>
<column name="ap_enable_reg_pp0_iter0">1, 0, 1, 0</column>
<column name="ap_enable_reg_pp0_iter1">1, 0, 1, 0</column>
<column name="ap_enable_reg_pp1_iter0">1, 0, 1, 0</column>
<column name="ap_enable_reg_pp1_iter1">1, 0, 1, 0</column>
<column name="ap_reg_grp_BF_encrypt_fu_337_ap_start">1, 0, 1, 0</column>
<column name="data_load_1_reg_912">8, 0, 8, 0</column>
<column name="data_load_reg_907">8, 0, 8, 0</column>
<column name="i_1_reg_291">5, 0, 5, 0</column>
<column name="i_2_reg_325">11, 0, 11, 0</column>
<column name="i_4_reg_833">5, 0, 5, 0</column>
<column name="i_5_reg_936">5, 0, 5, 0</column>
<column name="i_6_reg_945">11, 0, 11, 0</column>
<column name="i_reg_244">5, 0, 5, 0</column>
<column name="in_0_1_reg_314">32, 0, 32, 0</column>
<column name="in_1_1_reg_303">32, 0, 32, 0</column>
<column name="in_1_reg_267">32, 0, 32, 0</column>
<column name="in_reg_279">32, 0, 32, 0</column>
<column name="key_P_addr_3_reg_798">5, 0, 5, 0</column>
<column name="key_P_addr_reg_845">5, 0, 5, 0</column>
<column name="key_S_addr_2_reg_816">10, 0, 10, 0</column>
<column name="mem_index_gep1_reg_862">15, 0, 15, 0</column>
<column name="mem_index_gep2_reg_885">15, 0, 15, 0</column>
<column name="mem_index_gep3_reg_902">15, 0, 15, 0</column>
<column name="mem_index_gep_reg_838">15, 0, 15, 0</column>
<column name="mem_index_phi_reg_255">15, 0, 15, 0</column>
<column name="mem_index_sel2_reg_927">15, 0, 15, 0</column>
<column name="p1_0_rec_i1_reg_233">11, 0, 11, 0</column>
<column name="p1_0_rec_i_reg_222">5, 0, 5, 0</column>
<column name="p_rec_i1_reg_824">11, 0, 11, 0</column>
<column name="p_rec_i_reg_806">5, 0, 5, 0</column>
<column name="ptr_cmp1_reg_873">1, 0, 1, 0</column>
<column name="ptr_cmp2_reg_878">1, 0, 1, 0</column>
<column name="ptr_cmp3_reg_891">1, 0, 1, 0</column>
<column name="ptr_cmp5_reg_896">1, 0, 1, 0</column>
<column name="ptr_cmp_reg_855">1, 0, 1, 0</column>
<column name="reg_359">32, 0, 32, 0</column>
<column name="reg_367">32, 0, 32, 0</column>
<column name="tmp_11_reg_932">1, 0, 1, 0</column>
<column name="tmp_reg_941">1, 0, 1, 0</column>
</table>
</item>
</section>
</item>
</section>

<section name = "Interface" level="0">
<item name = "Summary"><table name="" hasTotal="0">
<keys size="6">RTL Ports, Dir, Bits, Protocol, Source Object, C Type</keys>
<column name="ap_clk">in, 1, ap_ctrl_hs, BF_set_key, return value</column>
<column name="ap_rst">in, 1, ap_ctrl_hs, BF_set_key, return value</column>
<column name="ap_start">in, 1, ap_ctrl_hs, BF_set_key, return value</column>
<column name="ap_done">out, 1, ap_ctrl_hs, BF_set_key, return value</column>
<column name="ap_idle">out, 1, ap_ctrl_hs, BF_set_key, return value</column>
<column name="ap_ready">out, 1, ap_ctrl_hs, BF_set_key, return value</column>
<column name="data_address0">out, 3, ap_memory, data, array</column>
<column name="data_ce0">out, 1, ap_memory, data, array</column>
<column name="data_q0">in, 8, ap_memory, data, array</column>
<column name="data_address1">out, 3, ap_memory, data, array</column>
<column name="data_ce1">out, 1, ap_memory, data, array</column>
<column name="data_q1">in, 8, ap_memory, data, array</column>
<column name="key_P_address0">out, 5, ap_memory, key_P, array</column>
<column name="key_P_ce0">out, 1, ap_memory, key_P, array</column>
<column name="key_P_we0">out, 1, ap_memory, key_P, array</column>
<column name="key_P_d0">out, 32, ap_memory, key_P, array</column>
<column name="key_P_q0">in, 32, ap_memory, key_P, array</column>
<column name="key_P_address1">out, 5, ap_memory, key_P, array</column>
<column name="key_P_ce1">out, 1, ap_memory, key_P, array</column>
<column name="key_P_we1">out, 1, ap_memory, key_P, array</column>
<column name="key_P_d1">out, 32, ap_memory, key_P, array</column>
<column name="key_P_q1">in, 32, ap_memory, key_P, array</column>
<column name="key_S_address0">out, 10, ap_memory, key_S, array</column>
<column name="key_S_ce0">out, 1, ap_memory, key_S, array</column>
<column name="key_S_we0">out, 1, ap_memory, key_S, array</column>
<column name="key_S_d0">out, 32, ap_memory, key_S, array</column>
<column name="key_S_q0">in, 32, ap_memory, key_S, array</column>
<column name="key_S_address1">out, 10, ap_memory, key_S, array</column>
<column name="key_S_ce1">out, 1, ap_memory, key_S, array</column>
<column name="key_S_we1">out, 1, ap_memory, key_S, array</column>
<column name="key_S_d1">out, 32, ap_memory, key_S, array</column>
<column name="key_S_q1">in, 32, ap_memory, key_S, array</column>
</table>
</item>
</section>
</profile>
