<stg><name>blowfish_main</name>


<trans_list>

<trans id="89" from="1" to="2">
<condition id="35">
<or_exp><and_exp></and_exp></or_exp>
</condition>
</trans>

<trans id="109" from="2" to="3">
<condition id="62">
<or_exp><and_exp><literal name="exitcond1" val="1"/>
</and_exp></or_exp>
</condition>
</trans>

<trans id="110" from="2" to="2">
<condition id="63">
<or_exp><and_exp><literal name="exitcond1" val="0"/>
</and_exp></or_exp>
</condition>
</trans>

<trans id="92" from="3" to="4">
<condition id="40">
<or_exp><and_exp></and_exp></or_exp>
</condition>
</trans>

<trans id="93" from="4" to="5">
<condition id="42">
<or_exp><and_exp></and_exp></or_exp>
</condition>
</trans>

<trans id="94" from="5" to="6">
<condition id="43">
<or_exp><and_exp><literal name="tmp" val="1"/>
</and_exp></or_exp>
</condition>
</trans>

<trans id="96" from="6" to="7">
<condition id="46">
<or_exp><and_exp></and_exp></or_exp>
</condition>
</trans>

<trans id="97" from="7" to="8">
<condition id="48">
<or_exp><and_exp><literal name="exitcond2" val="0"/>
</and_exp></or_exp>
</condition>
</trans>

<trans id="98" from="7" to="9">
<condition id="47">
<or_exp><and_exp><literal name="exitcond2" val="1"/>
</and_exp></or_exp>
</condition>
</trans>

<trans id="100" from="8" to="7">
<condition id="51">
<or_exp><and_exp></and_exp></or_exp>
</condition>
</trans>

<trans id="102" from="9" to="10">
<condition id="54">
<or_exp><and_exp></and_exp></or_exp>
</condition>
</trans>

<trans id="103" from="10" to="11">
<condition id="55">
<or_exp><and_exp><literal name="exitcond" val="0"/>
</and_exp></or_exp>
</condition>
</trans>

<trans id="107" from="10" to="5">
<condition id="61">
<or_exp><and_exp><literal name="exitcond" val="1"/>
</and_exp></or_exp>
</condition>
</trans>

<trans id="105" from="11" to="12">
<condition id="57">
<or_exp><and_exp></and_exp></or_exp>
</condition>
</trans>

<trans id="106" from="12" to="10">
<condition id="59">
<or_exp><and_exp></and_exp></or_exp>
</condition>
</trans>
</trans_list>



<state_list>

<state id="1" st_id="1">

<operation id="13" st_id="1" stage="1" lat="1">
<core>NULL</core>
<MemPortIdVec></MemPortIdVec>
<condition id="9">
<or_exp><and_exp></and_exp></or_exp>
</condition>

<Node id="8" bw="0" op_0_bw="0" op_1_bw="32">
<![CDATA[
:0  call void (...)* @_ssdm_op_SpecBitsMap(i32 0) nounwind, !map !43

]]></Node>
<StgValue><ssdm name=""/></StgValue>
</operation>

<operation id="14" st_id="1" stage="1" lat="1">
<core>NULL</core>
<MemPortIdVec></MemPortIdVec>
<condition id="9">
<or_exp><and_exp></and_exp></or_exp>
</condition>

<Node id="9" bw="0" op_0_bw="0" op_1_bw="0">
<![CDATA[
:1  call void (...)* @_ssdm_op_SpecTopModule([14 x i8]* @blowfish_main_str) nounwind

]]></Node>
<StgValue><ssdm name=""/></StgValue>
</operation>

<operation id="15" st_id="1" stage="1" lat="1">
<core>RAM</core>
<MemPortIdVec></MemPortIdVec>
<condition id="9">
<or_exp><and_exp></and_exp></or_exp>
</condition>

<Node id="10" bw="7" op_0_bw="32">
<![CDATA[
:2  %indata = alloca [40 x i7], align 1

]]></Node>
<StgValue><ssdm name="indata"/></StgValue>
</operation>

<operation id="16" st_id="1" stage="1" lat="1">
<core>RAM</core>
<MemPortIdVec></MemPortIdVec>
<condition id="9">
<or_exp><and_exp></and_exp></or_exp>
</condition>

<Node id="11" bw="8" op_0_bw="32">
<![CDATA[
:3  %outdata = alloca [40 x i8], align 1

]]></Node>
<StgValue><ssdm name="outdata"/></StgValue>
</operation>

<operation id="17" st_id="1" stage="1" lat="1">
<core>RAM</core>
<MemPortIdVec></MemPortIdVec>
<condition id="9">
<or_exp><and_exp></and_exp></or_exp>
</condition>

<Node id="12" bw="8" op_0_bw="32">
<![CDATA[
:4  %ivec = alloca [8 x i8], align 1

]]></Node>
<StgValue><ssdm name="ivec"/></StgValue>
</operation>

<operation id="18" st_id="1" stage="1" lat="1">
<core>NULL</core>
<MemPortIdVec></MemPortIdVec>
<condition id="9">
<or_exp><and_exp></and_exp></or_exp>
</condition>

<Node id="13" bw="0" op_0_bw="0">
<![CDATA[
:5  br label %1

]]></Node>
<StgValue><ssdm name=""/></StgValue>
</operation>
</state>

<state id="2" st_id="2">

<operation id="19" st_id="2" stage="1" lat="1">
<core>NULL</core>
<MemPortIdVec></MemPortIdVec>
<condition id="10">
<or_exp><and_exp></and_exp></or_exp>
</condition>

<Node id="15" bw="4" op_0_bw="4" op_1_bw="0">
<![CDATA[
:0  %i = phi i4 [ 0, %0 ], [ %i_1, %2 ]

]]></Node>
<StgValue><ssdm name="i"/></StgValue>
</operation>

<operation id="20" st_id="2" stage="1" lat="1">
<core>Cmp</core>
<MemPortIdVec></MemPortIdVec>
<condition id="10">
<or_exp><and_exp></and_exp></or_exp>
</condition>

<Node id="16" bw="1" op_0_bw="4" op_1_bw="4">
<![CDATA[
:1  %exitcond1 = icmp eq i4 %i, -8

]]></Node>
<StgValue><ssdm name="exitcond1"/></StgValue>
</operation>

<operation id="21" st_id="2" stage="1" lat="1">
<core>AddSub</core>
<MemPortIdVec></MemPortIdVec>
<condition id="10">
<or_exp><and_exp></and_exp></or_exp>
</condition>

<Node id="17" bw="4" op_0_bw="4" op_1_bw="4">
<![CDATA[
:2  %i_1 = add i4 %i, 1

]]></Node>
<StgValue><ssdm name="i_1"/></StgValue>
</operation>

<operation id="22" st_id="2" stage="1" lat="1">
<core>NULL</core>
<MemPortIdVec></MemPortIdVec>
<condition id="10">
<or_exp><and_exp></and_exp></or_exp>
</condition>

<Node id="18" bw="0" op_0_bw="1" op_1_bw="0" op_2_bw="0">
<![CDATA[
:3  br i1 %exitcond1, label %3, label %2

]]></Node>
<StgValue><ssdm name=""/></StgValue>
</operation>

<operation id="23" st_id="2" stage="1" lat="1">
<core>NULL</core>
<MemPortIdVec></MemPortIdVec>
<condition id="11">
<or_exp><and_exp><literal name="exitcond1" val="0"/>
</and_exp></or_exp>
</condition>

<Node id="20" bw="32" op_0_bw="4">
<![CDATA[
:0  %i_cast1 = zext i4 %i to i32

]]></Node>
<StgValue><ssdm name="i_cast1"/></StgValue>
</operation>

<operation id="24" st_id="2" stage="1" lat="1">
<core>NULL</core>
<MemPortIdVec></MemPortIdVec>
<condition id="11">
<or_exp><and_exp><literal name="exitcond1" val="0"/>
</and_exp></or_exp>
</condition>

<Node id="21" bw="32" op_0_bw="32" op_1_bw="64" op_2_bw="64" op_3_bw="64">
<![CDATA[
:1  %empty = call i32 (...)* @_ssdm_op_SpecLoopTripCount(i64 8, i64 8, i64 8) nounwind

]]></Node>
<StgValue><ssdm name="empty"/></StgValue>
</operation>

<operation id="25" st_id="2" stage="1" lat="1">
<core>NULL</core>
<MemPortIdVec></MemPortIdVec>
<condition id="11">
<or_exp><and_exp><literal name="exitcond1" val="0"/>
</and_exp></or_exp>
</condition>

<Node id="22" bw="32" op_0_bw="32" op_1_bw="0">
<![CDATA[
:2  %tmp_2 = call i32 (...)* @_ssdm_op_SpecRegionBegin([12 x i8]* @p_str3) nounwind

]]></Node>
<StgValue><ssdm name="tmp_2"/></StgValue>
</operation>

<operation id="26" st_id="2" stage="1" lat="1">
<core>NULL</core>
<MemPortIdVec></MemPortIdVec>
<condition id="11">
<or_exp><and_exp><literal name="exitcond1" val="0"/>
</and_exp></or_exp>
</condition>

<Node id="23" bw="0" op_0_bw="0" op_1_bw="32" op_2_bw="32" op_3_bw="32" op_4_bw="32" op_5_bw="0">
<![CDATA[
:3  call void (...)* @_ssdm_op_SpecPipeline(i32 1, i32 1, i32 1, i32 0, [1 x i8]* @p_str1) nounwind

]]></Node>
<StgValue><ssdm name=""/></StgValue>
</operation>

<operation id="27" st_id="2" stage="1" lat="1">
<core>NULL</core>
<MemPortIdVec></MemPortIdVec>
<condition id="11">
<or_exp><and_exp><literal name="exitcond1" val="0"/>
</and_exp></or_exp>
</condition>

<Node id="24" bw="3" op_0_bw="8" op_1_bw="32" op_2_bw="32">
<![CDATA[
:4  %ivec_addr = getelementptr inbounds [8 x i8]* %ivec, i32 0, i32 %i_cast1

]]></Node>
<StgValue><ssdm name="ivec_addr"/></StgValue>
</operation>

<operation id="28" st_id="2" stage="1" lat="1">
<core>RAM</core>
<MemPortIdVec></MemPortIdVec>
<condition id="11">
<or_exp><and_exp><literal name="exitcond1" val="0"/>
</and_exp></or_exp>
</condition>

<Node id="25" bw="0" op_0_bw="8" op_1_bw="3">
<![CDATA[
:5  store i8 0, i8* %ivec_addr, align 1

]]></Node>
<StgValue><ssdm name=""/></StgValue>
</operation>

<operation id="29" st_id="2" stage="1" lat="1">
<core>NULL</core>
<MemPortIdVec></MemPortIdVec>
<condition id="11">
<or_exp><and_exp><literal name="exitcond1" val="0"/>
</and_exp></or_exp>
</condition>

<Node id="26" bw="32" op_0_bw="32" op_1_bw="0" op_2_bw="32">
<![CDATA[
:6  %empty_9 = call i32 (...)* @_ssdm_op_SpecRegionEnd([12 x i8]* @p_str3, i32 %tmp_2) nounwind

]]></Node>
<StgValue><ssdm name="empty_9"/></StgValue>
</operation>

<operation id="30" st_id="2" stage="1" lat="1">
<core>NULL</core>
<MemPortIdVec></MemPortIdVec>
<condition id="11">
<or_exp><and_exp><literal name="exitcond1" val="0"/>
</and_exp></or_exp>
</condition>

<Node id="27" bw="0" op_0_bw="0">
<![CDATA[
:7  br label %1

]]></Node>
<StgValue><ssdm name=""/></StgValue>
</operation>
</state>

<state id="3" st_id="3">

<operation id="31" st_id="3" stage="1" lat="1">
<core>NULL</core>
<MemPortIdVec></MemPortIdVec>
<condition id="12">
<or_exp><and_exp></and_exp></or_exp>
</condition>

<Node id="29" bw="32" op_0_bw="32">
<![CDATA[
:0  %check = alloca i32

]]></Node>
<StgValue><ssdm name="check"/></StgValue>
</operation>

<operation id="32" st_id="3" stage="2" lat="2">
<core></core>
<MemPortIdVec></MemPortIdVec>
<condition id="12">
<or_exp><and_exp></and_exp></or_exp>
</condition>

<Node id="30" bw="0" op_0_bw="0" op_1_bw="8">
<![CDATA[
:1  call fastcc void @BF_set_key([8 x i8]* @ukey) nounwind

]]></Node>
<StgValue><ssdm name=""/></StgValue>
</operation>

<operation id="33" st_id="3" stage="1" lat="1">
<core>NULL</core>
<MemPortIdVec></MemPortIdVec>
<condition id="12">
<or_exp><and_exp></and_exp></or_exp>
</condition>

<Node id="31" bw="0" op_0_bw="32" op_1_bw="32">
<![CDATA[
:2  store i32 0, i32* %check

]]></Node>
<StgValue><ssdm name=""/></StgValue>
</operation>
</state>

<state id="4" st_id="4">

<operation id="34" st_id="4" stage="1" lat="2">
<core></core>
<MemPortIdVec></MemPortIdVec>
<condition id="13">
<or_exp><and_exp></and_exp></or_exp>
</condition>

<Node id="30" bw="0" op_0_bw="0" op_1_bw="8">
<![CDATA[
:1  call fastcc void @BF_set_key([8 x i8]* @ukey) nounwind

]]></Node>
<StgValue><ssdm name=""/></StgValue>
</operation>

<operation id="35" st_id="4" stage="1" lat="1">
<core>NULL</core>
<MemPortIdVec></MemPortIdVec>
<condition id="13">
<or_exp><and_exp></and_exp></or_exp>
</condition>

<Node id="32" bw="0" op_0_bw="0">
<![CDATA[
:3  br label %.loopexit

]]></Node>
<StgValue><ssdm name=""/></StgValue>
</operation>
</state>

<state id="5" st_id="5">

<operation id="36" st_id="5" stage="1" lat="1">
<core>NULL</core>
<MemPortIdVec></MemPortIdVec>
<condition id="14">
<or_exp><and_exp></and_exp></or_exp>
</condition>

<Node id="34" bw="32" op_0_bw="32" op_1_bw="0">
<![CDATA[
.loopexit:0  %num = phi i32 [ 0, %3 ], [ %num_1, %.loopexit.loopexit ]

]]></Node>
<StgValue><ssdm name="num"/></StgValue>
</operation>

<operation id="37" st_id="5" stage="1" lat="1">
<core>NULL</core>
<MemPortIdVec></MemPortIdVec>
<condition id="14">
<or_exp><and_exp></and_exp></or_exp>
</condition>

<Node id="35" bw="32" op_0_bw="32" op_1_bw="0">
<![CDATA[
.loopexit:1  %l = phi i32 [ 0, %3 ], [ %tmp_8, %.loopexit.loopexit ]

]]></Node>
<StgValue><ssdm name="l"/></StgValue>
</operation>

<operation id="38" st_id="5" stage="1" lat="1">
<core>NULL</core>
<MemPortIdVec></MemPortIdVec>
<condition id="14">
<or_exp><and_exp></and_exp></or_exp>
</condition>

<Node id="36" bw="32" op_0_bw="32" op_1_bw="0">
<![CDATA[
.loopexit:2  %k = phi i32 [ 0, %3 ], [ %k_2, %.loopexit.loopexit ]

]]></Node>
<StgValue><ssdm name="k"/></StgValue>
</operation>

<operation id="39" st_id="5" stage="1" lat="1">
<core>Cmp</core>
<MemPortIdVec></MemPortIdVec>
<condition id="14">
<or_exp><and_exp></and_exp></or_exp>
</condition>

<Node id="37" bw="1" op_0_bw="32" op_1_bw="32">
<![CDATA[
.loopexit:3  %tmp = icmp slt i32 %k, 5200

]]></Node>
<StgValue><ssdm name="tmp"/></StgValue>
</operation>

<operation id="40" st_id="5" stage="1" lat="1">
<core>NULL</core>
<MemPortIdVec></MemPortIdVec>
<condition id="14">
<or_exp><and_exp></and_exp></or_exp>
</condition>

<Node id="38" bw="0" op_0_bw="1" op_1_bw="0" op_2_bw="0">
<![CDATA[
.loopexit:4  br i1 %tmp, label %.preheader.preheader, label %8

]]></Node>
<StgValue><ssdm name=""/></StgValue>
</operation>

<operation id="41" st_id="5" stage="1" lat="1">
<core>AddSub</core>
<MemPortIdVec></MemPortIdVec>
<condition id="16">
<or_exp><and_exp><literal name="tmp" val="1"/>
</and_exp></or_exp>
</condition>

<Node id="42" bw="32" op_0_bw="32" op_1_bw="32">
<![CDATA[
.preheader.preheader:2  %tmp_3 = add i32 -5201, %k

]]></Node>
<StgValue><ssdm name="tmp_3"/></StgValue>
</operation>

<operation id="42" st_id="5" stage="1" lat="1">
<core>Cmp</core>
<MemPortIdVec></MemPortIdVec>
<condition id="16">
<or_exp><and_exp><literal name="tmp" val="1"/>
</and_exp></or_exp>
</condition>

<Node id="44" bw="1" op_0_bw="32" op_1_bw="32">
<![CDATA[
.preheader.preheader:4  %tmp_4 = icmp ugt i32 %tmp_3, -41

]]></Node>
<StgValue><ssdm name="tmp_4"/></StgValue>
</operation>

<operation id="43" st_id="5" stage="1" lat="1">
<core>NULL</core>
<MemPortIdVec></MemPortIdVec>
<condition id="18">
<or_exp><and_exp><literal name="tmp" val="0"/>
</and_exp></or_exp>
</condition>

<Node id="89" bw="32" op_0_bw="32">
<![CDATA[
:0  %check_load = load i32* %check

]]></Node>
<StgValue><ssdm name="check_load"/></StgValue>
</operation>

<operation id="44" st_id="5" stage="1" lat="1">
<core>NULL</core>
<MemPortIdVec></MemPortIdVec>
<condition id="18">
<or_exp><and_exp><literal name="tmp" val="0"/>
</and_exp></or_exp>
</condition>

<Node id="90" bw="0" op_0_bw="32">
<![CDATA[
:1  ret i32 %check_load

]]></Node>
<StgValue><ssdm name=""/></StgValue>
</operation>
</state>

<state id="6" st_id="6">

<operation id="45" st_id="6" stage="1" lat="1">
<core>TAddSub</core>
<MemPortIdVec></MemPortIdVec>
<condition id="19">
<or_exp><and_exp></and_exp></or_exp>
</condition>

<Node id="40" bw="32" op_0_bw="32" op_1_bw="32">
<![CDATA[
.preheader.preheader:0  %tmp_1 = add i32 -1, %k

]]></Node>
<StgValue><ssdm name="tmp_1"/></StgValue>
</operation>

<operation id="46" st_id="6" stage="1" lat="1">
<core>NULL</core>
<MemPortIdVec></MemPortIdVec>
<condition id="66">
<or_exp><and_exp><literal name="tmp_4" val="1"/>
</and_exp></or_exp>
</condition>

<Node id="41" bw="7" op_0_bw="32">
<![CDATA[
.preheader.preheader:1  %tmp_11 = trunc i32 %k to i7

]]></Node>
<StgValue><ssdm name="tmp_11"/></StgValue>
</operation>

<operation id="47" st_id="6" stage="1" lat="1">
<core>AddSub</core>
<MemPortIdVec></MemPortIdVec>
<condition id="65">
<or_exp><and_exp><literal name="tmp_4" val="1"/>
</and_exp></or_exp>
</condition>

<Node id="43" bw="7" op_0_bw="7" op_1_bw="7">
<![CDATA[
.preheader.preheader:3  %tmp_3_cast = add i7 47, %tmp_11

]]></Node>
<StgValue><ssdm name="tmp_3_cast"/></StgValue>
</operation>

<operation id="48" st_id="6" stage="1" lat="1">
<core>Sel</core>
<MemPortIdVec></MemPortIdVec>
<condition id="19">
<or_exp><and_exp></and_exp></or_exp>
</condition>

<Node id="45" bw="7" op_0_bw="1" op_1_bw="7" op_2_bw="7">
<![CDATA[
.preheader.preheader:5  %umax = select i1 %tmp_4, i7 %tmp_3_cast, i7 -41

]]></Node>
<StgValue><ssdm name="umax"/></StgValue>
</operation>

<operation id="49" st_id="6" stage="1" lat="1">
<core>NULL</core>
<MemPortIdVec></MemPortIdVec>
<condition id="19">
<or_exp><and_exp></and_exp></or_exp>
</condition>

<Node id="46" bw="32" op_0_bw="7">
<![CDATA[
.preheader.preheader:6  %umax_cast = sext i7 %umax to i32

]]></Node>
<StgValue><ssdm name="umax_cast"/></StgValue>
</operation>

<operation id="50" st_id="6" stage="1" lat="1">
<core>LogicGate</core>
<MemPortIdVec></MemPortIdVec>
<condition id="19">
<or_exp><and_exp></and_exp></or_exp>
</condition>

<Node id="47" bw="7" op_0_bw="7" op_1_bw="7">
<![CDATA[
.preheader.preheader:7  %i_3 = xor i7 %umax, -1

]]></Node>
<StgValue><ssdm name="i_3"/></StgValue>
</operation>

<operation id="51" st_id="6" stage="1" lat="1">
<core>TAddSub</core>
<MemPortIdVec></MemPortIdVec>
<condition id="19">
<or_exp><and_exp></and_exp></or_exp>
</condition>

<Node id="48" bw="32" op_0_bw="32" op_1_bw="32">
<![CDATA[
.preheader.preheader:8  %k_2 = sub i32 %tmp_1, %umax_cast

]]></Node>
<StgValue><ssdm name="k_2"/></StgValue>
</operation>

<operation id="52" st_id="6" stage="1" lat="1">
<core>TAddSub</core>
<MemPortIdVec></MemPortIdVec>
<condition id="19">
<or_exp><and_exp></and_exp></or_exp>
</condition>

<Node id="49" bw="32" op_0_bw="32" op_1_bw="32">
<![CDATA[
.preheader.preheader:9  %tmp_7 = add i32 -1, %l

]]></Node>
<StgValue><ssdm name="tmp_7"/></StgValue>
</operation>

<operation id="53" st_id="6" stage="1" lat="1">
<core>TAddSub</core>
<MemPortIdVec></MemPortIdVec>
<condition id="19">
<or_exp><and_exp></and_exp></or_exp>
</condition>

<Node id="50" bw="32" op_0_bw="32" op_1_bw="32">
<![CDATA[
.preheader.preheader:10  %tmp_8 = sub i32 %tmp_7, %umax_cast

]]></Node>
<StgValue><ssdm name="tmp_8"/></StgValue>
</operation>

<operation id="54" st_id="6" stage="1" lat="1">
<core>NULL</core>
<MemPortIdVec></MemPortIdVec>
<condition id="19">
<or_exp><and_exp></and_exp></or_exp>
</condition>

<Node id="51" bw="0" op_0_bw="0">
<![CDATA[
.preheader.preheader:11  br label %.preheader

]]></Node>
<StgValue><ssdm name=""/></StgValue>
</operation>
</state>

<state id="7" st_id="7">

<operation id="55" st_id="7" stage="1" lat="1">
<core>NULL</core>
<MemPortIdVec></MemPortIdVec>
<condition id="20">
<or_exp><and_exp></and_exp></or_exp>
</condition>

<Node id="53" bw="32" op_0_bw="32" op_1_bw="0">
<![CDATA[
.preheader:0  %k_1 = phi i32 [ %tmp_9, %4 ], [ %k, %.preheader.preheader ]

]]></Node>
<StgValue><ssdm name="k_1"/></StgValue>
</operation>

<operation id="56" st_id="7" stage="1" lat="1">
<core>NULL</core>
<MemPortIdVec></MemPortIdVec>
<condition id="20">
<or_exp><and_exp></and_exp></or_exp>
</condition>

<Node id="54" bw="32" op_0_bw="32" op_1_bw="0">
<![CDATA[
.preheader:1  %i_2 = phi i32 [ %tmp_s, %4 ], [ 0, %.preheader.preheader ]

]]></Node>
<StgValue><ssdm name="i_2"/></StgValue>
</operation>

<operation id="57" st_id="7" stage="1" lat="1">
<core>Cmp</core>
<MemPortIdVec></MemPortIdVec>
<condition id="20">
<or_exp><and_exp></and_exp></or_exp>
</condition>

<Node id="55" bw="1" op_0_bw="32" op_1_bw="32">
<![CDATA[
.preheader:2  %exitcond2 = icmp eq i32 %k_1, %k_2

]]></Node>
<StgValue><ssdm name="exitcond2"/></StgValue>
</operation>

<operation id="58" st_id="7" stage="1" lat="1">
<core>AddSub</core>
<MemPortIdVec></MemPortIdVec>
<condition id="20">
<or_exp><and_exp></and_exp></or_exp>
</condition>

<Node id="56" bw="32" op_0_bw="32" op_1_bw="32">
<![CDATA[
.preheader:3  %tmp_s = add nsw i32 %i_2, 1

]]></Node>
<StgValue><ssdm name="tmp_s"/></StgValue>
</operation>

<operation id="59" st_id="7" stage="1" lat="1">
<core>NULL</core>
<MemPortIdVec></MemPortIdVec>
<condition id="20">
<or_exp><and_exp></and_exp></or_exp>
</condition>

<Node id="57" bw="0" op_0_bw="1" op_1_bw="0" op_2_bw="0">
<![CDATA[
.preheader:4  br i1 %exitcond2, label %5, label %4

]]></Node>
<StgValue><ssdm name=""/></StgValue>
</operation>

<operation id="60" st_id="7" stage="1" lat="1">
<core>AddSub</core>
<MemPortIdVec></MemPortIdVec>
<condition id="22">
<or_exp><and_exp><literal name="exitcond2" val="0"/>
</and_exp></or_exp>
</condition>

<Node id="59" bw="32" op_0_bw="32" op_1_bw="32">
<![CDATA[
:0  %tmp_9 = add nsw i32 %k_1, 1

]]></Node>
<StgValue><ssdm name="tmp_9"/></StgValue>
</operation>

<operation id="61" st_id="7" stage="1" lat="1">
<core>NULL</core>
<MemPortIdVec></MemPortIdVec>
<condition id="22">
<or_exp><and_exp><literal name="exitcond2" val="0"/>
</and_exp></or_exp>
</condition>

<Node id="60" bw="13" op_0_bw="7" op_1_bw="32" op_2_bw="32">
<![CDATA[
:1  %in_key_addr = getelementptr [5200 x i7]* @in_key, i32 0, i32 %k_1

]]></Node>
<StgValue><ssdm name="in_key_addr"/></StgValue>
</operation>

<operation id="62" st_id="7" stage="2" lat="2">
<core>ROM_nP</core>
<MemPortIdVec></MemPortIdVec>
<condition id="22">
<or_exp><and_exp><literal name="exitcond2" val="0"/>
</and_exp></or_exp>
</condition>

<Node id="61" bw="7" op_0_bw="13">
<![CDATA[
:2  %in_key_load = load i7* %in_key_addr, align 1

]]></Node>
<StgValue><ssdm name="in_key_load"/></StgValue>
</operation>

<operation id="63" st_id="7" stage="2" lat="2">
<core></core>
<MemPortIdVec></MemPortIdVec>
<condition id="24">
<or_exp><and_exp><literal name="exitcond2" val="1"/>
</and_exp></or_exp>
</condition>

<Node id="66" bw="32" op_0_bw="32" op_1_bw="7" op_2_bw="8" op_3_bw="7" op_4_bw="8" op_5_bw="32">
<![CDATA[
:0  %num_1 = call fastcc i32 @BF_cfb64_encrypt([40 x i7]* %indata, [40 x i8]* %outdata, i7 %i_3, [8 x i8]* %ivec, i32 %num) nounwind

]]></Node>
<StgValue><ssdm name="num_1"/></StgValue>
</operation>
</state>

<state id="8" st_id="8">

<operation id="64" st_id="8" stage="1" lat="2">
<core>ROM_nP</core>
<MemPortIdVec></MemPortIdVec>
<condition id="25">
<or_exp><and_exp></and_exp></or_exp>
</condition>

<Node id="61" bw="7" op_0_bw="13">
<![CDATA[
:2  %in_key_load = load i7* %in_key_addr, align 1

]]></Node>
<StgValue><ssdm name="in_key_load"/></StgValue>
</operation>

<operation id="65" st_id="8" stage="1" lat="1">
<core>NULL</core>
<MemPortIdVec></MemPortIdVec>
<condition id="25">
<or_exp><and_exp></and_exp></or_exp>
</condition>

<Node id="62" bw="6" op_0_bw="7" op_1_bw="32" op_2_bw="32">
<![CDATA[
:3  %indata_addr = getelementptr [40 x i7]* %indata, i32 0, i32 %i_2

]]></Node>
<StgValue><ssdm name="indata_addr"/></StgValue>
</operation>

<operation id="66" st_id="8" stage="1" lat="1">
<core>RAM</core>
<MemPortIdVec></MemPortIdVec>
<condition id="25">
<or_exp><and_exp></and_exp></or_exp>
</condition>

<Node id="63" bw="0" op_0_bw="7" op_1_bw="6">
<![CDATA[
:4  store i7 %in_key_load, i7* %indata_addr, align 1

]]></Node>
<StgValue><ssdm name=""/></StgValue>
</operation>

<operation id="67" st_id="8" stage="1" lat="1">
<core>NULL</core>
<MemPortIdVec></MemPortIdVec>
<condition id="25">
<or_exp><and_exp></and_exp></or_exp>
</condition>

<Node id="64" bw="0" op_0_bw="0">
<![CDATA[
:5  br label %.preheader

]]></Node>
<StgValue><ssdm name=""/></StgValue>
</operation>
</state>

<state id="9" st_id="9">

<operation id="68" st_id="9" stage="1" lat="2">
<core></core>
<MemPortIdVec></MemPortIdVec>
<condition id="26">
<or_exp><and_exp></and_exp></or_exp>
</condition>

<Node id="66" bw="32" op_0_bw="32" op_1_bw="7" op_2_bw="8" op_3_bw="7" op_4_bw="8" op_5_bw="32">
<![CDATA[
:0  %num_1 = call fastcc i32 @BF_cfb64_encrypt([40 x i7]* %indata, [40 x i8]* %outdata, i7 %i_3, [8 x i8]* %ivec, i32 %num) nounwind

]]></Node>
<StgValue><ssdm name="num_1"/></StgValue>
</operation>

<operation id="69" st_id="9" stage="1" lat="1">
<core>NULL</core>
<MemPortIdVec></MemPortIdVec>
<condition id="26">
<or_exp><and_exp></and_exp></or_exp>
</condition>

<Node id="67" bw="0" op_0_bw="0">
<![CDATA[
:1  br label %6

]]></Node>
<StgValue><ssdm name=""/></StgValue>
</operation>
</state>

<state id="10" st_id="10">

<operation id="70" st_id="10" stage="1" lat="1">
<core>NULL</core>
<MemPortIdVec></MemPortIdVec>
<condition id="27">
<or_exp><and_exp></and_exp></or_exp>
</condition>

<Node id="69" bw="32" op_0_bw="32" op_1_bw="0">
<![CDATA[
:0  %l_1 = phi i32 [ %l, %5 ], [ %tmp_5, %7 ]

]]></Node>
<StgValue><ssdm name="l_1"/></StgValue>
</operation>

<operation id="71" st_id="10" stage="1" lat="1">
<core>NULL</core>
<MemPortIdVec></MemPortIdVec>
<condition id="27">
<or_exp><and_exp></and_exp></or_exp>
</condition>

<Node id="70" bw="32" op_0_bw="32" op_1_bw="0">
<![CDATA[
:1  %j = phi i32 [ 0, %5 ], [ %j_1, %7 ]

]]></Node>
<StgValue><ssdm name="j"/></StgValue>
</operation>

<operation id="72" st_id="10" stage="1" lat="1">
<core>Cmp</core>
<MemPortIdVec></MemPortIdVec>
<condition id="27">
<or_exp><and_exp></and_exp></or_exp>
</condition>

<Node id="71" bw="1" op_0_bw="32" op_1_bw="32">
<![CDATA[
:2  %exitcond = icmp eq i32 %l_1, %tmp_8

]]></Node>
<StgValue><ssdm name="exitcond"/></StgValue>
</operation>

<operation id="73" st_id="10" stage="1" lat="1">
<core>AddSub</core>
<MemPortIdVec></MemPortIdVec>
<condition id="27">
<or_exp><and_exp></and_exp></or_exp>
</condition>

<Node id="72" bw="32" op_0_bw="32" op_1_bw="32">
<![CDATA[
:3  %j_1 = add nsw i32 %j, 1

]]></Node>
<StgValue><ssdm name="j_1"/></StgValue>
</operation>

<operation id="74" st_id="10" stage="1" lat="1">
<core>NULL</core>
<MemPortIdVec></MemPortIdVec>
<condition id="27">
<or_exp><and_exp></and_exp></or_exp>
</condition>

<Node id="73" bw="0" op_0_bw="1" op_1_bw="0" op_2_bw="0">
<![CDATA[
:4  br i1 %exitcond, label %.loopexit.loopexit, label %7

]]></Node>
<StgValue><ssdm name=""/></StgValue>
</operation>

<operation id="75" st_id="10" stage="1" lat="1">
<core>NULL</core>
<MemPortIdVec></MemPortIdVec>
<condition id="29">
<or_exp><and_exp><literal name="exitcond" val="0"/>
</and_exp></or_exp>
</condition>

<Node id="76" bw="6" op_0_bw="8" op_1_bw="32" op_2_bw="32">
<![CDATA[
:1  %outdata_addr = getelementptr inbounds [40 x i8]* %outdata, i32 0, i32 %j

]]></Node>
<StgValue><ssdm name="outdata_addr"/></StgValue>
</operation>

<operation id="76" st_id="10" stage="2" lat="2">
<core>RAM</core>
<MemPortIdVec></MemPortIdVec>
<condition id="29">
<or_exp><and_exp><literal name="exitcond" val="0"/>
</and_exp></or_exp>
</condition>

<Node id="77" bw="8" op_0_bw="6">
<![CDATA[
:2  %outdata_load = load i8* %outdata_addr, align 1

]]></Node>
<StgValue><ssdm name="outdata_load"/></StgValue>
</operation>

<operation id="77" st_id="10" stage="1" lat="1">
<core>AddSub</core>
<MemPortIdVec></MemPortIdVec>
<condition id="29">
<or_exp><and_exp><literal name="exitcond" val="0"/>
</and_exp></or_exp>
</condition>

<Node id="78" bw="32" op_0_bw="32" op_1_bw="32">
<![CDATA[
:3  %tmp_5 = add nsw i32 %l_1, 1

]]></Node>
<StgValue><ssdm name="tmp_5"/></StgValue>
</operation>

<operation id="78" st_id="10" stage="1" lat="1">
<core>NULL</core>
<MemPortIdVec></MemPortIdVec>
<condition id="29">
<or_exp><and_exp><literal name="exitcond" val="0"/>
</and_exp></or_exp>
</condition>

<Node id="79" bw="13" op_0_bw="8" op_1_bw="32" op_2_bw="32">
<![CDATA[
:4  %out_key_addr = getelementptr inbounds [5200 x i8]* @out_key, i32 0, i32 %l_1

]]></Node>
<StgValue><ssdm name="out_key_addr"/></StgValue>
</operation>

<operation id="79" st_id="10" stage="2" lat="2">
<core>ROM_nP</core>
<MemPortIdVec></MemPortIdVec>
<condition id="29">
<or_exp><and_exp><literal name="exitcond" val="0"/>
</and_exp></or_exp>
</condition>

<Node id="80" bw="8" op_0_bw="13">
<![CDATA[
:5  %out_key_load = load i8* %out_key_addr, align 1

]]></Node>
<StgValue><ssdm name="out_key_load"/></StgValue>
</operation>

<operation id="80" st_id="10" stage="1" lat="1">
<core>NULL</core>
<MemPortIdVec></MemPortIdVec>
<condition id="31">
<or_exp><and_exp><literal name="exitcond" val="1"/>
</and_exp></or_exp>
</condition>

<Node id="87" bw="0" op_0_bw="0">
<![CDATA[
.loopexit.loopexit:0  br label %.loopexit

]]></Node>
<StgValue><ssdm name=""/></StgValue>
</operation>
</state>

<state id="11" st_id="11">

<operation id="81" st_id="11" stage="1" lat="2">
<core>RAM</core>
<MemPortIdVec></MemPortIdVec>
<condition id="32">
<or_exp><and_exp></and_exp></or_exp>
</condition>

<Node id="77" bw="8" op_0_bw="6">
<![CDATA[
:2  %outdata_load = load i8* %outdata_addr, align 1

]]></Node>
<StgValue><ssdm name="outdata_load"/></StgValue>
</operation>

<operation id="82" st_id="11" stage="1" lat="2">
<core>ROM_nP</core>
<MemPortIdVec></MemPortIdVec>
<condition id="32">
<or_exp><and_exp></and_exp></or_exp>
</condition>

<Node id="80" bw="8" op_0_bw="13">
<![CDATA[
:5  %out_key_load = load i8* %out_key_addr, align 1

]]></Node>
<StgValue><ssdm name="out_key_load"/></StgValue>
</operation>

<operation id="83" st_id="11" stage="1" lat="1">
<core>Cmp</core>
<MemPortIdVec></MemPortIdVec>
<condition id="32">
<or_exp><and_exp></and_exp></or_exp>
</condition>

<Node id="81" bw="1" op_0_bw="8" op_1_bw="8">
<![CDATA[
:6  %tmp_6 = icmp ne i8 %outdata_load, %out_key_load

]]></Node>
<StgValue><ssdm name="tmp_6"/></StgValue>
</operation>
</state>

<state id="12" st_id="12">

<operation id="84" st_id="12" stage="1" lat="1">
<core>NULL</core>
<MemPortIdVec></MemPortIdVec>
<condition id="33">
<or_exp><and_exp></and_exp></or_exp>
</condition>

<Node id="75" bw="32" op_0_bw="32">
<![CDATA[
:0  %check_load_1 = load i32* %check

]]></Node>
<StgValue><ssdm name="check_load_1"/></StgValue>
</operation>

<operation id="85" st_id="12" stage="1" lat="1">
<core>NULL</core>
<MemPortIdVec></MemPortIdVec>
<condition id="33">
<or_exp><and_exp></and_exp></or_exp>
</condition>

<Node id="82" bw="32" op_0_bw="1">
<![CDATA[
:7  %tmp_10 = zext i1 %tmp_6 to i32

]]></Node>
<StgValue><ssdm name="tmp_10"/></StgValue>
</operation>

<operation id="86" st_id="12" stage="1" lat="1">
<core>AddSub</core>
<MemPortIdVec></MemPortIdVec>
<condition id="33">
<or_exp><and_exp></and_exp></or_exp>
</condition>

<Node id="83" bw="32" op_0_bw="32" op_1_bw="32">
<![CDATA[
:8  %check_1 = add nsw i32 %tmp_10, %check_load_1

]]></Node>
<StgValue><ssdm name="check_1"/></StgValue>
</operation>

<operation id="87" st_id="12" stage="1" lat="1">
<core>NULL</core>
<MemPortIdVec></MemPortIdVec>
<condition id="33">
<or_exp><and_exp></and_exp></or_exp>
</condition>

<Node id="84" bw="0" op_0_bw="32" op_1_bw="32">
<![CDATA[
:9  store i32 %check_1, i32* %check

]]></Node>
<StgValue><ssdm name=""/></StgValue>
</operation>

<operation id="88" st_id="12" stage="1" lat="1">
<core>NULL</core>
<MemPortIdVec></MemPortIdVec>
<condition id="33">
<or_exp><and_exp></and_exp></or_exp>
</condition>

<Node id="85" bw="0" op_0_bw="0">
<![CDATA[
:10  br label %6

]]></Node>
<StgValue><ssdm name=""/></StgValue>
</operation>
</state>
</state_list>


<ports>
</ports>


<dataflows>
</dataflows>


</stg>
