<?xml version="1.0" encoding="UTF-8"?>
<vivadoHLSLog:LogRoot xmlns:vivadoHLSLog="www.xilinx.com/vivadoHLSLog">
  <errorLogs>
    <logs>
      <synLog/>
      <simLog/>
      <mgLog/>
      <packageLog/>
      <csimLog>
        <logs message="ERROR: [SIM 211-100] 'csim_design' failed: compilation error(s)." projectName="pro" solutionName="solution3" date="2021-04-01T01:06:33.716+0530"/>
        <logs message="ERROR: [SIM 211-100] 'csim_design' failed: compilation error(s)." projectName="pro" solutionName="solution3" date="2021-04-01T01:04:41.002+0530"/>
      </csimLog>
    </logs>
  </errorLogs>
  <warningLogs>
    <logs>
      <synLog>
        <logs message="WARNING: [RTMG 210-274] Memory 'blowfish_main_ukey' is read-only, switch it to a ROM." projectName="pro" solutionName="solution1" date="2021-04-06T22:01:57.571+0530" type="Warning"/>
        <logs message="WARNING: [RTGEN 206-101] Global array 'key_S' will not be exposed as RTL port." projectName="pro" solutionName="solution1" date="2021-04-06T22:01:56.491+0530" type="Warning"/>
        <logs message="WARNING: [RTGEN 206-101] Global array 'key_P' will not be exposed as RTL port." projectName="pro" solutionName="solution1" date="2021-04-06T22:01:56.484+0530" type="Warning"/>
        <logs message="WARNING: [SCHED 204-68] The II Violation in module 'BF_set_key' (Loop: Loop 5): Unable to enforce a carried dependence constraint (II = 64, distance = 1, offset = 1)&#xD;&#xA;   between 'store' operation ('key_S_addr_write_ln149', ./bf_skey.c:149) of variable 'in[0]', ./bf_skey.c:148 on array 'key_S' and 'call' operation ('call_ret1', ./bf_skey.c:148) to 'BF_encrypt'." projectName="pro" solutionName="solution1" date="2021-04-06T22:01:52.213+0530" type="Warning"/>
        <logs message="WARNING: [SCHED 204-62] II = 63 is infeasible due to multiple pipeline iteration latency = 64 and incompatible II = 32 of 'call' operation ('call_ret1', ./bf_skey.c:148) to 'BF_encrypt'." projectName="pro" solutionName="solution1" date="2021-04-06T22:01:52.206+0530" type="Warning"/>
        <logs message="WARNING: [SCHED 204-62] II = 62 is infeasible due to multiple pipeline iteration latency = 64 and incompatible II = 32 of 'call' operation ('call_ret1', ./bf_skey.c:148) to 'BF_encrypt'." projectName="pro" solutionName="solution1" date="2021-04-06T22:01:52.200+0530" type="Warning"/>
        <logs message="WARNING: [SCHED 204-62] II = 61 is infeasible due to multiple pipeline iteration latency = 64 and incompatible II = 32 of 'call' operation ('call_ret1', ./bf_skey.c:148) to 'BF_encrypt'." projectName="pro" solutionName="solution1" date="2021-04-06T22:01:52.195+0530" type="Warning"/>
        <logs message="WARNING: [SCHED 204-62] II = 60 is infeasible due to multiple pipeline iteration latency = 64 and incompatible II = 32 of 'call' operation ('call_ret1', ./bf_skey.c:148) to 'BF_encrypt'." projectName="pro" solutionName="solution1" date="2021-04-06T22:01:52.186+0530" type="Warning"/>
        <logs message="WARNING: [SCHED 204-62] II = 59 is infeasible due to multiple pipeline iteration latency = 64 and incompatible II = 32 of 'call' operation ('call_ret1', ./bf_skey.c:148) to 'BF_encrypt'." projectName="pro" solutionName="solution1" date="2021-04-06T22:01:52.181+0530" type="Warning"/>
        <logs message="WARNING: [SCHED 204-62] II = 58 is infeasible due to multiple pipeline iteration latency = 64 and incompatible II = 32 of 'call' operation ('call_ret1', ./bf_skey.c:148) to 'BF_encrypt'." projectName="pro" solutionName="solution1" date="2021-04-06T22:01:52.176+0530" type="Warning"/>
        <logs message="WARNING: [SCHED 204-62] II = 57 is infeasible due to multiple pipeline iteration latency = 64 and incompatible II = 32 of 'call' operation ('call_ret1', ./bf_skey.c:148) to 'BF_encrypt'." projectName="pro" solutionName="solution1" date="2021-04-06T22:01:52.168+0530" type="Warning"/>
        <logs message="WARNING: [SCHED 204-62] II = 56 is infeasible due to multiple pipeline iteration latency = 64 and incompatible II = 32 of 'call' operation ('call_ret1', ./bf_skey.c:148) to 'BF_encrypt'." projectName="pro" solutionName="solution1" date="2021-04-06T22:01:52.162+0530" type="Warning"/>
        <logs message="WARNING: [SCHED 204-62] II = 55 is infeasible due to multiple pipeline iteration latency = 64 and incompatible II = 32 of 'call' operation ('call_ret1', ./bf_skey.c:148) to 'BF_encrypt'." projectName="pro" solutionName="solution1" date="2021-04-06T22:01:52.155+0530" type="Warning"/>
        <logs message="WARNING: [SCHED 204-62] II = 54 is infeasible due to multiple pipeline iteration latency = 64 and incompatible II = 32 of 'call' operation ('call_ret1', ./bf_skey.c:148) to 'BF_encrypt'." projectName="pro" solutionName="solution1" date="2021-04-06T22:01:52.148+0530" type="Warning"/>
        <logs message="WARNING: [SCHED 204-62] II = 53 is infeasible due to multiple pipeline iteration latency = 64 and incompatible II = 32 of 'call' operation ('call_ret1', ./bf_skey.c:148) to 'BF_encrypt'." projectName="pro" solutionName="solution1" date="2021-04-06T22:01:52.142+0530" type="Warning"/>
        <logs message="WARNING: [SCHED 204-62] II = 52 is infeasible due to multiple pipeline iteration latency = 64 and incompatible II = 32 of 'call' operation ('call_ret1', ./bf_skey.c:148) to 'BF_encrypt'." projectName="pro" solutionName="solution1" date="2021-04-06T22:01:52.135+0530" type="Warning"/>
        <logs message="WARNING: [SCHED 204-62] II = 51 is infeasible due to multiple pipeline iteration latency = 64 and incompatible II = 32 of 'call' operation ('call_ret1', ./bf_skey.c:148) to 'BF_encrypt'." projectName="pro" solutionName="solution1" date="2021-04-06T22:01:52.128+0530" type="Warning"/>
        <logs message="WARNING: [SCHED 204-62] II = 50 is infeasible due to multiple pipeline iteration latency = 64 and incompatible II = 32 of 'call' operation ('call_ret1', ./bf_skey.c:148) to 'BF_encrypt'." projectName="pro" solutionName="solution1" date="2021-04-06T22:01:52.121+0530" type="Warning"/>
        <logs message="WARNING: [SCHED 204-62] II = 49 is infeasible due to multiple pipeline iteration latency = 64 and incompatible II = 32 of 'call' operation ('call_ret1', ./bf_skey.c:148) to 'BF_encrypt'." projectName="pro" solutionName="solution1" date="2021-04-06T22:01:52.117+0530" type="Warning"/>
        <logs message="WARNING: [SCHED 204-62] II = 48 is infeasible due to multiple pipeline iteration latency = 64 and incompatible II = 32 of 'call' operation ('call_ret1', ./bf_skey.c:148) to 'BF_encrypt'." projectName="pro" solutionName="solution1" date="2021-04-06T22:01:52.112+0530" type="Warning"/>
        <logs message="WARNING: [SCHED 204-62] II = 47 is infeasible due to multiple pipeline iteration latency = 64 and incompatible II = 32 of 'call' operation ('call_ret1', ./bf_skey.c:148) to 'BF_encrypt'." projectName="pro" solutionName="solution1" date="2021-04-06T22:01:52.105+0530" type="Warning"/>
        <logs message="WARNING: [SCHED 204-62] II = 46 is infeasible due to multiple pipeline iteration latency = 64 and incompatible II = 32 of 'call' operation ('call_ret1', ./bf_skey.c:148) to 'BF_encrypt'." projectName="pro" solutionName="solution1" date="2021-04-06T22:01:52.100+0530" type="Warning"/>
        <logs message="WARNING: [SCHED 204-62] II = 45 is infeasible due to multiple pipeline iteration latency = 64 and incompatible II = 32 of 'call' operation ('call_ret1', ./bf_skey.c:148) to 'BF_encrypt'." projectName="pro" solutionName="solution1" date="2021-04-06T22:01:52.092+0530" type="Warning"/>
        <logs message="WARNING: [SCHED 204-62] II = 44 is infeasible due to multiple pipeline iteration latency = 64 and incompatible II = 32 of 'call' operation ('call_ret1', ./bf_skey.c:148) to 'BF_encrypt'." projectName="pro" solutionName="solution1" date="2021-04-06T22:01:52.085+0530" type="Warning"/>
        <logs message="WARNING: [SCHED 204-62] II = 43 is infeasible due to multiple pipeline iteration latency = 64 and incompatible II = 32 of 'call' operation ('call_ret1', ./bf_skey.c:148) to 'BF_encrypt'." projectName="pro" solutionName="solution1" date="2021-04-06T22:01:52.078+0530" type="Warning"/>
        <logs message="WARNING: [SCHED 204-62] II = 42 is infeasible due to multiple pipeline iteration latency = 64 and incompatible II = 32 of 'call' operation ('call_ret1', ./bf_skey.c:148) to 'BF_encrypt'." projectName="pro" solutionName="solution1" date="2021-04-06T22:01:52.072+0530" type="Warning"/>
        <logs message="WARNING: [SCHED 204-62] II = 41 is infeasible due to multiple pipeline iteration latency = 64 and incompatible II = 32 of 'call' operation ('call_ret1', ./bf_skey.c:148) to 'BF_encrypt'." projectName="pro" solutionName="solution1" date="2021-04-06T22:01:52.068+0530" type="Warning"/>
        <logs message="WARNING: [SCHED 204-62] II = 40 is infeasible due to multiple pipeline iteration latency = 64 and incompatible II = 32 of 'call' operation ('call_ret1', ./bf_skey.c:148) to 'BF_encrypt'." projectName="pro" solutionName="solution1" date="2021-04-06T22:01:52.063+0530" type="Warning"/>
        <logs message="WARNING: [SCHED 204-62] II = 39 is infeasible due to multiple pipeline iteration latency = 64 and incompatible II = 32 of 'call' operation ('call_ret1', ./bf_skey.c:148) to 'BF_encrypt'." projectName="pro" solutionName="solution1" date="2021-04-06T22:01:52.058+0530" type="Warning"/>
        <logs message="WARNING: [SCHED 204-62] II = 38 is infeasible due to multiple pipeline iteration latency = 64 and incompatible II = 32 of 'call' operation ('call_ret1', ./bf_skey.c:148) to 'BF_encrypt'." projectName="pro" solutionName="solution1" date="2021-04-06T22:01:52.052+0530" type="Warning"/>
        <logs message="WARNING: [SCHED 204-62] II = 37 is infeasible due to multiple pipeline iteration latency = 64 and incompatible II = 32 of 'call' operation ('call_ret1', ./bf_skey.c:148) to 'BF_encrypt'." projectName="pro" solutionName="solution1" date="2021-04-06T22:01:52.046+0530" type="Warning"/>
        <logs message="WARNING: [SCHED 204-62] II = 36 is infeasible due to multiple pipeline iteration latency = 64 and incompatible II = 32 of 'call' operation ('call_ret1', ./bf_skey.c:148) to 'BF_encrypt'." projectName="pro" solutionName="solution1" date="2021-04-06T22:01:52.039+0530" type="Warning"/>
        <logs message="WARNING: [SCHED 204-62] II = 35 is infeasible due to multiple pipeline iteration latency = 64 and incompatible II = 32 of 'call' operation ('call_ret1', ./bf_skey.c:148) to 'BF_encrypt'." projectName="pro" solutionName="solution1" date="2021-04-06T22:01:52.033+0530" type="Warning"/>
        <logs message="WARNING: [SCHED 204-62] II = 34 is infeasible due to multiple pipeline iteration latency = 64 and incompatible II = 32 of 'call' operation ('call_ret1', ./bf_skey.c:148) to 'BF_encrypt'." projectName="pro" solutionName="solution1" date="2021-04-06T22:01:52.026+0530" type="Warning"/>
        <logs message="WARNING: [SCHED 204-62] II = 33 is infeasible due to multiple pipeline iteration latency = 64 and incompatible II = 32 of 'call' operation ('call_ret1', ./bf_skey.c:148) to 'BF_encrypt'." projectName="pro" solutionName="solution1" date="2021-04-06T22:01:52.019+0530" type="Warning"/>
        <logs message="WARNING: [SCHED 204-68] The II Violation in module 'BF_set_key' (Loop: Loop 5): Unable to enforce a carried dependence constraint (II = 32, distance = 1, offset = 0)&#xD;&#xA;   between 'extractvalue' operation ('in[1]', ./bf_skey.c:148) and 'call' operation ('call_ret1', ./bf_skey.c:148) to 'BF_encrypt'." projectName="pro" solutionName="solution1" date="2021-04-06T22:01:52.011+0530" type="Warning"/>
        <logs message="WARNING: [SCHED 204-68] The II Violation in module 'BF_set_key' (Loop: Loop 4): Unable to enforce a carried dependence constraint (II = 64, distance = 1, offset = 1)&#xD;&#xA;   between 'store' operation ('key_P_addr_1_write_ln140', ./bf_skey.c:140) of variable 'in[0]', ./bf_skey.c:139 on array 'key_P' and 'call' operation ('call_ret', ./bf_skey.c:139) to 'BF_encrypt'." projectName="pro" solutionName="solution1" date="2021-04-06T22:01:51.995+0530" type="Warning"/>
        <logs message="WARNING: [SCHED 204-62] II = 63 is infeasible due to multiple pipeline iteration latency = 64 and incompatible II = 32 of 'call' operation ('call_ret', ./bf_skey.c:139) to 'BF_encrypt'." projectName="pro" solutionName="solution1" date="2021-04-06T22:01:51.990+0530" type="Warning"/>
        <logs message="WARNING: [SCHED 204-62] II = 62 is infeasible due to multiple pipeline iteration latency = 64 and incompatible II = 32 of 'call' operation ('call_ret', ./bf_skey.c:139) to 'BF_encrypt'." projectName="pro" solutionName="solution1" date="2021-04-06T22:01:51.987+0530" type="Warning"/>
        <logs message="WARNING: [SCHED 204-62] II = 61 is infeasible due to multiple pipeline iteration latency = 64 and incompatible II = 32 of 'call' operation ('call_ret', ./bf_skey.c:139) to 'BF_encrypt'." projectName="pro" solutionName="solution1" date="2021-04-06T22:01:51.983+0530" type="Warning"/>
        <logs message="WARNING: [SCHED 204-62] II = 60 is infeasible due to multiple pipeline iteration latency = 64 and incompatible II = 32 of 'call' operation ('call_ret', ./bf_skey.c:139) to 'BF_encrypt'." projectName="pro" solutionName="solution1" date="2021-04-06T22:01:51.978+0530" type="Warning"/>
        <logs message="WARNING: [SCHED 204-62] II = 59 is infeasible due to multiple pipeline iteration latency = 64 and incompatible II = 32 of 'call' operation ('call_ret', ./bf_skey.c:139) to 'BF_encrypt'." projectName="pro" solutionName="solution1" date="2021-04-06T22:01:51.973+0530" type="Warning"/>
        <logs message="WARNING: [SCHED 204-62] II = 58 is infeasible due to multiple pipeline iteration latency = 64 and incompatible II = 32 of 'call' operation ('call_ret', ./bf_skey.c:139) to 'BF_encrypt'." projectName="pro" solutionName="solution1" date="2021-04-06T22:01:51.967+0530" type="Warning"/>
        <logs message="WARNING: [SCHED 204-62] II = 57 is infeasible due to multiple pipeline iteration latency = 64 and incompatible II = 32 of 'call' operation ('call_ret', ./bf_skey.c:139) to 'BF_encrypt'." projectName="pro" solutionName="solution1" date="2021-04-06T22:01:51.962+0530" type="Warning"/>
        <logs message="WARNING: [SCHED 204-62] II = 56 is infeasible due to multiple pipeline iteration latency = 64 and incompatible II = 32 of 'call' operation ('call_ret', ./bf_skey.c:139) to 'BF_encrypt'." projectName="pro" solutionName="solution1" date="2021-04-06T22:01:51.958+0530" type="Warning"/>
        <logs message="WARNING: [SCHED 204-62] II = 55 is infeasible due to multiple pipeline iteration latency = 64 and incompatible II = 32 of 'call' operation ('call_ret', ./bf_skey.c:139) to 'BF_encrypt'." projectName="pro" solutionName="solution1" date="2021-04-06T22:01:51.954+0530" type="Warning"/>
        <logs message="WARNING: [SCHED 204-62] II = 54 is infeasible due to multiple pipeline iteration latency = 64 and incompatible II = 32 of 'call' operation ('call_ret', ./bf_skey.c:139) to 'BF_encrypt'." projectName="pro" solutionName="solution1" date="2021-04-06T22:01:51.950+0530" type="Warning"/>
        <logs message="WARNING: [SCHED 204-62] II = 53 is infeasible due to multiple pipeline iteration latency = 64 and incompatible II = 32 of 'call' operation ('call_ret', ./bf_skey.c:139) to 'BF_encrypt'." projectName="pro" solutionName="solution1" date="2021-04-06T22:01:51.945+0530" type="Warning"/>
        <logs message="WARNING: [SCHED 204-62] II = 52 is infeasible due to multiple pipeline iteration latency = 64 and incompatible II = 32 of 'call' operation ('call_ret', ./bf_skey.c:139) to 'BF_encrypt'." projectName="pro" solutionName="solution1" date="2021-04-06T22:01:51.941+0530" type="Warning"/>
        <logs message="WARNING: [SCHED 204-62] II = 51 is infeasible due to multiple pipeline iteration latency = 64 and incompatible II = 32 of 'call' operation ('call_ret', ./bf_skey.c:139) to 'BF_encrypt'." projectName="pro" solutionName="solution1" date="2021-04-06T22:01:51.937+0530" type="Warning"/>
        <logs message="WARNING: [SCHED 204-62] II = 50 is infeasible due to multiple pipeline iteration latency = 64 and incompatible II = 32 of 'call' operation ('call_ret', ./bf_skey.c:139) to 'BF_encrypt'." projectName="pro" solutionName="solution1" date="2021-04-06T22:01:51.933+0530" type="Warning"/>
        <logs message="WARNING: [SCHED 204-62] II = 49 is infeasible due to multiple pipeline iteration latency = 64 and incompatible II = 32 of 'call' operation ('call_ret', ./bf_skey.c:139) to 'BF_encrypt'." projectName="pro" solutionName="solution1" date="2021-04-06T22:01:51.928+0530" type="Warning"/>
        <logs message="WARNING: [SCHED 204-62] II = 48 is infeasible due to multiple pipeline iteration latency = 64 and incompatible II = 32 of 'call' operation ('call_ret', ./bf_skey.c:139) to 'BF_encrypt'." projectName="pro" solutionName="solution1" date="2021-04-06T22:01:51.923+0530" type="Warning"/>
        <logs message="WARNING: [SCHED 204-62] II = 47 is infeasible due to multiple pipeline iteration latency = 64 and incompatible II = 32 of 'call' operation ('call_ret', ./bf_skey.c:139) to 'BF_encrypt'." projectName="pro" solutionName="solution1" date="2021-04-06T22:01:51.918+0530" type="Warning"/>
        <logs message="WARNING: [SCHED 204-62] II = 46 is infeasible due to multiple pipeline iteration latency = 64 and incompatible II = 32 of 'call' operation ('call_ret', ./bf_skey.c:139) to 'BF_encrypt'." projectName="pro" solutionName="solution1" date="2021-04-06T22:01:51.914+0530" type="Warning"/>
        <logs message="WARNING: [SCHED 204-62] II = 45 is infeasible due to multiple pipeline iteration latency = 64 and incompatible II = 32 of 'call' operation ('call_ret', ./bf_skey.c:139) to 'BF_encrypt'." projectName="pro" solutionName="solution1" date="2021-04-06T22:01:51.908+0530" type="Warning"/>
        <logs message="WARNING: [SCHED 204-62] II = 44 is infeasible due to multiple pipeline iteration latency = 64 and incompatible II = 32 of 'call' operation ('call_ret', ./bf_skey.c:139) to 'BF_encrypt'." projectName="pro" solutionName="solution1" date="2021-04-06T22:01:51.901+0530" type="Warning"/>
        <logs message="WARNING: [SCHED 204-62] II = 43 is infeasible due to multiple pipeline iteration latency = 64 and incompatible II = 32 of 'call' operation ('call_ret', ./bf_skey.c:139) to 'BF_encrypt'." projectName="pro" solutionName="solution1" date="2021-04-06T22:01:51.895+0530" type="Warning"/>
        <logs message="WARNING: [SCHED 204-62] II = 42 is infeasible due to multiple pipeline iteration latency = 64 and incompatible II = 32 of 'call' operation ('call_ret', ./bf_skey.c:139) to 'BF_encrypt'." projectName="pro" solutionName="solution1" date="2021-04-06T22:01:51.891+0530" type="Warning"/>
        <logs message="WARNING: [SCHED 204-62] II = 41 is infeasible due to multiple pipeline iteration latency = 64 and incompatible II = 32 of 'call' operation ('call_ret', ./bf_skey.c:139) to 'BF_encrypt'." projectName="pro" solutionName="solution1" date="2021-04-06T22:01:51.885+0530" type="Warning"/>
        <logs message="WARNING: [SCHED 204-62] II = 40 is infeasible due to multiple pipeline iteration latency = 64 and incompatible II = 32 of 'call' operation ('call_ret', ./bf_skey.c:139) to 'BF_encrypt'." projectName="pro" solutionName="solution1" date="2021-04-06T22:01:51.880+0530" type="Warning"/>
        <logs message="WARNING: [SCHED 204-62] II = 39 is infeasible due to multiple pipeline iteration latency = 64 and incompatible II = 32 of 'call' operation ('call_ret', ./bf_skey.c:139) to 'BF_encrypt'." projectName="pro" solutionName="solution1" date="2021-04-06T22:01:51.874+0530" type="Warning"/>
        <logs message="WARNING: [SCHED 204-62] II = 38 is infeasible due to multiple pipeline iteration latency = 64 and incompatible II = 32 of 'call' operation ('call_ret', ./bf_skey.c:139) to 'BF_encrypt'." projectName="pro" solutionName="solution1" date="2021-04-06T22:01:51.869+0530" type="Warning"/>
        <logs message="WARNING: [SCHED 204-62] II = 37 is infeasible due to multiple pipeline iteration latency = 64 and incompatible II = 32 of 'call' operation ('call_ret', ./bf_skey.c:139) to 'BF_encrypt'." projectName="pro" solutionName="solution1" date="2021-04-06T22:01:51.865+0530" type="Warning"/>
        <logs message="WARNING: [SCHED 204-62] II = 36 is infeasible due to multiple pipeline iteration latency = 64 and incompatible II = 32 of 'call' operation ('call_ret', ./bf_skey.c:139) to 'BF_encrypt'." projectName="pro" solutionName="solution1" date="2021-04-06T22:01:51.859+0530" type="Warning"/>
        <logs message="WARNING: [SCHED 204-62] II = 35 is infeasible due to multiple pipeline iteration latency = 64 and incompatible II = 32 of 'call' operation ('call_ret', ./bf_skey.c:139) to 'BF_encrypt'." projectName="pro" solutionName="solution1" date="2021-04-06T22:01:51.855+0530" type="Warning"/>
        <logs message="WARNING: [SCHED 204-62] II = 34 is infeasible due to multiple pipeline iteration latency = 64 and incompatible II = 32 of 'call' operation ('call_ret', ./bf_skey.c:139) to 'BF_encrypt'." projectName="pro" solutionName="solution1" date="2021-04-06T22:01:51.851+0530" type="Warning"/>
        <logs message="WARNING: [SCHED 204-62] II = 33 is infeasible due to multiple pipeline iteration latency = 64 and incompatible II = 32 of 'call' operation ('call_ret', ./bf_skey.c:139) to 'BF_encrypt'." projectName="pro" solutionName="solution1" date="2021-04-06T22:01:51.846+0530" type="Warning"/>
        <logs message="WARNING: [SCHED 204-68] The II Violation in module 'BF_set_key' (Loop: Loop 4): Unable to enforce a carried dependence constraint (II = 32, distance = 1, offset = 0)&#xD;&#xA;   between 'extractvalue' operation ('in[1]', ./bf_skey.c:139) and 'call' operation ('call_ret', ./bf_skey.c:139) to 'BF_encrypt'." projectName="pro" solutionName="solution1" date="2021-04-06T22:01:51.841+0530" type="Warning"/>
        <logs message="WARNING: [SCHED 204-69] Unable to schedule 'load' operation ('key_S_load_2', ./bf_enc.c:96) on array 'key_S' due to limited memory ports. Please consider using a memory core with more ports or partitioning the array 'key_S'." projectName="pro" solutionName="solution1" date="2021-04-06T22:01:50.711+0530" type="Warning"/>
        <logs message="WARNING: [RTMG 210-274] Memory 'blowfish_main_ukey' is read-only, switch it to a ROM." projectName="pro" solutionName="solution3" date="2021-04-01T01:01:30.351+0530" type="Warning"/>
        <logs message="WARNING: [RTGEN 206-101] Global array 'out_key' will not be exposed as RTL port." projectName="pro" solutionName="solution3" date="2021-04-01T01:01:27.915+0530" type="Warning"/>
        <logs message="WARNING: [RTGEN 206-101] Global array 'in_key' will not be exposed as RTL port." projectName="pro" solutionName="solution3" date="2021-04-01T01:01:27.904+0530" type="Warning"/>
        <logs message="WARNING: [RTGEN 206-101] Global array 'key_S' will not be exposed as RTL port." projectName="pro" solutionName="solution3" date="2021-04-01T01:01:27.884+0530" type="Warning"/>
        <logs message="WARNING: [RTGEN 206-101] Global array 'bf_init_S' will not be exposed as RTL port." projectName="pro" solutionName="solution3" date="2021-04-01T01:01:27.873+0530" type="Warning"/>
        <logs message="WARNING: [RTGEN 206-101] Global array 'key_P' will not be exposed as RTL port." projectName="pro" solutionName="solution3" date="2021-04-01T01:01:27.863+0530" type="Warning"/>
        <logs message="WARNING: [RTGEN 206-101] Global array 'bf_init_P' will not be exposed as RTL port." projectName="pro" solutionName="solution3" date="2021-04-01T01:01:27.852+0530" type="Warning"/>
        <logs message="WARNING: [SCHED 204-68] Unable to enforce a carried dependence constraint (II = 64, distance = 1, offset = 1)&#xD;&#xA;   between 'store' operation (./bf_skey.c:149) of variable 'in[0]', ./bf_skey.c:148 on array 'key_S' and 'call' operation ('call_ret1', ./bf_skey.c:148) to 'BF_encrypt'." projectName="pro" solutionName="solution3" date="2021-04-01T01:01:20.153+0530" type="Warning"/>
        <logs message="WARNING: [SCHED 204-62] II = 63 is infeasible due to multiple pipeline iteration latency = 64 and incompatible II = 32 of 'call' operation ('call_ret1', ./bf_skey.c:148) to 'BF_encrypt'." projectName="pro" solutionName="solution3" date="2021-04-01T01:01:20.142+0530" type="Warning"/>
        <logs message="WARNING: [SCHED 204-62] II = 62 is infeasible due to multiple pipeline iteration latency = 64 and incompatible II = 32 of 'call' operation ('call_ret1', ./bf_skey.c:148) to 'BF_encrypt'." projectName="pro" solutionName="solution3" date="2021-04-01T01:01:20.132+0530" type="Warning"/>
        <logs message="WARNING: [SCHED 204-62] II = 61 is infeasible due to multiple pipeline iteration latency = 64 and incompatible II = 32 of 'call' operation ('call_ret1', ./bf_skey.c:148) to 'BF_encrypt'." projectName="pro" solutionName="solution3" date="2021-04-01T01:01:20.121+0530" type="Warning"/>
        <logs message="WARNING: [SCHED 204-62] II = 60 is infeasible due to multiple pipeline iteration latency = 64 and incompatible II = 32 of 'call' operation ('call_ret1', ./bf_skey.c:148) to 'BF_encrypt'." projectName="pro" solutionName="solution3" date="2021-04-01T01:01:20.102+0530" type="Warning"/>
        <logs message="WARNING: [SCHED 204-62] II = 59 is infeasible due to multiple pipeline iteration latency = 64 and incompatible II = 32 of 'call' operation ('call_ret1', ./bf_skey.c:148) to 'BF_encrypt'." projectName="pro" solutionName="solution3" date="2021-04-01T01:01:20.075+0530" type="Warning"/>
        <logs message="WARNING: [SCHED 204-62] II = 58 is infeasible due to multiple pipeline iteration latency = 64 and incompatible II = 32 of 'call' operation ('call_ret1', ./bf_skey.c:148) to 'BF_encrypt'." projectName="pro" solutionName="solution3" date="2021-04-01T01:01:20.065+0530" type="Warning"/>
        <logs message="WARNING: [SCHED 204-62] II = 57 is infeasible due to multiple pipeline iteration latency = 64 and incompatible II = 32 of 'call' operation ('call_ret1', ./bf_skey.c:148) to 'BF_encrypt'." projectName="pro" solutionName="solution3" date="2021-04-01T01:01:20.048+0530" type="Warning"/>
        <logs message="WARNING: [SCHED 204-62] II = 56 is infeasible due to multiple pipeline iteration latency = 64 and incompatible II = 32 of 'call' operation ('call_ret1', ./bf_skey.c:148) to 'BF_encrypt'." projectName="pro" solutionName="solution3" date="2021-04-01T01:01:20.037+0530" type="Warning"/>
        <logs message="WARNING: [SCHED 204-62] II = 55 is infeasible due to multiple pipeline iteration latency = 64 and incompatible II = 32 of 'call' operation ('call_ret1', ./bf_skey.c:148) to 'BF_encrypt'." projectName="pro" solutionName="solution3" date="2021-04-01T01:01:20.027+0530" type="Warning"/>
        <logs message="WARNING: [SCHED 204-62] II = 54 is infeasible due to multiple pipeline iteration latency = 64 and incompatible II = 32 of 'call' operation ('call_ret1', ./bf_skey.c:148) to 'BF_encrypt'." projectName="pro" solutionName="solution3" date="2021-04-01T01:01:20.018+0530" type="Warning"/>
        <logs message="WARNING: [SCHED 204-62] II = 53 is infeasible due to multiple pipeline iteration latency = 64 and incompatible II = 32 of 'call' operation ('call_ret1', ./bf_skey.c:148) to 'BF_encrypt'." projectName="pro" solutionName="solution3" date="2021-04-01T01:01:20.007+0530" type="Warning"/>
        <logs message="WARNING: [SCHED 204-62] II = 52 is infeasible due to multiple pipeline iteration latency = 64 and incompatible II = 32 of 'call' operation ('call_ret1', ./bf_skey.c:148) to 'BF_encrypt'." projectName="pro" solutionName="solution3" date="2021-04-01T01:01:19.996+0530" type="Warning"/>
        <logs message="WARNING: [SCHED 204-62] II = 51 is infeasible due to multiple pipeline iteration latency = 64 and incompatible II = 32 of 'call' operation ('call_ret1', ./bf_skey.c:148) to 'BF_encrypt'." projectName="pro" solutionName="solution3" date="2021-04-01T01:01:19.982+0530" type="Warning"/>
        <logs message="WARNING: [SCHED 204-62] II = 50 is infeasible due to multiple pipeline iteration latency = 64 and incompatible II = 32 of 'call' operation ('call_ret1', ./bf_skey.c:148) to 'BF_encrypt'." projectName="pro" solutionName="solution3" date="2021-04-01T01:01:19.972+0530" type="Warning"/>
        <logs message="WARNING: [SCHED 204-62] II = 49 is infeasible due to multiple pipeline iteration latency = 64 and incompatible II = 32 of 'call' operation ('call_ret1', ./bf_skey.c:148) to 'BF_encrypt'." projectName="pro" solutionName="solution3" date="2021-04-01T01:01:19.960+0530" type="Warning"/>
        <logs message="WARNING: [SCHED 204-62] II = 48 is infeasible due to multiple pipeline iteration latency = 64 and incompatible II = 32 of 'call' operation ('call_ret1', ./bf_skey.c:148) to 'BF_encrypt'." projectName="pro" solutionName="solution3" date="2021-04-01T01:01:19.949+0530" type="Warning"/>
        <logs message="WARNING: [SCHED 204-62] II = 47 is infeasible due to multiple pipeline iteration latency = 64 and incompatible II = 32 of 'call' operation ('call_ret1', ./bf_skey.c:148) to 'BF_encrypt'." projectName="pro" solutionName="solution3" date="2021-04-01T01:01:19.907+0530" type="Warning"/>
        <logs message="WARNING: [SCHED 204-62] II = 46 is infeasible due to multiple pipeline iteration latency = 64 and incompatible II = 32 of 'call' operation ('call_ret1', ./bf_skey.c:148) to 'BF_encrypt'." projectName="pro" solutionName="solution3" date="2021-04-01T01:01:19.893+0530" type="Warning"/>
        <logs message="WARNING: [SCHED 204-62] II = 45 is infeasible due to multiple pipeline iteration latency = 64 and incompatible II = 32 of 'call' operation ('call_ret1', ./bf_skey.c:148) to 'BF_encrypt'." projectName="pro" solutionName="solution3" date="2021-04-01T01:01:19.882+0530" type="Warning"/>
        <logs message="WARNING: [SCHED 204-62] II = 44 is infeasible due to multiple pipeline iteration latency = 64 and incompatible II = 32 of 'call' operation ('call_ret1', ./bf_skey.c:148) to 'BF_encrypt'." projectName="pro" solutionName="solution3" date="2021-04-01T01:01:19.870+0530" type="Warning"/>
        <logs message="WARNING: [SCHED 204-62] II = 43 is infeasible due to multiple pipeline iteration latency = 64 and incompatible II = 32 of 'call' operation ('call_ret1', ./bf_skey.c:148) to 'BF_encrypt'." projectName="pro" solutionName="solution3" date="2021-04-01T01:01:19.859+0530" type="Warning"/>
        <logs message="WARNING: [SCHED 204-62] II = 42 is infeasible due to multiple pipeline iteration latency = 64 and incompatible II = 32 of 'call' operation ('call_ret1', ./bf_skey.c:148) to 'BF_encrypt'." projectName="pro" solutionName="solution3" date="2021-04-01T01:01:19.844+0530" type="Warning"/>
        <logs message="WARNING: [SCHED 204-62] II = 41 is infeasible due to multiple pipeline iteration latency = 64 and incompatible II = 32 of 'call' operation ('call_ret1', ./bf_skey.c:148) to 'BF_encrypt'." projectName="pro" solutionName="solution3" date="2021-04-01T01:01:19.832+0530" type="Warning"/>
        <logs message="WARNING: [SCHED 204-62] II = 40 is infeasible due to multiple pipeline iteration latency = 64 and incompatible II = 32 of 'call' operation ('call_ret1', ./bf_skey.c:148) to 'BF_encrypt'." projectName="pro" solutionName="solution3" date="2021-04-01T01:01:19.818+0530" type="Warning"/>
        <logs message="WARNING: [SCHED 204-62] II = 39 is infeasible due to multiple pipeline iteration latency = 64 and incompatible II = 32 of 'call' operation ('call_ret1', ./bf_skey.c:148) to 'BF_encrypt'." projectName="pro" solutionName="solution3" date="2021-04-01T01:01:19.808+0530" type="Warning"/>
        <logs message="WARNING: [SCHED 204-62] II = 38 is infeasible due to multiple pipeline iteration latency = 64 and incompatible II = 32 of 'call' operation ('call_ret1', ./bf_skey.c:148) to 'BF_encrypt'." projectName="pro" solutionName="solution3" date="2021-04-01T01:01:19.791+0530" type="Warning"/>
        <logs message="WARNING: [SCHED 204-62] II = 37 is infeasible due to multiple pipeline iteration latency = 64 and incompatible II = 32 of 'call' operation ('call_ret1', ./bf_skey.c:148) to 'BF_encrypt'." projectName="pro" solutionName="solution3" date="2021-04-01T01:01:19.782+0530" type="Warning"/>
        <logs message="WARNING: [SCHED 204-62] II = 36 is infeasible due to multiple pipeline iteration latency = 64 and incompatible II = 32 of 'call' operation ('call_ret1', ./bf_skey.c:148) to 'BF_encrypt'." projectName="pro" solutionName="solution3" date="2021-04-01T01:01:19.771+0530" type="Warning"/>
        <logs message="WARNING: [SCHED 204-62] II = 35 is infeasible due to multiple pipeline iteration latency = 64 and incompatible II = 32 of 'call' operation ('call_ret1', ./bf_skey.c:148) to 'BF_encrypt'." projectName="pro" solutionName="solution3" date="2021-04-01T01:01:19.760+0530" type="Warning"/>
        <logs message="WARNING: [SCHED 204-62] II = 34 is infeasible due to multiple pipeline iteration latency = 64 and incompatible II = 32 of 'call' operation ('call_ret1', ./bf_skey.c:148) to 'BF_encrypt'." projectName="pro" solutionName="solution3" date="2021-04-01T01:01:19.724+0530" type="Warning"/>
        <logs message="WARNING: [SCHED 204-62] II = 33 is infeasible due to multiple pipeline iteration latency = 64 and incompatible II = 32 of 'call' operation ('call_ret1', ./bf_skey.c:148) to 'BF_encrypt'." projectName="pro" solutionName="solution3" date="2021-04-01T01:01:19.713+0530" type="Warning"/>
        <logs message="WARNING: [SCHED 204-68] Unable to enforce a carried dependence constraint (II = 32, distance = 1, offset = 0)&#xD;&#xA;   between 'extractvalue' operation ('in[1]', ./bf_skey.c:148) and 'call' operation ('call_ret1', ./bf_skey.c:148) to 'BF_encrypt'." projectName="pro" solutionName="solution3" date="2021-04-01T01:01:19.691+0530" type="Warning"/>
        <logs message="WARNING: [SCHED 204-68] Unable to enforce a carried dependence constraint (II = 64, distance = 1, offset = 1)&#xD;&#xA;   between 'store' operation (./bf_skey.c:140) of variable 'in[0]', ./bf_skey.c:139 on array 'key_P' and 'call' operation ('call_ret', ./bf_skey.c:139) to 'BF_encrypt'." projectName="pro" solutionName="solution3" date="2021-04-01T01:01:19.669+0530" type="Warning"/>
        <logs message="WARNING: [SCHED 204-62] II = 63 is infeasible due to multiple pipeline iteration latency = 64 and incompatible II = 32 of 'call' operation ('call_ret', ./bf_skey.c:139) to 'BF_encrypt'." projectName="pro" solutionName="solution3" date="2021-04-01T01:01:19.658+0530" type="Warning"/>
        <logs message="WARNING: [SCHED 204-62] II = 62 is infeasible due to multiple pipeline iteration latency = 64 and incompatible II = 32 of 'call' operation ('call_ret', ./bf_skey.c:139) to 'BF_encrypt'." projectName="pro" solutionName="solution3" date="2021-04-01T01:01:19.644+0530" type="Warning"/>
        <logs message="WARNING: [SCHED 204-62] II = 61 is infeasible due to multiple pipeline iteration latency = 64 and incompatible II = 32 of 'call' operation ('call_ret', ./bf_skey.c:139) to 'BF_encrypt'." projectName="pro" solutionName="solution3" date="2021-04-01T01:01:19.633+0530" type="Warning"/>
        <logs message="WARNING: [SCHED 204-62] II = 60 is infeasible due to multiple pipeline iteration latency = 64 and incompatible II = 32 of 'call' operation ('call_ret', ./bf_skey.c:139) to 'BF_encrypt'." projectName="pro" solutionName="solution3" date="2021-04-01T01:01:19.621+0530" type="Warning"/>
        <logs message="WARNING: [SCHED 204-62] II = 59 is infeasible due to multiple pipeline iteration latency = 64 and incompatible II = 32 of 'call' operation ('call_ret', ./bf_skey.c:139) to 'BF_encrypt'." projectName="pro" solutionName="solution3" date="2021-04-01T01:01:19.610+0530" type="Warning"/>
        <logs message="WARNING: [SCHED 204-62] II = 58 is infeasible due to multiple pipeline iteration latency = 64 and incompatible II = 32 of 'call' operation ('call_ret', ./bf_skey.c:139) to 'BF_encrypt'." projectName="pro" solutionName="solution3" date="2021-04-01T01:01:19.587+0530" type="Warning"/>
        <logs message="WARNING: [SCHED 204-62] II = 57 is infeasible due to multiple pipeline iteration latency = 64 and incompatible II = 32 of 'call' operation ('call_ret', ./bf_skey.c:139) to 'BF_encrypt'." projectName="pro" solutionName="solution3" date="2021-04-01T01:01:19.575+0530" type="Warning"/>
        <logs message="WARNING: [SCHED 204-62] II = 56 is infeasible due to multiple pipeline iteration latency = 64 and incompatible II = 32 of 'call' operation ('call_ret', ./bf_skey.c:139) to 'BF_encrypt'." projectName="pro" solutionName="solution3" date="2021-04-01T01:01:19.558+0530" type="Warning"/>
        <logs message="WARNING: [SCHED 204-62] II = 55 is infeasible due to multiple pipeline iteration latency = 64 and incompatible II = 32 of 'call' operation ('call_ret', ./bf_skey.c:139) to 'BF_encrypt'." projectName="pro" solutionName="solution3" date="2021-04-01T01:01:19.536+0530" type="Warning"/>
        <logs message="WARNING: [SCHED 204-62] II = 54 is infeasible due to multiple pipeline iteration latency = 64 and incompatible II = 32 of 'call' operation ('call_ret', ./bf_skey.c:139) to 'BF_encrypt'." projectName="pro" solutionName="solution3" date="2021-04-01T01:01:19.521+0530" type="Warning"/>
        <logs message="WARNING: [SCHED 204-62] II = 53 is infeasible due to multiple pipeline iteration latency = 64 and incompatible II = 32 of 'call' operation ('call_ret', ./bf_skey.c:139) to 'BF_encrypt'." projectName="pro" solutionName="solution3" date="2021-04-01T01:01:19.510+0530" type="Warning"/>
        <logs message="WARNING: [SCHED 204-62] II = 52 is infeasible due to multiple pipeline iteration latency = 64 and incompatible II = 32 of 'call' operation ('call_ret', ./bf_skey.c:139) to 'BF_encrypt'." projectName="pro" solutionName="solution3" date="2021-04-01T01:01:19.500+0530" type="Warning"/>
        <logs message="WARNING: [SCHED 204-62] II = 51 is infeasible due to multiple pipeline iteration latency = 64 and incompatible II = 32 of 'call' operation ('call_ret', ./bf_skey.c:139) to 'BF_encrypt'." projectName="pro" solutionName="solution3" date="2021-04-01T01:01:19.490+0530" type="Warning"/>
        <logs message="WARNING: [SCHED 204-62] II = 50 is infeasible due to multiple pipeline iteration latency = 64 and incompatible II = 32 of 'call' operation ('call_ret', ./bf_skey.c:139) to 'BF_encrypt'." projectName="pro" solutionName="solution3" date="2021-04-01T01:01:19.479+0530" type="Warning"/>
        <logs message="WARNING: [SCHED 204-62] II = 49 is infeasible due to multiple pipeline iteration latency = 64 and incompatible II = 32 of 'call' operation ('call_ret', ./bf_skey.c:139) to 'BF_encrypt'." projectName="pro" solutionName="solution3" date="2021-04-01T01:01:19.467+0530" type="Warning"/>
        <logs message="WARNING: [SCHED 204-62] II = 48 is infeasible due to multiple pipeline iteration latency = 64 and incompatible II = 32 of 'call' operation ('call_ret', ./bf_skey.c:139) to 'BF_encrypt'." projectName="pro" solutionName="solution3" date="2021-04-01T01:01:19.453+0530" type="Warning"/>
        <logs message="WARNING: [SCHED 204-62] II = 47 is infeasible due to multiple pipeline iteration latency = 64 and incompatible II = 32 of 'call' operation ('call_ret', ./bf_skey.c:139) to 'BF_encrypt'." projectName="pro" solutionName="solution3" date="2021-04-01T01:01:19.435+0530" type="Warning"/>
        <logs message="WARNING: [SCHED 204-62] II = 46 is infeasible due to multiple pipeline iteration latency = 64 and incompatible II = 32 of 'call' operation ('call_ret', ./bf_skey.c:139) to 'BF_encrypt'." projectName="pro" solutionName="solution3" date="2021-04-01T01:01:19.425+0530" type="Warning"/>
        <logs message="WARNING: [SCHED 204-62] II = 45 is infeasible due to multiple pipeline iteration latency = 64 and incompatible II = 32 of 'call' operation ('call_ret', ./bf_skey.c:139) to 'BF_encrypt'." projectName="pro" solutionName="solution3" date="2021-04-01T01:01:19.399+0530" type="Warning"/>
        <logs message="WARNING: [SCHED 204-62] II = 44 is infeasible due to multiple pipeline iteration latency = 64 and incompatible II = 32 of 'call' operation ('call_ret', ./bf_skey.c:139) to 'BF_encrypt'." projectName="pro" solutionName="solution3" date="2021-04-01T01:01:19.389+0530" type="Warning"/>
        <logs message="WARNING: [SCHED 204-62] II = 43 is infeasible due to multiple pipeline iteration latency = 64 and incompatible II = 32 of 'call' operation ('call_ret', ./bf_skey.c:139) to 'BF_encrypt'." projectName="pro" solutionName="solution3" date="2021-04-01T01:01:19.378+0530" type="Warning"/>
        <logs message="WARNING: [SCHED 204-62] II = 42 is infeasible due to multiple pipeline iteration latency = 64 and incompatible II = 32 of 'call' operation ('call_ret', ./bf_skey.c:139) to 'BF_encrypt'." projectName="pro" solutionName="solution3" date="2021-04-01T01:01:19.367+0530" type="Warning"/>
        <logs message="WARNING: [SCHED 204-62] II = 41 is infeasible due to multiple pipeline iteration latency = 64 and incompatible II = 32 of 'call' operation ('call_ret', ./bf_skey.c:139) to 'BF_encrypt'." projectName="pro" solutionName="solution3" date="2021-04-01T01:01:19.357+0530" type="Warning"/>
        <logs message="WARNING: [SCHED 204-62] II = 40 is infeasible due to multiple pipeline iteration latency = 64 and incompatible II = 32 of 'call' operation ('call_ret', ./bf_skey.c:139) to 'BF_encrypt'." projectName="pro" solutionName="solution3" date="2021-04-01T01:01:19.338+0530" type="Warning"/>
        <logs message="WARNING: [SCHED 204-62] II = 39 is infeasible due to multiple pipeline iteration latency = 64 and incompatible II = 32 of 'call' operation ('call_ret', ./bf_skey.c:139) to 'BF_encrypt'." projectName="pro" solutionName="solution3" date="2021-04-01T01:01:19.320+0530" type="Warning"/>
        <logs message="WARNING: [SCHED 204-62] II = 38 is infeasible due to multiple pipeline iteration latency = 64 and incompatible II = 32 of 'call' operation ('call_ret', ./bf_skey.c:139) to 'BF_encrypt'." projectName="pro" solutionName="solution3" date="2021-04-01T01:01:19.310+0530" type="Warning"/>
        <logs message="WARNING: [SCHED 204-62] II = 37 is infeasible due to multiple pipeline iteration latency = 64 and incompatible II = 32 of 'call' operation ('call_ret', ./bf_skey.c:139) to 'BF_encrypt'." projectName="pro" solutionName="solution3" date="2021-04-01T01:01:19.292+0530" type="Warning"/>
        <logs message="WARNING: [SCHED 204-62] II = 36 is infeasible due to multiple pipeline iteration latency = 64 and incompatible II = 32 of 'call' operation ('call_ret', ./bf_skey.c:139) to 'BF_encrypt'." projectName="pro" solutionName="solution3" date="2021-04-01T01:01:19.281+0530" type="Warning"/>
        <logs message="WARNING: [SCHED 204-62] II = 35 is infeasible due to multiple pipeline iteration latency = 64 and incompatible II = 32 of 'call' operation ('call_ret', ./bf_skey.c:139) to 'BF_encrypt'." projectName="pro" solutionName="solution3" date="2021-04-01T01:01:19.267+0530" type="Warning"/>
        <logs message="WARNING: [SCHED 204-62] II = 34 is infeasible due to multiple pipeline iteration latency = 64 and incompatible II = 32 of 'call' operation ('call_ret', ./bf_skey.c:139) to 'BF_encrypt'." projectName="pro" solutionName="solution3" date="2021-04-01T01:01:19.251+0530" type="Warning"/>
        <logs message="WARNING: [SCHED 204-62] II = 33 is infeasible due to multiple pipeline iteration latency = 64 and incompatible II = 32 of 'call' operation ('call_ret', ./bf_skey.c:139) to 'BF_encrypt'." projectName="pro" solutionName="solution3" date="2021-04-01T01:01:19.240+0530" type="Warning"/>
        <logs message="WARNING: [SCHED 204-68] Unable to enforce a carried dependence constraint (II = 32, distance = 1, offset = 0)&#xD;&#xA;   between 'extractvalue' operation ('in[1]', ./bf_skey.c:139) and 'call' operation ('call_ret', ./bf_skey.c:139) to 'BF_encrypt'." projectName="pro" solutionName="solution3" date="2021-04-01T01:01:19.231+0530" type="Warning"/>
        <logs message="WARNING: [SCHED 204-69] Unable to schedule 'load' operation ('key_S_load_2', ./bf_enc.c:96) on array 'key_S' due to limited memory ports." projectName="pro" solutionName="solution3" date="2021-04-01T01:01:17.637+0530" type="Warning"/>
        <logs message="WARNING: [HLS 200-40] Cannot find library 'xilinx/null/null'." projectName="pro" solutionName="solution3" date="2021-04-01T01:01:09.394+0530" type="Warning"/>
        <logs message="WARNING: [HLS 200-40] Cannot find library 'C:/Xilinx/Vivado_HLS/2017.2/common/technology/xilinx/null/null.lib'." projectName="pro" solutionName="solution3" date="2021-04-01T01:01:09.063+0530" type="Warning"/>
        <logs message="WARNING: [RTMG 210-274] Memory 'blowfish_main_ukey' is read-only, switch it to a ROM." projectName="pro" solutionName="solution2" date="2021-04-01T00:55:52.358+0530" type="Warning"/>
        <logs message="WARNING: [RTGEN 206-101] Global array 'out_key' will not be exposed as RTL port." projectName="pro" solutionName="solution2" date="2021-04-01T00:55:50.061+0530" type="Warning"/>
        <logs message="WARNING: [RTGEN 206-101] Global array 'in_key' will not be exposed as RTL port." projectName="pro" solutionName="solution2" date="2021-04-01T00:55:50.043+0530" type="Warning"/>
        <logs message="WARNING: [RTGEN 206-101] Global array 'key_S' will not be exposed as RTL port." projectName="pro" solutionName="solution2" date="2021-04-01T00:55:49.996+0530" type="Warning"/>
        <logs message="WARNING: [RTGEN 206-101] Global array 'bf_init_S' will not be exposed as RTL port." projectName="pro" solutionName="solution2" date="2021-04-01T00:55:49.979+0530" type="Warning"/>
        <logs message="WARNING: [RTGEN 206-101] Global array 'key_P' will not be exposed as RTL port." projectName="pro" solutionName="solution2" date="2021-04-01T00:55:49.970+0530" type="Warning"/>
        <logs message="WARNING: [RTGEN 206-101] Global array 'bf_init_P' will not be exposed as RTL port." projectName="pro" solutionName="solution2" date="2021-04-01T00:55:49.934+0530" type="Warning"/>
      </synLog>
      <simLog/>
      <mgLog/>
      <packageLog/>
      <csimLog>
        <logs message="WARNING: [HLS 200-40] Cannot find library 'xilinx/null/null'." projectName="pro" solutionName="solution3" date="2021-04-01T01:11:37.984+0530" type="Warning"/>
        <logs message="WARNING: [HLS 200-40] Cannot find library 'C:/Xilinx/Vivado_HLS/2017.2/common/technology/xilinx/null/null.lib'." projectName="pro" solutionName="solution3" date="2021-04-01T01:11:37.684+0530" type="Warning"/>
        <logs message="WARNING: [HLS 200-40] Cannot find library 'xilinx/null/null'." projectName="pro" solutionName="solution3" date="2021-04-01T01:11:02.191+0530" type="Warning"/>
        <logs message="WARNING: [HLS 200-40] Cannot find library 'C:/Xilinx/Vivado_HLS/2017.2/common/technology/xilinx/null/null.lib'." projectName="pro" solutionName="solution3" date="2021-04-01T01:11:01.789+0530" type="Warning"/>
        <logs message="WARNING: [HLS 200-40] Cannot find library 'xilinx/null/null'." projectName="pro" solutionName="solution3" date="2021-04-01T01:09:07.718+0530" type="Warning"/>
        <logs message="WARNING: [HLS 200-40] Cannot find library 'C:/Xilinx/Vivado_HLS/2017.2/common/technology/xilinx/null/null.lib'." projectName="pro" solutionName="solution3" date="2021-04-01T01:09:07.389+0530" type="Warning"/>
        <logs message="WARNING: [HLS 200-40] Cannot find library 'xilinx/null/null'." projectName="pro" solutionName="solution3" date="2021-04-01T01:06:19.591+0530" type="Warning"/>
        <logs message="WARNING: [HLS 200-40] Cannot find library 'C:/Xilinx/Vivado_HLS/2017.2/common/technology/xilinx/null/null.lib'." projectName="pro" solutionName="solution3" date="2021-04-01T01:06:19.232+0530" type="Warning"/>
        <logs message="WARNING: [HLS 200-40] Cannot find library 'xilinx/null/null'." projectName="pro" solutionName="solution3" date="2021-04-01T01:04:26.581+0530" type="Warning"/>
        <logs message="WARNING: [HLS 200-40] Cannot find library 'C:/Xilinx/Vivado_HLS/2017.2/common/technology/xilinx/null/null.lib'." projectName="pro" solutionName="solution3" date="2021-04-01T01:04:26.195+0530" type="Warning"/>
        <logs message="WARNING: [HLS 200-40] Cannot find library 'xilinx/null/null'." projectName="pro" solutionName="solution2" date="2021-04-01T00:57:32.357+0530" type="Warning"/>
        <logs message="WARNING: [HLS 200-40] Cannot find library 'C:/Xilinx/Vivado_HLS/2017.2/common/technology/xilinx/null/null.lib'." projectName="pro" solutionName="solution2" date="2021-04-01T00:57:31.987+0530" type="Warning"/>
      </csimLog>
    </logs>
  </warningLogs>
</vivadoHLSLog:LogRoot>
